{
 "type": "FeatureCollection",
 "name": "bundeslaender",
 "features": [
  {
   "type": "Feature",
   "properties": {
    "key": "sh",
    "name": "Schleswig-Holstein",
    "bez": "Land",
    "ars": "01",
    "nuts": "DEF",
    "status": "alkis only",
    "lidar_dgm1": true,
    "lidar_las": false,
    "lidar_script": null,
    "lidar_bbox": null,
    "lidar_note": "gaialight app; overview.php returns an empty FeatureCollection without the app's internal filter state. No point cloud published.",
    "alkis": "full",
    "alkis_engine": "aria2",
    "alkis_spatial": "package",
    "sample_bbox": "453,6083,458,6088",
    "sample_epsg": 25832,
    "sample_place": "Westerland"
   },
   "geometry": {
    "type": "MultiPolygon",
    "coordinates": [
     [
      [
       [
        8.71306,
        54.67763
       ],
       [
        8.68121,
        54.6734
       ],
       [
        8.68023,
        54.6757
       ],
       [
        8.69702,
        54.68052
       ],
       [
        8.71306,
        54.67763
       ]
      ]
     ],
     [
      [
       [
        7.89896,
        54.17729
       ],
       [
        7.88915,
        54.17225
       ],
       [
        7.8873,
        54.17576
       ],
       [
        7.88691,
        54.17613
       ],
       [
        7.87824,
        54.18262
       ],
       [
        7.87568,
        54.18415
       ],
       [
        7.86851,
        54.18788
       ],
       [
        7.86892,
        54.18809
       ],
       [
        7.87012,
        54.18841
       ],
       [
        7.87109,
        54.18856
       ],
       [
        7.8719,
        54.18862
       ],
       [
        7.88187,
        54.1889
       ],
       [
        7.88367,
        54.18877
       ],
       [
        7.88547,
        54.18843
       ],
       [
        7.89176,
        54.18663
       ],
       [
        7.89332,
        54.18597
       ],
       [
        7.89463,
        54.18517
       ],
       [
        7.89727,
        54.18178
       ],
       [
        7.89843,
        54.17936
       ],
       [
        7.89896,
        54.17729
       ]
      ]
     ],
     [
      [
       [
        8.72403,
        54.62772
       ],
       [
        8.7224,
        54.62746
       ],
       [
        8.72087,
        54.62751
       ],
       [
        8.71961,
        54.62764
       ],
       [
        8.71777,
        54.62803
       ],
       [
        8.7159,
        54.62853
       ],
       [
        8.7144,
        54.62929
       ],
       [
        8.7131,
        54.63015
       ],
       [
        8.71198,
        54.63105
       ],
       [
        8.71158,
        54.63164
       ],
       [
        8.71123,
        54.63232
       ],
       [
        8.71119,
        54.63312
       ],
       [
        8.7113,
        54.63376
       ],
       [
        8.71183,
        54.63498
       ],
       [
        8.71452,
        54.63877
       ],
       [
        8.7149,
        54.63913
       ],
       [
        8.7162,
        54.63965
       ],
       [
        8.71796,
        54.64002
       ],
       [
        8.72633,
        54.64058
       ],
       [
        8.72757,
        54.6408
       ],
       [
        8.72904,
        54.64113
       ],
       [
        8.73002,
        54.64151
       ],
       [
        8.73372,
        54.64341
       ],
       [
        8.73451,
        54.64327
       ],
       [
        8.7357,
        54.64263
       ],
       [
        8.73727,
        54.64134
       ],
       [
        8.73837,
        54.63973
       ],
       [
        8.73858,
        54.63838
       ],
       [
        8.73874,
        54.63611
       ],
       [
        8.73813,
        54.63486
       ],
       [
        8.73709,
        54.63368
       ],
       [
        8.73599,
        54.6327
       ],
       [
        8.73468,
        54.63175
       ],
       [
        8.73261,
        54.63055
       ],
       [
        8.73029,
        54.62965
       ],
       [
        8.72764,
        54.62874
       ],
       [
        8.72403,
        54.62772
       ]
      ]
     ],
     [
      [
       [
        8.6876,
        54.05944
       ],
       [
        8.69258,
        54.04622
       ],
       [
        8.68849,
        54.04692
       ],
       [
        8.68503,
        54.04754
       ],
       [
        8.68054,
        54.0495
       ],
       [
        8.67869,
        54.05093
       ],
       [
        8.6776,
        54.05226
       ],
       [
        8.67671,
        54.05555
       ],
       [
        8.67678,
        54.05793
       ],
       [
        8.67728,
        54.05974
       ],
       [
        8.67971,
        54.064
       ],
       [
        8.68204,
        54.06639
       ],
       [
        8.68439,
        54.06801
       ],
       [
        8.68935,
        54.0707
       ],
       [
        8.69373,
        54.07177
       ],
       [
        8.69938,
        54.07191
       ],
       [
        8.70197,
        54.06935
       ],
       [
        8.6876,
        54.05944
       ]
      ]
     ],
     [
      [
       [
        8.82431,
        54.54276
       ],
       [
        8.82307,
        54.54257
       ],
       [
        8.82132,
        54.54273
       ],
       [
        8.81915,
        54.54319
       ],
       [
        8.79169,
        54.54912
       ],
       [
        8.79001,
        54.54987
       ],
       [
        8.78863,
        54.55075
       ],
       [
        8.78818,
        54.55144
       ],
       [
        8.78852,
        54.55186
       ],
       [
        8.79076,
        54.55272
       ],
       [
        8.79989,
        54.55492
       ],
       [
        8.80219,
        54.55531
       ],
       [
        8.80452,
        54.55554
       ],
       [
        8.80687,
        54.55544
       ],
       [
        8.81193,
        54.55435
       ],
       [
        8.83179,
        54.55293
       ],
       [
        8.83444,
        54.54875
       ],
       [
        8.83522,
        54.54707
       ],
       [
        8.82564,
        54.54321
       ],
       [
        8.82431,
        54.54276
       ]
      ]
     ],
     [
      [
       [
        8.52109,
        54.57821
       ],
       [
        8.53073,
        54.57557
       ],
       [
        8.54871,
        54.57928
       ],
       [
        8.5521,
        54.57917
       ],
       [
        8.55435,
        54.57899
       ],
       [
        8.5562,
        54.57858
       ],
       [
        8.55756,
        54.57808
       ],
       [
        8.55873,
        54.57752
       ],
       [
        8.57314,
        54.56576
       ],
       [
        8.57338,
        54.56518
       ],
       [
        8.57381,
        54.56321
       ],
       [
        8.57375,
        54.56243
       ],
       [
        8.57341,
        54.55966
       ],
       [
        8.57288,
        54.55922
       ],
       [
        8.57144,
        54.5584
       ],
       [
        8.5695,
        54.55791
       ],
       [
        8.56871,
        54.5578
       ],
       [
        8.56367,
        54.55718
       ],
       [
        8.55027,
        54.55662
       ],
       [
        8.54863,
        54.55669
       ],
       [
        8.54221,
        54.5601
       ],
       [
        8.52821,
        54.56658
       ],
       [
        8.51586,
        54.57003
       ],
       [
        8.51471,
        54.57036
       ],
       [
        8.51195,
        54.57186
       ],
       [
        8.51073,
        54.57265
       ],
       [
        8.50968,
        54.57352
       ],
       [
        8.50865,
        54.57452
       ],
       [
        8.50763,
        54.57611
       ],
       [
        8.50753,
        54.57664
       ],
       [
        8.50773,
        54.57721
       ],
       [
        8.50849,
        54.57781
       ],
       [
        8.50971,
        54.57845
       ],
       [
        8.51127,
        54.57901
       ],
       [
        8.51297,
        54.57931
       ],
       [
        8.51523,
        54.57943
       ],
       [
        8.51729,
        54.57914
       ],
       [
        8.52109,
        54.57821
       ]
      ]
     ],
     [
      [
       [
        8.64666,
        54.63939
       ],
       [
        8.61469,
        54.63398
       ],
       [
        8.6041,
        54.63263
       ],
       [
        8.60315,
        54.63276
       ],
       [
        8.59784,
        54.63524
       ],
       [
        8.59688,
        54.63554
       ],
       [
        8.59566,
        54.63547
       ],
       [
        8.58681,
        54.63406
       ],
       [
        8.58416,
        54.6336
       ],
       [
        8.56114,
        54.62547
       ],
       [
        8.5552,
        54.62169
       ],
       [
        8.54878,
        54.61756
       ],
       [
        8.54572,
        54.61752
       ],
       [
        8.5298,
        54.62523
       ],
       [
        8.52909,
        54.62562
       ],
       [
        8.52868,
        54.62612
       ],
       [
        8.52831,
        54.62698
       ],
       [
        8.5283,
        54.62778
       ],
       [
        8.52936,
        54.62967
       ],
       [
        8.53034,
        54.631
       ],
       [
        8.5311,
        54.63161
       ],
       [
        8.53864,
        54.63549
       ],
       [
        8.5403,
        54.63606
       ],
       [
        8.5419,
        54.63632
       ],
       [
        8.54201,
        54.63632
       ],
       [
        8.54356,
        54.63628
       ],
       [
        8.54531,
        54.63603
       ],
       [
        8.54863,
        54.63551
       ],
       [
        8.54997,
        54.63553
       ],
       [
        8.55124,
        54.63556
       ],
       [
        8.55613,
        54.63598
       ],
       [
        8.56287,
        54.63688
       ],
       [
        8.60092,
        54.64198
       ],
       [
        8.63383,
        54.64889
       ],
       [
        8.63849,
        54.65001
       ],
       [
        8.64054,
        54.6506
       ],
       [
        8.64183,
        54.6512
       ],
       [
        8.64334,
        54.65235
       ],
       [
        8.66105,
        54.64928
       ],
       [
        8.65961,
        54.64644
       ],
       [
        8.65921,
        54.64594
       ],
       [
        8.65636,
        54.64339
       ],
       [
        8.65579,
        54.64302
       ],
       [
        8.64795,
        54.63974
       ],
       [
        8.64666,
        54.63939
       ]
      ]
     ],
     [
      [
       [
        8.38488,
        54.62868
       ],
       [
        8.39652,
        54.6211
       ],
       [
        8.39726,
        54.62141
       ],
       [
        8.39794,
        54.62092
       ],
       [
        8.39824,
        54.61988
       ],
       [
        8.39812,
        54.61725
       ],
       [
        8.39794,
        54.61584
       ],
       [
        8.39698,
        54.61435
       ],
       [
        8.3957,
        54.61334
       ],
       [
        8.39415,
        54.61234
       ],
       [
        8.39258,
        54.61162
       ],
       [
        8.39009,
        54.61068
       ],
       [
        8.38466,
        54.60994
       ],
       [
        8.38217,
        54.60966
       ],
       [
        8.37936,
        54.60954
       ],
       [
        8.36318,
        54.61013
       ],
       [
        8.361,
        54.61036
       ],
       [
        8.3594,
        54.6106
       ],
       [
        8.35776,
        54.61118
       ],
       [
        8.34365,
        54.62007
       ],
       [
        8.33782,
        54.62402
       ],
       [
        8.29996,
        54.65468
       ],
       [
        8.29828,
        54.65606
       ],
       [
        8.29007,
        54.66541
       ],
       [
        8.28965,
        54.66641
       ],
       [
        8.28957,
        54.66788
       ],
       [
        8.29015,
        54.66959
       ],
       [
        8.29112,
        54.67087
       ],
       [
        8.32597,
        54.69536
       ],
       [
        8.33108,
        54.69894
       ],
       [
        8.33537,
        54.70181
       ],
       [
        8.35675,
        54.71285
       ],
       [
        8.3582,
        54.71343
       ],
       [
        8.3589,
        54.71362
       ],
       [
        8.35949,
        54.71371
       ],
       [
        8.36001,
        54.71372
       ],
       [
        8.36064,
        54.71355
       ],
       [
        8.36101,
        54.71334
       ],
       [
        8.36127,
        54.71303
       ],
       [
        8.36134,
        54.71147
       ],
       [
        8.36109,
        54.71057
       ],
       [
        8.36065,
        54.71009
       ],
       [
        8.35274,
        54.70426
       ],
       [
        8.34981,
        54.70257
       ],
       [
        8.34459,
        54.70016
       ],
       [
        8.34303,
        54.69913
       ],
       [
        8.34117,
        54.69745
       ],
       [
        8.34011,
        54.69577
       ],
       [
        8.33919,
        54.69407
       ],
       [
        8.33866,
        54.69135
       ],
       [
        8.33889,
        54.68868
       ],
       [
        8.3404,
        54.68519
       ],
       [
        8.34241,
        54.68218
       ],
       [
        8.34528,
        54.6794
       ],
       [
        8.34731,
        54.67785
       ],
       [
        8.34956,
        54.67653
       ],
       [
        8.36146,
        54.65129
       ],
       [
        8.36222,
        54.64995
       ],
       [
        8.36318,
        54.649
       ],
       [
        8.38488,
        54.62868
       ]
      ]
     ],
     [
      [
       [
        8.66006,
        54.49218
       ],
       [
        8.62742,
        54.48792
       ],
       [
        8.62502,
        54.48816
       ],
       [
        8.62235,
        54.48878
       ],
       [
        8.61947,
        54.48967
       ],
       [
        8.61649,
        54.4908
       ],
       [
        8.61003,
        54.49437
       ],
       [
        8.59421,
        54.50526
       ],
       [
        8.59045,
        54.50889
       ],
       [
        8.58638,
        54.51501
       ],
       [
        8.58552,
        54.52213
       ],
       [
        8.5853,
        54.52707
       ],
       [
        8.58611,
        54.52969
       ],
       [
        8.58825,
        54.53114
       ],
       [
        8.594,
        54.53412
       ],
       [
        8.63879,
        54.54602
       ],
       [
        8.68067,
        54.55551
       ],
       [
        8.68205,
        54.55577
       ],
       [
        8.68992,
        54.55563
       ],
       [
        8.69981,
        54.55493
       ],
       [
        8.70349,
        54.5544
       ],
       [
        8.70534,
        54.55383
       ],
       [
        8.70661,
        54.55287
       ],
       [
        8.70713,
        54.55205
       ],
       [
        8.70715,
        54.53816
       ],
       [
        8.69657,
        54.51522
       ],
       [
        8.67677,
        54.49777
       ],
       [
        8.67327,
        54.49521
       ],
       [
        8.67035,
        54.49419
       ],
       [
        8.66666,
        54.49327
       ],
       [
        8.66574,
        54.49306
       ],
       [
        8.66006,
        54.49218
       ]
      ]
     ],
     [
      [
       [
        8.56529,
        54.67919
       ],
       [
        8.56365,
        54.67894
       ],
       [
        8.54861,
        54.67888
       ],
       [
        8.49686,
        54.67977
       ],
       [
        8.48242,
        54.68008
       ],
       [
        8.47996,
        54.68033
       ],
       [
        8.47759,
        54.68072
       ],
       [
        8.47194,
        54.68191
       ],
       [
        8.40234,
        54.70004
       ],
       [
        8.3987,
        54.70148
       ],
       [
        8.39692,
        54.70267
       ],
       [
        8.39532,
        54.70506
       ],
       [
        8.3945,
        54.70689
       ],
       [
        8.39334,
        54.71119
       ],
       [
        8.39419,
        54.71532
       ],
       [
        8.39775,
        54.72201
       ],
       [
        8.40207,
        54.72918
       ],
       [
        8.40541,
        54.73336
       ],
       [
        8.40797,
        54.73568
       ],
       [
        8.41224,
        54.73894
       ],
       [
        8.41914,
        54.74316
       ],
       [
        8.42715,
        54.74662
       ],
       [
        8.43074,
        54.74779
       ],
       [
        8.43445,
        54.74854
       ],
       [
        8.46747,
        54.75308
       ],
       [
        8.52305,
        54.75622
       ],
       [
        8.53638,
        54.75589
       ],
       [
        8.54517,
        54.75468
       ],
       [
        8.55662,
        54.7528
       ],
       [
        8.56867,
        54.75064
       ],
       [
        8.58029,
        54.74659
       ],
       [
        8.58258,
        54.7455
       ],
       [
        8.58394,
        54.74472
       ],
       [
        8.58705,
        54.74191
       ],
       [
        8.59763,
        54.72007
       ],
       [
        8.59805,
        54.71906
       ],
       [
        8.59794,
        54.71837
       ],
       [
        8.59765,
        54.71793
       ],
       [
        8.56773,
        54.68073
       ],
       [
        8.56678,
        54.67984
       ],
       [
        8.56529,
        54.67919
       ]
      ]
     ],
     [
      [
       [
        11.25195,
        54.47262
       ],
       [
        11.27798,
        54.4481
       ],
       [
        11.29387,
        54.4344
       ],
       [
        11.29693,
        54.43229
       ],
       [
        11.31234,
        54.40901
       ],
       [
        11.31252,
        54.40838
       ],
       [
        11.3132,
        54.40364
       ],
       [
        11.31319,
        54.40274
       ],
       [
        11.31293,
        54.40237
       ],
       [
        11.31233,
        54.40221
       ],
       [
        11.31071,
        54.40203
       ],
       [
        11.29321,
        54.40371
       ],
       [
        11.27415,
        54.40635
       ],
       [
        11.27141,
        54.40712
       ],
       [
        11.26743,
        54.40853
       ],
       [
        11.19838,
        54.41962
       ],
       [
        11.19675,
        54.41984
       ],
       [
        11.18991,
        54.42065
       ],
       [
        11.1767,
        54.42003
       ],
       [
        11.17486,
        54.41985
       ],
       [
        11.17379,
        54.4195
       ],
       [
        11.1674,
        54.41358
       ],
       [
        11.16727,
        54.41269
       ],
       [
        11.1679,
        54.41212
       ],
       [
        11.1787,
        54.40588
       ],
       [
        11.17943,
        54.40574
       ],
       [
        11.1803,
        54.40574
       ],
       [
        11.18089,
        54.40597
       ],
       [
        11.18183,
        54.40683
       ],
       [
        11.18235,
        54.40782
       ],
       [
        11.18268,
        54.4091
       ],
       [
        11.18324,
        54.40949
       ],
       [
        11.18383,
        54.40959
       ],
       [
        11.185,
        54.4096
       ],
       [
        11.18608,
        54.40932
       ],
       [
        11.18682,
        54.40893
       ],
       [
        11.18695,
        54.40846
       ],
       [
        11.18659,
        54.4081
       ],
       [
        11.18051,
        54.40355
       ],
       [
        11.17921,
        54.40282
       ],
       [
        11.1771,
        54.4019
       ],
       [
        11.1748,
        54.40122
       ],
       [
        11.17222,
        54.40094
       ],
       [
        11.16851,
        54.40084
       ],
       [
        11.12025,
        54.40282
       ],
       [
        11.11916,
        54.40299
       ],
       [
        11.09561,
        54.40896
       ],
       [
        11.09459,
        54.40947
       ],
       [
        11.09412,
        54.41045
       ],
       [
        11.09456,
        54.42109
       ],
       [
        11.09461,
        54.42208
       ],
       [
        11.09502,
        54.42399
       ],
       [
        11.09577,
        54.42519
       ],
       [
        11.09847,
        54.42736
       ],
       [
        11.10004,
        54.42878
       ],
       [
        11.10078,
        54.42996
       ],
       [
        11.10108,
        54.43166
       ],
       [
        11.10121,
        54.43306
       ],
       [
        11.10072,
        54.43546
       ],
       [
        11.10036,
        54.43615
       ],
       [
        11.09596,
        54.44286
       ],
       [
        11.09529,
        54.44378
       ],
       [
        11.09442,
        54.44432
       ],
       [
        11.08569,
        54.4481
       ],
       [
        11.08132,
        54.44936
       ],
       [
        11.06618,
        54.4519
       ],
       [
        11.06425,
        54.45198
       ],
       [
        11.06222,
        54.4518
       ],
       [
        11.02478,
        54.44439
       ],
       [
        11.0224,
        54.44334
       ],
       [
        11.02188,
        54.44267
       ],
       [
        11.02154,
        54.43986
       ],
       [
        11.02188,
        54.43897
       ],
       [
        11.02335,
        54.43817
       ],
       [
        11.03792,
        54.43216
       ],
       [
        11.0397,
        54.43158
       ],
       [
        11.04132,
        54.43142
       ],
       [
        11.0437,
        54.43141
       ],
       [
        11.04485,
        54.43117
       ],
       [
        11.04682,
        54.42982
       ],
       [
        11.04726,
        54.42934
       ],
       [
        11.04707,
        54.42876
       ],
       [
        11.04625,
        54.42856
       ],
       [
        11.04387,
        54.42871
       ],
       [
        11.04077,
        54.42931
       ],
       [
        11.03786,
        54.43
       ],
       [
        11.03501,
        54.43099
       ],
       [
        11.00855,
        54.44194
       ],
       [
        11.00723,
        54.44284
       ],
       [
        11.00602,
        54.44466
       ],
       [
        11.00482,
        54.4469
       ],
       [
        11.00432,
        54.45004
       ],
       [
        11.00491,
        54.45471
       ],
       [
        11.00983,
        54.48366
       ],
       [
        11.01465,
        54.49196
       ],
       [
        11.02615,
        54.50674
       ],
       [
        11.0279,
        54.50884
       ],
       [
        11.0346,
        54.51633
       ],
       [
        11.03655,
        54.51817
       ],
       [
        11.03853,
        54.5198
       ],
       [
        11.04672,
        54.52521
       ],
       [
        11.05356,
        54.52953
       ],
       [
        11.05857,
        54.53235
       ],
       [
        11.06387,
        54.53518
       ],
       [
        11.06522,
        54.53562
       ],
       [
        11.06667,
        54.53588
       ],
       [
        11.06791,
        54.53592
       ],
       [
        11.06874,
        54.53573
       ],
       [
        11.07936,
        54.53106
       ],
       [
        11.0947,
        54.53098
       ],
       [
        11.09579,
        54.5309
       ],
       [
        11.16532,
        54.52156
       ],
       [
        11.16922,
        54.52101
       ],
       [
        11.17165,
        54.5206
       ],
       [
        11.17432,
        54.51978
       ],
       [
        11.22973,
        54.50239
       ],
       [
        11.24015,
        54.49527
       ],
       [
        11.24153,
        54.49413
       ],
       [
        11.24225,
        54.49299
       ],
       [
        11.24461,
        54.48757
       ],
       [
        11.24853,
        54.47895
       ],
       [
        11.24874,
        54.47851
       ],
       [
        11.25195,
        54.47262
       ]
      ]
     ],
     [
      [
       [
        8.44703,
        55.05034
       ],
       [
        8.46057,
        55.04783
       ],
       [
        8.46273,
        55.04739
       ],
       [
        8.46371,
        55.04703
       ],
       [
        8.46441,
        55.04652
       ],
       [
        8.46462,
        55.0458
       ],
       [
        8.46428,
        55.04533
       ],
       [
        8.46361,
        55.04489
       ],
       [
        8.44856,
        55.0421
       ],
       [
        8.44722,
        55.04201
       ],
       [
        8.44576,
        55.04206
       ],
       [
        8.44444,
        55.04224
       ],
       [
        8.44312,
        55.04273
       ],
       [
        8.44175,
        55.04393
       ],
       [
        8.44073,
        55.04466
       ],
       [
        8.43702,
        55.0466
       ],
       [
        8.43526,
        55.04727
       ],
       [
        8.43385,
        55.0477
       ],
       [
        8.43246,
        55.04796
       ],
       [
        8.3986,
        55.04616
       ],
       [
        8.39741,
        55.0459
       ],
       [
        8.39663,
        55.04549
       ],
       [
        8.39613,
        55.04511
       ],
       [
        8.3959,
        55.04442
       ],
       [
        8.39861,
        55.03709
       ],
       [
        8.399,
        55.03627
       ],
       [
        8.39952,
        55.03579
       ],
       [
        8.39982,
        55.03553
       ],
       [
        8.40087,
        55.03506
       ],
       [
        8.40296,
        55.03474
       ],
       [
        8.40467,
        55.03467
       ],
       [
        8.41501,
        55.03539
       ],
       [
        8.41628,
        55.03553
       ],
       [
        8.4181,
        55.03555
       ],
       [
        8.42015,
        55.0354
       ],
       [
        8.42194,
        55.03498
       ],
       [
        8.4239,
        55.0342
       ],
       [
        8.42547,
        55.03344
       ],
       [
        8.43367,
        55.02803
       ],
       [
        8.4405,
        55.02316
       ],
       [
        8.44095,
        55.02277
       ],
       [
        8.44101,
        55.02217
       ],
       [
        8.44011,
        55.01698
       ],
       [
        8.43858,
        55.0153
       ],
       [
        8.43798,
        55.01493
       ],
       [
        8.41733,
        55.00729
       ],
       [
        8.41609,
        55.00689
       ],
       [
        8.41319,
        55.00611
       ],
       [
        8.40995,
        55.00545
       ],
       [
        8.40714,
        55.00496
       ],
       [
        8.39808,
        55.00392
       ],
       [
        8.39647,
        55.00364
       ],
       [
        8.39503,
        55.00307
       ],
       [
        8.38097,
        54.99633
       ],
       [
        8.37899,
        54.99506
       ],
       [
        8.37401,
        54.99099
       ],
       [
        8.37214,
        54.98939
       ],
       [
        8.3698,
        54.98716
       ],
       [
        8.35416,
        54.96975
       ],
       [
        8.35339,
        54.96885
       ],
       [
        8.35318,
        54.96789
       ],
       [
        8.36152,
        54.91975
       ],
       [
        8.36342,
        54.91019
       ],
       [
        8.36361,
        54.90949
       ],
       [
        8.36406,
        54.90862
       ],
       [
        8.36776,
        54.90236
       ],
       [
        8.37014,
        54.89967
       ],
       [
        8.37308,
        54.89684
       ],
       [
        8.37556,
        54.8952
       ],
       [
        8.37882,
        54.89356
       ],
       [
        8.38105,
        54.89269
       ],
       [
        8.38351,
        54.89189
       ],
       [
        8.42431,
        54.87862
       ],
       [
        8.42684,
        54.87809
       ],
       [
        8.42943,
        54.87772
       ],
       [
        8.43193,
        54.87757
       ],
       [
        8.43623,
        54.87746
       ],
       [
        8.48729,
        54.87781
       ],
       [
        8.50128,
        54.88242
       ],
       [
        8.50591,
        54.88374
       ],
       [
        8.51155,
        54.88481
       ],
       [
        8.51165,
        54.88482
       ],
       [
        8.51771,
        54.88542
       ],
       [
        8.59057,
        54.88774
       ],
       [
        8.60128,
        54.88884
       ],
       [
        8.62607,
        54.89491
       ],
       [
        8.62994,
        54.8965
       ],
       [
        8.63532,
        54.89874
       ],
       [
        8.63516,
        54.91158
       ],
       [
        8.63521,
        54.91158
       ],
       [
        8.63834,
        54.91121
       ],
       [
        8.66,
        54.90868
       ],
       [
        8.66672,
        54.91061
       ],
       [
        8.66973,
        54.91123
       ],
       [
        8.67214,
        54.91155
       ],
       [
        8.6747,
        54.91159
       ],
       [
        8.67679,
        54.9115
       ],
       [
        8.67762,
        54.9114
       ],
       [
        8.67831,
        54.91132
       ],
       [
        8.67983,
        54.91111
       ],
       [
        8.68215,
        54.91056
       ],
       [
        8.69974,
        54.90374
       ],
       [
        8.72328,
        54.89457
       ],
       [
        8.72519,
        54.89406
       ],
       [
        8.72719,
        54.89381
       ],
       [
        8.72903,
        54.89372
       ],
       [
        8.77451,
        54.89298
       ],
       [
        8.7753,
        54.89317
       ],
       [
        8.79842,
        54.90374
       ],
       [
        8.79872,
        54.90388
       ],
       [
        8.79914,
        54.90403
       ],
       [
        8.80006,
        54.90434
       ],
       [
        8.80099,
        54.90445
       ],
       [
        8.80877,
        54.90529
       ],
       [
        8.82641,
        54.90638
       ],
       [
        8.83398,
        54.90665
       ],
       [
        8.94622,
        54.90225
       ],
       [
        8.94796,
        54.90211
       ],
       [
        8.95004,
        54.90183
       ],
       [
        8.97625,
        54.89605
       ],
       [
        9.0134,
        54.88644
       ],
       [
        9.02789,
        54.88069
       ],
       [
        9.02813,
        54.88054
       ],
       [
        9.02826,
        54.8804
       ],
       [
        9.0283,
        54.88022
       ],
       [
        9.02821,
        54.88006
       ],
       [
        9.0276,
        54.87927
       ],
       [
        9.02736,
        54.87889
       ],
       [
        9.02747,
        54.87858
       ],
       [
        9.02769,
        54.87841
       ],
       [
        9.03487,
        54.87611
       ],
       [
        9.04616,
        54.87272
       ],
       [
        9.04688,
        54.87255
       ],
       [
        9.06463,
        54.87118
       ],
       [
        9.06495,
        54.87116
       ],
       [
        9.09051,
        54.87021
       ],
       [
        9.09193,
        54.87036
       ],
       [
        9.11321,
        54.87431
       ],
       [
        9.11965,
        54.87336
       ],
       [
        9.13543,
        54.87417
       ],
       [
        9.14302,
        54.87348
       ],
       [
        9.1493,
        54.87234
       ],
       [
        9.20492,
        54.85886
       ],
       [
        9.23969,
        54.84999
       ],
       [
        9.24438,
        54.84376
       ],
       [
        9.2346,
        54.83602
       ],
       [
        9.23587,
        54.83076
       ],
       [
        9.25017,
        54.80981
       ],
       [
        9.34349,
        54.80351
       ],
       [
        9.37095,
        54.81918
       ],
       [
        9.37327,
        54.82108
       ],
       [
        9.37594,
        54.82947
       ],
       [
        9.37436,
        54.83167
       ],
       [
        9.38373,
        54.83892
       ],
       [
        9.40986,
        54.84284
       ],
       [
        9.41799,
        54.8379
       ],
       [
        9.42189,
        54.83134
       ],
       [
        9.42199,
        54.83116
       ],
       [
        9.42202,
        54.83101
       ],
       [
        9.42371,
        54.82302
       ],
       [
        9.43224,
        54.81063
       ],
       [
        9.43922,
        54.80366
       ],
       [
        9.4559,
        54.81528
       ],
       [
        9.45678,
        54.81658
       ],
       [
        9.45885,
        54.81842
       ],
       [
        9.46421,
        54.82237
       ],
       [
        9.46508,
        54.82284
       ],
       [
        9.46613,
        54.82318
       ],
       [
        9.46678,
        54.82322
       ],
       [
        9.48235,
        54.82358
       ],
       [
        9.48982,
        54.82296
       ],
       [
        9.5117,
        54.83662
       ],
       [
        9.51562,
        54.83841
       ],
       [
        9.53916,
        54.84799
       ],
       [
        9.58713,
        54.87644
       ],
       [
        9.58806,
        54.87681
       ],
       [
        9.58952,
        54.87691
       ],
       [
        9.6122,
        54.8766
       ],
       [
        9.61336,
        54.87634
       ],
       [
        9.61378,
        54.87601
       ],
       [
        9.61394,
        54.87573
       ],
       [
        9.61366,
        54.8753
       ],
       [
        9.60305,
        54.86896
       ],
       [
        9.60035,
        54.86712
       ],
       [
        9.59565,
        54.86236
       ],
       [
        9.59375,
        54.86037
       ],
       [
        9.59273,
        54.85925
       ],
       [
        9.59051,
        54.8548
       ],
       [
        9.59014,
        54.85381
       ],
       [
        9.58958,
        54.85148
       ],
       [
        9.58953,
        54.85121
       ],
       [
        9.58959,
        54.84807
       ],
       [
        9.58974,
        54.84703
       ],
       [
        9.59322,
        54.84128
       ],
       [
        9.59519,
        54.83926
       ],
       [
        9.60181,
        54.83308
       ],
       [
        9.60423,
        54.83106
       ],
       [
        9.6049,
        54.83067
       ],
       [
        9.60567,
        54.83047
       ],
       [
        9.60988,
        54.82993
       ],
       [
        9.61212,
        54.82971
       ],
       [
        9.61354,
        54.82969
       ],
       [
        9.61467,
        54.82987
       ],
       [
        9.62135,
        54.8316
       ],
       [
        9.62249,
        54.83181
       ],
       [
        9.62339,
        54.83185
       ],
       [
        9.62427,
        54.83172
       ],
       [
        9.66293,
        54.8235
       ],
       [
        9.66365,
        54.82331
       ],
       [
        9.67825,
        54.81932
       ],
       [
        9.6887,
        54.8163
       ],
       [
        9.73333,
        54.80531
       ],
       [
        9.77222,
        54.79573
       ],
       [
        9.77403,
        54.7954
       ],
       [
        9.78523,
        54.79595
       ],
       [
        9.79373,
        54.7968
       ],
       [
        9.79506,
        54.79199
       ],
       [
        9.79538,
        54.79148
       ],
       [
        9.79857,
        54.78785
       ],
       [
        9.80415,
        54.78243
       ],
       [
        9.81872,
        54.7713
       ],
       [
        9.83421,
        54.75951
       ],
       [
        9.85039,
        54.75488
       ],
       [
        9.85311,
        54.75437
       ],
       [
        9.86605,
        54.75244
       ],
       [
        9.86838,
        54.75215
       ],
       [
        9.87116,
        54.75209
       ],
       [
        9.8733,
        54.75217
       ],
       [
        9.8755,
        54.75251
       ],
       [
        9.87623,
        54.75265
       ],
       [
        9.87707,
        54.75308
       ],
       [
        9.89437,
        54.77116
       ],
       [
        9.90236,
        54.78544
       ],
       [
        9.9051,
        54.79623
       ],
       [
        9.90537,
        54.79705
       ],
       [
        9.90589,
        54.79745
       ],
       [
        9.90674,
        54.79762
       ],
       [
        9.90749,
        54.79746
       ],
       [
        9.93286,
        54.78874
       ],
       [
        9.93761,
        54.78666
       ],
       [
        9.94719,
        54.7816
       ],
       [
        9.95995,
        54.77463
       ],
       [
        9.97425,
        54.76139
       ],
       [
        9.97459,
        54.76102
       ],
       [
        9.97481,
        54.76069
       ],
       [
        9.97505,
        54.76016
       ],
       [
        9.97785,
        54.75161
       ],
       [
        9.97966,
        54.73808
       ],
       [
        9.98127,
        54.73116
       ],
       [
        9.98371,
        54.72563
       ],
       [
        9.98603,
        54.72227
       ],
       [
        9.98997,
        54.71747
       ],
       [
        9.99768,
        54.71203
       ],
       [
        9.99998,
        54.71059
       ],
       [
        10.01253,
        54.7036
       ],
       [
        10.02167,
        54.69862
       ],
       [
        10.0339,
        54.69103
       ],
       [
        10.03494,
        54.68995
       ],
       [
        10.03575,
        54.689
       ],
       [
        10.03691,
        54.68698
       ],
       [
        10.03755,
        54.68478
       ],
       [
        10.03741,
        54.68314
       ],
       [
        10.03717,
        54.68148
       ],
       [
        10.03536,
        54.67011
       ],
       [
        10.03301,
        54.65984
       ],
       [
        10.03271,
        54.65397
       ],
       [
        10.0319,
        54.63617
       ],
       [
        10.03216,
        54.63533
       ],
       [
        10.03221,
        54.63526
       ],
       [
        10.03347,
        54.6316
       ],
       [
        10.03448,
        54.62012
       ],
       [
        10.03388,
        54.6182
       ],
       [
        10.02792,
        54.6059
       ],
       [
        10.02771,
        54.6037
       ],
       [
        10.02639,
        54.5896
       ],
       [
        10.02642,
        54.56837
       ],
       [
        10.02644,
        54.56123
       ],
       [
        10.02764,
        54.55558
       ],
       [
        10.02729,
        54.55102
       ],
       [
        10.02667,
        54.55017
       ],
       [
        10.02581,
        54.54918
       ],
       [
        9.99925,
        54.52231
       ],
       [
        9.98544,
        54.51313
       ],
       [
        9.98447,
        54.51254
       ],
       [
        9.96723,
        54.50431
       ],
       [
        9.96384,
        54.50271
       ],
       [
        9.93787,
        54.49355
       ],
       [
        9.8802,
        54.47665
       ],
       [
        9.86484,
        54.47323
       ],
       [
        9.8637,
        54.47304
       ],
       [
        9.86224,
        54.47305
       ],
       [
        9.86063,
        54.47347
       ],
       [
        9.85466,
        54.47562
       ],
       [
        9.85155,
        54.4761
       ],
       [
        9.84323,
        54.47597
       ],
       [
        9.84236,
        54.47564
       ],
       [
        9.84173,
        54.47523
       ],
       [
        9.84112,
        54.47466
       ],
       [
        9.84088,
        54.47378
       ],
       [
        9.84087,
        54.46803
       ],
       [
        9.84114,
        54.46647
       ],
       [
        9.84161,
        54.46535
       ],
       [
        9.84224,
        54.46451
       ],
       [
        9.8535,
        54.4544
       ],
       [
        9.8569,
        54.45136
       ],
       [
        9.85958,
        54.44995
       ],
       [
        9.86136,
        54.44918
       ],
       [
        9.86351,
        54.4487
       ],
       [
        9.86568,
        54.44842
       ],
       [
        9.86867,
        54.44841
       ],
       [
        9.88411,
        54.44939
       ],
       [
        9.91114,
        54.45199
       ],
       [
        9.914,
        54.45271
       ],
       [
        9.926,
        54.45809
       ],
       [
        9.9272,
        54.45865
       ],
       [
        9.93075,
        54.4603
       ],
       [
        9.95781,
        54.46642
       ],
       [
        10.06373,
        54.47878
       ],
       [
        10.11035,
        54.48392
       ],
       [
        10.11784,
        54.48459
       ],
       [
        10.13046,
        54.48462
       ],
       [
        10.13326,
        54.48444
       ],
       [
        10.13533,
        54.48396
       ],
       [
        10.1593,
        54.47476
       ],
       [
        10.16265,
        54.47338
       ],
       [
        10.1657,
        54.47182
       ],
       [
        10.19546,
        54.45539
       ],
       [
        10.17842,
        54.43795
       ],
       [
        10.17598,
        54.43571
       ],
       [
        10.17046,
        54.43241
       ],
       [
        10.19013,
        54.41082
       ],
       [
        10.1913,
        54.40842
       ],
       [
        10.19188,
        54.4067
       ],
       [
        10.19308,
        54.40285
       ],
       [
        10.19057,
        54.38909
       ],
       [
        10.1837,
        54.3891
       ],
       [
        10.17815,
        54.38874
       ],
       [
        10.16139,
        54.38413
       ],
       [
        10.14303,
        54.35662
       ],
       [
        10.14204,
        54.35393
       ],
       [
        10.14228,
        54.35311
       ],
       [
        10.14753,
        54.34997
       ],
       [
        10.15122,
        54.34801
       ],
       [
        10.15518,
        54.34483
       ],
       [
        10.15661,
        54.34271
       ],
       [
        10.15747,
        54.34107
       ],
       [
        10.15785,
        54.33894
       ],
       [
        10.15768,
        54.33702
       ],
       [
        10.15607,
        54.3347
       ],
       [
        10.14516,
        54.32288
       ],
       [
        10.14044,
        54.31712
       ],
       [
        10.14707,
        54.31974
       ],
       [
        10.16917,
        54.32857
       ],
       [
        10.17421,
        54.33457
       ],
       [
        10.17433,
        54.33474
       ],
       [
        10.17431,
        54.33488
       ],
       [
        10.17295,
        54.34545
       ],
       [
        10.17341,
        54.34842
       ],
       [
        10.1778,
        54.36115
       ],
       [
        10.17852,
        54.36169
       ],
       [
        10.17994,
        54.36238
       ],
       [
        10.18056,
        54.36259
       ],
       [
        10.18189,
        54.36303
       ],
       [
        10.19268,
        54.36531
       ],
       [
        10.19399,
        54.3656
       ],
       [
        10.19454,
        54.36614
       ],
       [
        10.20628,
        54.38635
       ],
       [
        10.21743,
        54.40608
       ],
       [
        10.21781,
        54.40649
       ],
       [
        10.22735,
        54.41214
       ],
       [
        10.23266,
        54.41502
       ],
       [
        10.30341,
        54.43287
       ],
       [
        10.31118,
        54.43443
       ],
       [
        10.32008,
        54.4354
       ],
       [
        10.33141,
        54.43556
       ],
       [
        10.3455,
        54.4338
       ],
       [
        10.35388,
        54.43237
       ],
       [
        10.3832,
        54.42688
       ],
       [
        10.43128,
        54.40804
       ],
       [
        10.4412,
        54.40434
       ],
       [
        10.44434,
        54.4032
       ],
       [
        10.48283,
        54.38933
       ],
       [
        10.48503,
        54.38888
       ],
       [
        10.52406,
        54.38216
       ],
       [
        10.54114,
        54.37957
       ],
       [
        10.5464,
        54.37829
       ],
       [
        10.59689,
        54.36472
       ],
       [
        10.61589,
        54.35806
       ],
       [
        10.63232,
        54.35152
       ],
       [
        10.63585,
        54.34948
       ],
       [
        10.63932,
        54.34717
       ],
       [
        10.64117,
        54.34568
       ],
       [
        10.64341,
        54.34382
       ],
       [
        10.64532,
        54.34169
       ],
       [
        10.64905,
        54.33667
       ],
       [
        10.64904,
        54.33597
       ],
       [
        10.649,
        54.33519
       ],
       [
        10.64905,
        54.33431
       ],
       [
        10.64953,
        54.33341
       ],
       [
        10.68376,
        54.31157
       ],
       [
        10.68479,
        54.31092
       ],
       [
        10.68715,
        54.30976
       ],
       [
        10.68997,
        54.30842
       ],
       [
        10.69257,
        54.30734
       ],
       [
        10.69662,
        54.306
       ],
       [
        10.69984,
        54.30541
       ],
       [
        10.70221,
        54.30517
       ],
       [
        10.70609,
        54.30501
       ],
       [
        10.71067,
        54.30513
       ],
       [
        10.71409,
        54.30551
       ],
       [
        10.72399,
        54.30835
       ],
       [
        10.72578,
        54.30884
       ],
       [
        10.73331,
        54.30978
       ],
       [
        10.73687,
        54.31021
       ],
       [
        10.73984,
        54.31025
       ],
       [
        10.74502,
        54.30918
       ],
       [
        10.75267,
        54.30688
       ],
       [
        10.75408,
        54.30674
       ],
       [
        10.75664,
        54.30676
       ],
       [
        10.76128,
        54.30692
       ],
       [
        10.76887,
        54.30794
       ],
       [
        10.77947,
        54.30991
       ],
       [
        10.786,
        54.31146
       ],
       [
        10.79219,
        54.31345
       ],
       [
        10.79664,
        54.3152
       ],
       [
        10.81789,
        54.32488
       ],
       [
        10.82643,
        54.32926
       ],
       [
        10.83249,
        54.33253
       ],
       [
        10.83751,
        54.33541
       ],
       [
        10.83919,
        54.33684
       ],
       [
        10.84057,
        54.33806
       ],
       [
        10.84178,
        54.33914
       ],
       [
        10.85226,
        54.34661
       ],
       [
        10.86803,
        54.35734
       ],
       [
        10.92936,
        54.38164
       ],
       [
        10.93107,
        54.38206
       ],
       [
        10.94934,
        54.38467
       ],
       [
        10.95037,
        54.38475
       ],
       [
        10.95117,
        54.38471
       ],
       [
        10.99,
        54.38075
       ],
       [
        10.99712,
        54.37564
       ],
       [
        10.99599,
        54.37634
       ],
       [
        10.99529,
        54.37665
       ],
       [
        10.99458,
        54.3769
       ],
       [
        10.98459,
        54.37867
       ],
       [
        10.98401,
        54.37867
       ],
       [
        10.98317,
        54.37857
       ],
       [
        10.98243,
        54.3784
       ],
       [
        10.98172,
        54.37806
       ],
       [
        10.98099,
        54.37743
       ],
       [
        10.98052,
        54.37683
       ],
       [
        10.98026,
        54.37638
       ],
       [
        10.98022,
        54.37594
       ],
       [
        10.98042,
        54.37558
       ],
       [
        10.98097,
        54.37528
       ],
       [
        10.99102,
        54.37065
       ],
       [
        10.99278,
        54.37028
       ],
       [
        10.99475,
        54.36991
       ],
       [
        10.99806,
        54.36945
       ],
       [
        11.01874,
        54.36811
       ],
       [
        11.02516,
        54.36821
       ],
       [
        11.04816,
        54.37211
       ],
       [
        11.06382,
        54.37488
       ],
       [
        11.07575,
        54.37738
       ],
       [
        11.07772,
        54.37914
       ],
       [
        11.07734,
        54.37938
       ],
       [
        11.07722,
        54.37963
       ],
       [
        11.07726,
        54.38002
       ],
       [
        11.07751,
        54.38054
       ],
       [
        11.07773,
        54.38083
       ],
       [
        11.08813,
        54.39133
       ],
       [
        11.08911,
        54.39173
       ],
       [
        11.10467,
        54.39664
       ],
       [
        11.11224,
        54.39454
       ],
       [
        11.10925,
        54.38977
       ],
       [
        11.1174,
        54.39267
       ],
       [
        11.1182,
        54.39279
       ],
       [
        11.11935,
        54.39258
       ],
       [
        11.1281,
        54.39023
       ],
       [
        11.12971,
        54.3896
       ],
       [
        11.13083,
        54.38865
       ],
       [
        11.13148,
        54.38747
       ],
       [
        11.1316,
        54.3861
       ],
       [
        11.13157,
        54.3843
       ],
       [
        11.13094,
        54.38229
       ],
       [
        11.12744,
        54.37572
       ],
       [
        11.12614,
        54.37368
       ],
       [
        11.12472,
        54.3723
       ],
       [
        11.12293,
        54.37109
       ],
       [
        11.12084,
        54.36972
       ],
       [
        11.10408,
        54.36204
       ],
       [
        11.10239,
        54.3613
       ],
       [
        11.07862,
        54.35332
       ],
       [
        11.069,
        54.34515
       ],
       [
        11.07163,
        54.34047
       ],
       [
        11.0742,
        54.32851
       ],
       [
        11.08494,
        54.27769
       ],
       [
        11.09041,
        54.21983
       ],
       [
        11.0943,
        54.19975
       ],
       [
        11.09429,
        54.19896
       ],
       [
        11.09398,
        54.19807
       ],
       [
        11.09344,
        54.19757
       ],
       [
        11.05265,
        54.17966
       ],
       [
        11.02937,
        54.17105
       ],
       [
        10.99928,
        54.15897
       ],
       [
        10.95649,
        54.14129
       ],
       [
        10.94487,
        54.13405
       ],
       [
        10.91997,
        54.1148
       ],
       [
        10.88871,
        54.09313
       ],
       [
        10.88659,
        54.09173
       ],
       [
        10.88452,
        54.0906
       ],
       [
        10.88177,
        54.08923
       ],
       [
        10.87876,
        54.08805
       ],
       [
        10.86755,
        54.08489
       ],
       [
        10.86616,
        54.08454
       ],
       [
        10.86463,
        54.08447
       ],
       [
        10.86356,
        54.08447
       ],
       [
        10.82817,
        54.08831
       ],
       [
        10.82498,
        54.0888
       ],
       [
        10.80071,
        54.08428
       ],
       [
        10.7608,
        54.05839
       ],
       [
        10.75898,
        54.057
       ],
       [
        10.75694,
        54.05514
       ],
       [
        10.75483,
        54.05258
       ],
       [
        10.75329,
        54.04994
       ],
       [
        10.75199,
        54.04711
       ],
       [
        10.7512,
        54.04459
       ],
       [
        10.75103,
        54.04226
       ],
       [
        10.75132,
        54.0403
       ],
       [
        10.75152,
        54.03942
       ],
       [
        10.75182,
        54.03815
       ],
       [
        10.75224,
        54.03714
       ],
       [
        10.76042,
        54.0257
       ],
       [
        10.76595,
        54.01852
       ],
       [
        10.77237,
        54.01117
       ],
       [
        10.778,
        54.00527
       ],
       [
        10.78211,
        54.00151
       ],
       [
        10.78384,
        54.00005
       ],
       [
        10.78391,
        54.0
       ],
       [
        10.78672,
        53.99812
       ],
       [
        10.78938,
        53.9968
       ],
       [
        10.79415,
        53.99487
       ],
       [
        10.79878,
        53.99324
       ],
       [
        10.80054,
        53.99281
       ],
       [
        10.80225,
        53.99263
       ],
       [
        10.84356,
        53.99263
       ],
       [
        10.85641,
        53.99426
       ],
       [
        10.8593,
        53.99434
       ],
       [
        10.86163,
        53.99422
       ],
       [
        10.86398,
        53.99377
       ],
       [
        10.87064,
        53.99196
       ],
       [
        10.87292,
        53.99095
       ],
       [
        10.87536,
        53.98962
       ],
       [
        10.87856,
        53.98749
       ],
       [
        10.88096,
        53.98554
       ],
       [
        10.883,
        53.98332
       ],
       [
        10.88464,
        53.98095
       ],
       [
        10.88509,
        53.97883
       ],
       [
        10.88527,
        53.97657
       ],
       [
        10.8849,
        53.97459
       ],
       [
        10.88377,
        53.97169
       ],
       [
        10.8833,
        53.97048
       ],
       [
        10.88292,
        53.96894
       ],
       [
        10.88272,
        53.96751
       ],
       [
        10.88263,
        53.96518
       ],
       [
        10.88276,
        53.96441
       ],
       [
        10.88516,
        53.95865
       ],
       [
        10.88862,
        53.95773
       ],
       [
        10.89042,
        53.9573
       ],
       [
        10.89297,
        53.95695
       ],
       [
        10.90337,
        53.95705
       ],
       [
        10.9086,
        53.94543
       ],
       [
        10.91239,
        53.92356
       ],
       [
        10.9606,
        53.91428
       ],
       [
        10.96122,
        53.91413
       ],
       [
        10.96321,
        53.9134
       ],
       [
        10.9649,
        53.91258
       ],
       [
        10.96634,
        53.91169
       ],
       [
        10.96689,
        53.91118
       ],
       [
        10.96732,
        53.91077
       ],
       [
        10.96752,
        53.91023
       ],
       [
        10.96761,
        53.90979
       ],
       [
        10.96756,
        53.90913
       ],
       [
        10.96717,
        53.90847
       ],
       [
        10.96618,
        53.90745
       ],
       [
        10.96571,
        53.90728
       ],
       [
        10.96499,
        53.90703
       ],
       [
        10.91231,
        53.89778
       ],
       [
        10.91067,
        53.89784
       ],
       [
        10.90902,
        53.89812
       ],
       [
        10.9072,
        53.8987
       ],
       [
        10.90542,
        53.89938
       ],
       [
        10.90343,
        53.90038
       ],
       [
        10.90287,
        53.90081
       ],
       [
        10.90234,
        53.90131
       ],
       [
        10.90175,
        53.90194
       ],
       [
        10.90126,
        53.90279
       ],
       [
        10.90102,
        53.90522
       ],
       [
        10.90131,
        53.90726
       ],
       [
        10.90169,
        53.90803
       ],
       [
        10.86732,
        53.91374
       ],
       [
        10.84765,
        53.89908
       ],
       [
        10.80204,
        53.87689
       ],
       [
        10.78972,
        53.8758
       ],
       [
        10.77606,
        53.87471
       ],
       [
        10.77175,
        53.87329
       ],
       [
        10.74873,
        53.8525
       ],
       [
        10.74797,
        53.8516
       ],
       [
        10.74826,
        53.83538
       ],
       [
        10.75065,
        53.83227
       ],
       [
        10.75683,
        53.82895
       ],
       [
        10.7589,
        53.82786
       ],
       [
        10.76066,
        53.82653
       ],
       [
        10.762,
        53.82508
       ],
       [
        10.7629,
        53.82378
       ],
       [
        10.76341,
        53.82266
       ],
       [
        10.76402,
        53.81756
       ],
       [
        10.76474,
        53.81101
       ],
       [
        10.7734,
        53.79753
       ],
       [
        10.77391,
        53.79619
       ],
       [
        10.77434,
        53.79228
       ],
       [
        10.77433,
        53.79121
       ],
       [
        10.7742,
        53.79035
       ],
       [
        10.7712,
        53.77605
       ],
       [
        10.76709,
        53.77079
       ],
       [
        10.76619,
        53.76999
       ],
       [
        10.76421,
        53.76925
       ],
       [
        10.7711,
        53.74957
       ],
       [
        10.8103,
        53.7211
       ],
       [
        10.82295,
        53.71233
       ],
       [
        10.82384,
        53.71185
       ],
       [
        10.82479,
        53.71146
       ],
       [
        10.85171,
        53.70484
       ],
       [
        10.86206,
        53.70286
       ],
       [
        10.87344,
        53.70125
       ],
       [
        10.88032,
        53.7025
       ],
       [
        10.88072,
        53.70272
       ],
       [
        10.88629,
        53.70585
       ],
       [
        10.88647,
        53.70582
       ],
       [
        10.90585,
        53.7026
       ],
       [
        10.92282,
        53.69924
       ],
       [
        10.94325,
        53.68413
       ],
       [
        10.94453,
        53.67469
       ],
       [
        10.93951,
        53.67343
       ],
       [
        10.93911,
        53.67334
       ],
       [
        10.93884,
        53.67319
       ],
       [
        10.93874,
        53.67283
       ],
       [
        10.93791,
        53.66667
       ],
       [
        10.9381,
        53.66596
       ],
       [
        10.93828,
        53.66553
       ],
       [
        10.95218,
        53.64805
       ],
       [
        10.93326,
        53.63228
       ],
       [
        10.93306,
        53.63211
       ],
       [
        10.92946,
        53.62875
       ],
       [
        10.92501,
        53.61487
       ],
       [
        10.92283,
        53.59014
       ],
       [
        10.92693,
        53.58364
       ],
       [
        10.9099,
        53.5707
       ],
       [
        10.86373,
        53.56492
       ],
       [
        10.86236,
        53.56486
       ],
       [
        10.85143,
        53.56535
       ],
       [
        10.85026,
        53.56547
       ],
       [
        10.84944,
        53.56581
       ],
       [
        10.84889,
        53.56651
       ],
       [
        10.84794,
        53.5681
       ],
       [
        10.84602,
        53.57126
       ],
       [
        10.84521,
        53.57224
       ],
       [
        10.84435,
        53.57294
       ],
       [
        10.84018,
        53.57546
       ],
       [
        10.82842,
        53.5758
       ],
       [
        10.82716,
        53.5758
       ],
       [
        10.82577,
        53.57565
       ],
       [
        10.82464,
        53.57531
       ],
       [
        10.8237,
        53.57495
       ],
       [
        10.82293,
        53.57453
       ],
       [
        10.82256,
        53.57416
       ],
       [
        10.82236,
        53.57371
       ],
       [
        10.82224,
        53.57319
       ],
       [
        10.82229,
        53.57267
       ],
       [
        10.8244,
        53.55549
       ],
       [
        10.82486,
        53.55447
       ],
       [
        10.831,
        53.54431
       ],
       [
        10.831,
        53.54358
       ],
       [
        10.83081,
        53.54274
       ],
       [
        10.80865,
        53.51505
       ],
       [
        10.77721,
        53.49542
       ],
       [
        10.75097,
        53.48442
       ],
       [
        10.71957,
        53.47562
       ],
       [
        10.69291,
        53.45546
       ],
       [
        10.6612,
        53.46074
       ],
       [
        10.65209,
        53.4607
       ],
       [
        10.63532,
        53.45496
       ],
       [
        10.63259,
        53.45381
       ],
       [
        10.6319,
        53.45335
       ],
       [
        10.63154,
        53.45277
       ],
       [
        10.61829,
        53.42488
       ],
       [
        10.61806,
        53.42419
       ],
       [
        10.61822,
        53.42302
       ],
       [
        10.61919,
        53.41845
       ],
       [
        10.61981,
        53.41352
       ],
       [
        10.6211,
        53.39713
       ],
       [
        10.62102,
        53.39662
       ],
       [
        10.61749,
        53.38678
       ],
       [
        10.61553,
        53.3833
       ],
       [
        10.61484,
        53.38265
       ],
       [
        10.61397,
        53.38217
       ],
       [
        10.6044,
        53.37852
       ],
       [
        10.60313,
        53.37828
       ],
       [
        10.60192,
        53.37835
       ],
       [
        10.6008,
        53.37853
       ],
       [
        10.59971,
        53.37849
       ],
       [
        10.59859,
        53.37839
       ],
       [
        10.59325,
        53.365
       ],
       [
        10.59593,
        53.36223
       ],
       [
        10.57946,
        53.35907
       ],
       [
        10.57094,
        53.36266
       ],
       [
        10.54392,
        53.36861
       ],
       [
        10.53064,
        53.37011
       ],
       [
        10.50741,
        53.37282
       ],
       [
        10.50322,
        53.37351
       ],
       [
        10.49997,
        53.37433
       ],
       [
        10.49379,
        53.37646
       ],
       [
        10.4733,
        53.38455
       ],
       [
        10.45168,
        53.3906
       ],
       [
        10.4472,
        53.39206
       ],
       [
        10.43279,
        53.39745
       ],
       [
        10.41237,
        53.4061
       ],
       [
        10.40034,
        53.41151
       ],
       [
        10.3907,
        53.4166
       ],
       [
        10.37798,
        53.42369
       ],
       [
        10.3731,
        53.42496
       ],
       [
        10.36943,
        53.42549
       ],
       [
        10.36508,
        53.42586
       ],
       [
        10.36454,
        53.42584
       ],
       [
        10.34906,
        53.4252
       ],
       [
        10.33888,
        53.42479
       ],
       [
        10.33554,
        53.42468
       ],
       [
        10.33084,
        53.42484
       ],
       [
        10.32769,
        53.42568
       ],
       [
        10.30815,
        53.43354
       ],
       [
        10.31546,
        53.44053
       ],
       [
        10.32426,
        53.44952
       ],
       [
        10.32138,
        53.4502
       ],
       [
        10.31879,
        53.45046
       ],
       [
        10.31477,
        53.45068
       ],
       [
        10.30884,
        53.45076
       ],
       [
        10.30886,
        53.44505
       ],
       [
        10.30493,
        53.44272
       ],
       [
        10.23908,
        53.48299
       ],
       [
        10.23336,
        53.49497
       ],
       [
        10.22087,
        53.49932
       ],
       [
        10.16427,
        53.52142
       ],
       [
        10.16179,
        53.52652
       ],
       [
        10.14892,
        53.55941
       ],
       [
        10.14807,
        53.56321
       ],
       [
        10.15214,
        53.57687
       ],
       [
        10.16207,
        53.5853
       ],
       [
        10.16711,
        53.58256
       ],
       [
        10.19455,
        53.58411
       ],
       [
        10.19531,
        53.58934
       ],
       [
        10.19657,
        53.59915
       ],
       [
        10.19509,
        53.60776
       ],
       [
        10.21764,
        53.62582
       ],
       [
        10.22161,
        53.63367
       ],
       [
        10.17639,
        53.66324
       ],
       [
        10.14468,
        53.67664
       ],
       [
        10.14241,
        53.67924
       ],
       [
        10.1422,
        53.67951
       ],
       [
        10.14285,
        53.67979
       ],
       [
        10.15879,
        53.6908
       ],
       [
        10.18181,
        53.70962
       ],
       [
        10.1821,
        53.71003
       ],
       [
        10.19114,
        53.72299
       ],
       [
        10.19268,
        53.73126
       ],
       [
        10.1619,
        53.73636
       ],
       [
        10.13944,
        53.72602
       ],
       [
        10.12574,
        53.71993
       ],
       [
        10.09598,
        53.71876
       ],
       [
        10.09446,
        53.71943
       ],
       [
        10.09337,
        53.71977
       ],
       [
        10.09209,
        53.71991
       ],
       [
        10.081,
        53.72067
       ],
       [
        10.06717,
        53.71102
       ],
       [
        10.07272,
        53.70606
       ],
       [
        10.07822,
        53.70388
       ],
       [
        10.06908,
        53.67923
       ],
       [
        10.04973,
        53.67727
       ],
       [
        10.04102,
        53.68227
       ],
       [
        9.99841,
        53.68001
       ],
       [
        9.99687,
        53.67853
       ],
       [
        9.99033,
        53.67214
       ],
       [
        9.99,
        53.67148
       ],
       [
        9.98993,
        53.67021
       ],
       [
        9.99057,
        53.66223
       ],
       [
        9.98975,
        53.65817
       ],
       [
        9.98476,
        53.64916
       ],
       [
        9.96527,
        53.64879
       ],
       [
        9.94857,
        53.65158
       ],
       [
        9.94448,
        53.65292
       ],
       [
        9.92027,
        53.65374
       ],
       [
        9.91734,
        53.65358
       ],
       [
        9.9147,
        53.65328
       ],
       [
        9.90407,
        53.65177
       ],
       [
        9.90338,
        53.65166
       ],
       [
        9.90352,
        53.64094
       ],
       [
        9.90071,
        53.63638
       ],
       [
        9.89638,
        53.63184
       ],
       [
        9.88407,
        53.62121
       ],
       [
        9.83831,
        53.59019
       ],
       [
        9.83193,
        53.5862
       ],
       [
        9.83153,
        53.58595
       ],
       [
        9.82977,
        53.58564
       ],
       [
        9.82275,
        53.5844
       ],
       [
        9.81578,
        53.58747
       ],
       [
        9.81084,
        53.59006
       ],
       [
        9.80902,
        53.59108
       ],
       [
        9.7987,
        53.59686
       ],
       [
        9.79397,
        53.6
       ],
       [
        9.7705,
        53.61602
       ],
       [
        9.76864,
        53.62261
       ],
       [
        9.77031,
        53.62761
       ],
       [
        9.76443,
        53.62758
       ],
       [
        9.76405,
        53.62757
       ],
       [
        9.76038,
        53.62459
       ],
       [
        9.74273,
        53.59723
       ],
       [
        9.74589,
        53.59221
       ],
       [
        9.73475,
        53.56457
       ],
       [
        9.72975,
        53.55714
       ],
       [
        9.72569,
        53.55744
       ],
       [
        9.71346,
        53.55841
       ],
       [
        9.70468,
        53.55923
       ],
       [
        9.69915,
        53.56009
       ],
       [
        9.67304,
        53.56589
       ],
       [
        9.58963,
        53.59837
       ],
       [
        9.55072,
        53.61621
       ],
       [
        9.54178,
        53.62456
       ],
       [
        9.5358,
        53.63356
       ],
       [
        9.53167,
        53.64317
       ],
       [
        9.53101,
        53.64562
       ],
       [
        9.52997,
        53.65691
       ],
       [
        9.52688,
        53.66266
       ],
       [
        9.52533,
        53.66548
       ],
       [
        9.52192,
        53.6714
       ],
       [
        9.51199,
        53.68737
       ],
       [
        9.51149,
        53.68817
       ],
       [
        9.50986,
        53.68978
       ],
       [
        9.50749,
        53.69206
       ],
       [
        9.50732,
        53.69221
       ],
       [
        9.50117,
        53.69717
       ],
       [
        9.48654,
        53.70708
       ],
       [
        9.44932,
        53.72395
       ],
       [
        9.44011,
        53.72835
       ],
       [
        9.43189,
        53.73335
       ],
       [
        9.42395,
        53.74024
       ],
       [
        9.42319,
        53.74102
       ],
       [
        9.41321,
        53.75138
       ],
       [
        9.38993,
        53.78109
       ],
       [
        9.37804,
        53.79638
       ],
       [
        9.37548,
        53.79975
       ],
       [
        9.37497,
        53.80041
       ],
       [
        9.36974,
        53.80726
       ],
       [
        9.36588,
        53.81167
       ],
       [
        9.31967,
        53.85054
       ],
       [
        9.30185,
        53.85833
       ],
       [
        9.28979,
        53.86359
       ],
       [
        9.27245,
        53.86831
       ],
       [
        9.2313,
        53.87749
       ],
       [
        9.20793,
        53.87998
       ],
       [
        9.19912,
        53.88017
       ],
       [
        9.16899,
        53.87961
       ],
       [
        9.08192,
        53.88048
       ],
       [
        9.05766,
        53.88118
       ],
       [
        9.04929,
        53.88134
       ],
       [
        9.03855,
        53.88072
       ],
       [
        9.02249,
        53.87929
       ],
       [
        9.01848,
        53.89613
       ],
       [
        8.99698,
        53.89311
       ],
       [
        8.9834,
        53.89099
       ],
       [
        8.98275,
        53.89092
       ],
       [
        8.98046,
        53.89071
       ],
       [
        8.97929,
        53.89074
       ],
       [
        8.97803,
        53.89095
       ],
       [
        8.96559,
        53.89396
       ],
       [
        8.95519,
        53.89895
       ],
       [
        8.92307,
        53.92007
       ],
       [
        8.91551,
        53.92566
       ],
       [
        8.90618,
        53.9345
       ],
       [
        8.89421,
        53.94976
       ],
       [
        8.89056,
        53.95476
       ],
       [
        8.8775,
        53.97263
       ],
       [
        8.87705,
        53.97708
       ],
       [
        8.85554,
        54.0
       ],
       [
        8.85515,
        54.00041
       ],
       [
        8.83238,
        54.02349
       ],
       [
        8.82045,
        54.02384
       ],
       [
        8.81675,
        54.02532
       ],
       [
        8.84227,
        54.03782
       ],
       [
        8.84556,
        54.03913
       ],
       [
        8.84994,
        54.04043
       ],
       [
        8.86407,
        54.04362
       ],
       [
        8.87877,
        54.04582
       ],
       [
        8.92107,
        54.04117
       ],
       [
        8.92949,
        54.03778
       ],
       [
        8.93105,
        54.03696
       ],
       [
        8.93657,
        54.03374
       ],
       [
        8.94807,
        54.03349
       ],
       [
        8.95444,
        54.03453
       ],
       [
        8.95779,
        54.03516
       ],
       [
        8.96318,
        54.03637
       ],
       [
        8.96846,
        54.03757
       ],
       [
        8.96917,
        54.03783
       ],
       [
        8.97015,
        54.0382
       ],
       [
        8.97191,
        54.03894
       ],
       [
        8.97393,
        54.04017
       ],
       [
        8.97589,
        54.04161
       ],
       [
        8.97747,
        54.04322
       ],
       [
        8.97927,
        54.04578
       ],
       [
        8.98026,
        54.04754
       ],
       [
        8.98213,
        54.05088
       ],
       [
        8.9829,
        54.05247
       ],
       [
        8.98428,
        54.05542
       ],
       [
        8.98455,
        54.05672
       ],
       [
        8.98458,
        54.0569
       ],
       [
        8.98465,
        54.05838
       ],
       [
        8.98465,
        54.06
       ],
       [
        8.98376,
        54.0627
       ],
       [
        8.97768,
        54.06932
       ],
       [
        8.94571,
        54.09648
       ],
       [
        8.92771,
        54.12922
       ],
       [
        8.92682,
        54.13019
       ],
       [
        8.9256,
        54.13095
       ],
       [
        8.92527,
        54.13115
       ],
       [
        8.92438,
        54.13157
       ],
       [
        8.92373,
        54.13187
       ],
       [
        8.92251,
        54.1322
       ],
       [
        8.92103,
        54.13254
       ],
       [
        8.90967,
        54.13371
       ],
       [
        8.90825,
        54.13369
       ],
       [
        8.89629,
        54.13232
       ],
       [
        8.8939,
        54.13202
       ],
       [
        8.89131,
        54.13129
       ],
       [
        8.8807,
        54.12712
       ],
       [
        8.86903,
        54.12635
       ],
       [
        8.85357,
        54.12697
       ],
       [
        8.84063,
        54.13232
       ],
       [
        8.83109,
        54.13803
       ],
       [
        8.82799,
        54.14002
       ],
       [
        8.82576,
        54.14226
       ],
       [
        8.80711,
        54.17069
       ],
       [
        8.80609,
        54.17236
       ],
       [
        8.80541,
        54.17384
       ],
       [
        8.80507,
        54.17591
       ],
       [
        8.80564,
        54.17809
       ],
       [
        8.81239,
        54.19607
       ],
       [
        8.81344,
        54.19817
       ],
       [
        8.82056,
        54.20767
       ],
       [
        8.82287,
        54.21025
       ],
       [
        8.82578,
        54.21254
       ],
       [
        8.82711,
        54.21325
       ],
       [
        8.83175,
        54.2148
       ],
       [
        8.8324,
        54.21515
       ],
       [
        8.83279,
        54.21565
       ],
       [
        8.83831,
        54.23063
       ],
       [
        8.83854,
        54.23193
       ],
       [
        8.84287,
        54.26687
       ],
       [
        8.84213,
        54.27638
       ],
       [
        8.84138,
        54.27799
       ],
       [
        8.84021,
        54.27995
       ],
       [
        8.83429,
        54.28597
       ],
       [
        8.83039,
        54.28895
       ],
       [
        8.82792,
        54.29014
       ],
       [
        8.82596,
        54.29057
       ],
       [
        8.82433,
        54.29081
       ],
       [
        8.82224,
        54.2907
       ],
       [
        8.7697,
        54.2826
       ],
       [
        8.74979,
        54.28844
       ],
       [
        8.74713,
        54.28876
       ],
       [
        8.71669,
        54.28846
       ],
       [
        8.71092,
        54.28767
       ],
       [
        8.70737,
        54.28696
       ],
       [
        8.70181,
        54.28471
       ],
       [
        8.69756,
        54.28185
       ],
       [
        8.68619,
        54.27235
       ],
       [
        8.68825,
        54.27047
       ],
       [
        8.65829,
        54.26612
       ],
       [
        8.6574,
        54.26618
       ],
       [
        8.65588,
        54.26647
       ],
       [
        8.60008,
        54.28616
       ],
       [
        8.59724,
        54.28752
       ],
       [
        8.59334,
        54.29003
       ],
       [
        8.59133,
        54.29145
       ],
       [
        8.58902,
        54.29315
       ],
       [
        8.58031,
        54.30253
       ],
       [
        8.57996,
        54.30295
       ],
       [
        8.57945,
        54.30371
       ],
       [
        8.57882,
        54.30883
       ],
       [
        8.57895,
        54.30956
       ],
       [
        8.58233,
        54.32377
       ],
       [
        8.58639,
        54.33504
       ],
       [
        8.58918,
        54.34118
       ],
       [
        8.5903,
        54.34293
       ],
       [
        8.5918,
        54.34473
       ],
       [
        8.59397,
        54.34724
       ],
       [
        8.59594,
        54.34876
       ],
       [
        8.60061,
        54.35158
       ],
       [
        8.60384,
        54.35307
       ],
       [
        8.60743,
        54.35429
       ],
       [
        8.61069,
        54.35524
       ],
       [
        8.61759,
        54.3564
       ],
       [
        8.61893,
        54.35632
       ],
       [
        8.61945,
        54.35617
       ],
       [
        8.62404,
        54.34461
       ],
       [
        8.62411,
        54.3431
       ],
       [
        8.63338,
        54.33805
       ],
       [
        8.63481,
        54.3374
       ],
       [
        8.63574,
        54.33727
       ],
       [
        8.63641,
        54.33733
       ],
       [
        8.6455,
        54.33923
       ],
       [
        8.68974,
        54.35409
       ],
       [
        8.69293,
        54.35658
       ],
       [
        8.69344,
        54.36012
       ],
       [
        8.6939,
        54.36782
       ],
       [
        8.69053,
        54.37389
       ],
       [
        8.67482,
        54.37346
       ],
       [
        8.66459,
        54.36981
       ],
       [
        8.66045,
        54.37111
       ],
       [
        8.65513,
        54.37382
       ],
       [
        8.63912,
        54.38367
       ],
       [
        8.64142,
        54.38757
       ],
       [
        8.6463,
        54.39246
       ],
       [
        8.65857,
        54.39706
       ],
       [
        8.66459,
        54.39859
       ],
       [
        8.68979,
        54.4004
       ],
       [
        8.72349,
        54.40363
       ],
       [
        8.72369,
        54.40623
       ],
       [
        8.75282,
        54.40879
       ],
       [
        8.81988,
        54.41461
       ],
       [
        8.85334,
        54.40986
       ],
       [
        8.85417,
        54.40628
       ],
       [
        8.87678,
        54.40913
       ],
       [
        8.88969,
        54.41223
       ],
       [
        8.8966,
        54.41548
       ],
       [
        8.91477,
        54.42465
       ],
       [
        8.91721,
        54.42609
       ],
       [
        8.91782,
        54.42914
       ],
       [
        8.91877,
        54.43024
       ],
       [
        8.9354,
        54.44216
       ],
       [
        8.95557,
        54.45314
       ],
       [
        8.96873,
        54.45692
       ],
       [
        8.97837,
        54.4589
       ],
       [
        8.99764,
        54.46285
       ],
       [
        9.00589,
        54.47632
       ],
       [
        9.01041,
        54.48475
       ],
       [
        9.00844,
        54.48982
       ],
       [
        9.01189,
        54.49031
       ],
       [
        9.01001,
        54.49758
       ],
       [
        9.00528,
        54.50007
       ],
       [
        8.9932,
        54.51393
       ],
       [
        8.99173,
        54.51889
       ],
       [
        8.99097,
        54.52242
       ],
       [
        8.99068,
        54.52387
       ],
       [
        8.98874,
        54.52443
       ],
       [
        8.98548,
        54.52465
       ],
       [
        8.98314,
        54.52441
       ],
       [
        8.94557,
        54.51286
       ],
       [
        8.91601,
        54.47489
       ],
       [
        8.91551,
        54.47202
       ],
       [
        8.92408,
        54.47
       ],
       [
        8.92119,
        54.46678
       ],
       [
        8.92065,
        54.46642
       ],
       [
        8.89631,
        54.45935
       ],
       [
        8.8931,
        54.45876
       ],
       [
        8.89002,
        54.45833
       ],
       [
        8.8857,
        54.45804
       ],
       [
        8.88104,
        54.45785
       ],
       [
        8.84287,
        54.45909
       ],
       [
        8.82468,
        54.46121
       ],
       [
        8.82423,
        54.46129
       ],
       [
        8.82325,
        54.46149
       ],
       [
        8.80632,
        54.46684
       ],
       [
        8.80524,
        54.46749
       ],
       [
        8.80454,
        54.4682
       ],
       [
        8.80337,
        54.47071
       ],
       [
        8.80163,
        54.49573
       ],
       [
        8.80588,
        54.499
       ],
       [
        8.8103,
        54.5023
       ],
       [
        8.81327,
        54.50413
       ],
       [
        8.81371,
        54.50429
       ],
       [
        8.8171,
        54.50548
       ],
       [
        8.82745,
        54.50796
       ],
       [
        8.83641,
        54.50849
       ],
       [
        8.83738,
        54.5088
       ],
       [
        8.83775,
        54.50897
       ],
       [
        8.85145,
        54.51609
       ],
       [
        8.85858,
        54.52074
       ],
       [
        8.8657,
        54.52541
       ],
       [
        8.86888,
        54.52847
       ],
       [
        8.871,
        54.5305
       ],
       [
        8.8725,
        54.53285
       ],
       [
        8.87307,
        54.53379
       ],
       [
        8.87487,
        54.53738
       ],
       [
        8.87583,
        54.53999
       ],
       [
        8.87626,
        54.54315
       ],
       [
        8.87615,
        54.54482
       ],
       [
        8.87595,
        54.54685
       ],
       [
        8.87524,
        54.54959
       ],
       [
        8.87395,
        54.55189
       ],
       [
        8.86978,
        54.55718
       ],
       [
        8.8678,
        54.56214
       ],
       [
        8.88801,
        54.59032
       ],
       [
        8.89357,
        54.59987
       ],
       [
        8.88744,
        54.60955
       ],
       [
        8.88026,
        54.61234
       ],
       [
        8.86698,
        54.61552
       ],
       [
        8.85119,
        54.62368
       ],
       [
        8.8493,
        54.62468
       ],
       [
        8.83339,
        54.64705
       ],
       [
        8.82932,
        54.64925
       ],
       [
        8.8094,
        54.65652
       ],
       [
        8.80656,
        54.65632
       ],
       [
        8.77328,
        54.66725
       ],
       [
        8.76458,
        54.67119
       ],
       [
        8.75961,
        54.67386
       ],
       [
        8.75553,
        54.67621
       ],
       [
        8.75296,
        54.6781
       ],
       [
        8.75092,
        54.68
       ],
       [
        8.75046,
        54.68089
       ],
       [
        8.75011,
        54.68187
       ],
       [
        8.74808,
        54.68766
       ],
       [
        8.74329,
        54.70663
       ],
       [
        8.74643,
        54.70735
       ],
       [
        8.74148,
        54.71649
       ],
       [
        8.71906,
        54.72528
       ],
       [
        8.70843,
        54.72399
       ],
       [
        8.70894,
        54.72257
       ],
       [
        8.70908,
        54.72221
       ],
       [
        8.69136,
        54.72332
       ],
       [
        8.68868,
        54.72914
       ],
       [
        8.69175,
        54.73068
       ],
       [
        8.70351,
        54.73659
       ],
       [
        8.70449,
        54.73711
       ],
       [
        8.70504,
        54.73774
       ],
       [
        8.70535,
        54.73823
       ],
       [
        8.70533,
        54.73866
       ],
       [
        8.70457,
        54.74772
       ],
       [
        8.69251,
        54.76972
       ],
       [
        8.68651,
        54.77688
       ],
       [
        8.68443,
        54.77934
       ],
       [
        8.67939,
        54.78429
       ],
       [
        8.67872,
        54.78492
       ],
       [
        8.63966,
        54.8176
       ],
       [
        8.60779,
        54.83545
       ],
       [
        8.60668,
        54.83627
       ],
       [
        8.60558,
        54.83727
       ],
       [
        8.60482,
        54.83825
       ],
       [
        8.6042,
        54.8392
       ],
       [
        8.60371,
        54.8402
       ],
       [
        8.60362,
        54.84083
       ],
       [
        8.60373,
        54.84173
       ],
       [
        8.60733,
        54.86353
       ],
       [
        8.60586,
        54.86931
       ],
       [
        8.59649,
        54.88226
       ],
       [
        8.58112,
        54.88225
       ],
       [
        8.51928,
        54.88049
       ],
       [
        8.51432,
        54.87987
       ],
       [
        8.50899,
        54.87901
       ],
       [
        8.50439,
        54.87785
       ],
       [
        8.4911,
        54.87347
       ],
       [
        8.48237,
        54.87048
       ],
       [
        8.48161,
        54.87018
       ],
       [
        8.45423,
        54.85829
       ],
       [
        8.45467,
        54.85668
       ],
       [
        8.41871,
        54.84661
       ],
       [
        8.41677,
        54.84611
       ],
       [
        8.41506,
        54.84584
       ],
       [
        8.41275,
        54.84562
       ],
       [
        8.4097,
        54.84569
       ],
       [
        8.40721,
        54.84603
       ],
       [
        8.4042,
        54.84681
       ],
       [
        8.40095,
        54.84797
       ],
       [
        8.37823,
        54.85741
       ],
       [
        8.37552,
        54.85871
       ],
       [
        8.37418,
        54.85947
       ],
       [
        8.37306,
        54.86045
       ],
       [
        8.36717,
        54.8683
       ],
       [
        8.36643,
        54.86938
       ],
       [
        8.36593,
        54.87053
       ],
       [
        8.36481,
        54.87343
       ],
       [
        8.36446,
        54.87382
       ],
       [
        8.36393,
        54.87424
       ],
       [
        8.36351,
        54.87456
       ],
       [
        8.34087,
        54.87891
       ],
       [
        8.33991,
        54.87903
       ],
       [
        8.33897,
        54.87869
       ],
       [
        8.3062,
        54.85695
       ],
       [
        8.305,
        54.85614
       ],
       [
        8.30347,
        54.85487
       ],
       [
        8.30138,
        54.85238
       ],
       [
        8.29932,
        54.84898
       ],
       [
        8.29537,
        54.84194
       ],
       [
        8.29524,
        54.8415
       ],
       [
        8.29385,
        54.8261
       ],
       [
        8.29195,
        54.78752
       ],
       [
        8.29213,
        54.7855
       ],
       [
        8.29576,
        54.74613
       ],
       [
        8.2983,
        54.74258
       ],
       [
        8.29859,
        54.74147
       ],
       [
        8.29825,
        54.74059
       ],
       [
        8.29749,
        54.74006
       ],
       [
        8.29675,
        54.73962
       ],
       [
        8.29559,
        54.73925
       ],
       [
        8.29465,
        54.73913
       ],
       [
        8.29346,
        54.73931
       ],
       [
        8.29193,
        54.7398
       ],
       [
        8.29007,
        54.74092
       ],
       [
        8.28791,
        54.74252
       ],
       [
        8.28539,
        54.7447
       ],
       [
        8.27665,
        54.75242
       ],
       [
        8.27651,
        54.75274
       ],
       [
        8.27688,
        54.76262
       ],
       [
        8.27969,
        54.79411
       ],
       [
        8.28278,
        54.83077
       ],
       [
        8.28478,
        54.85856
       ],
       [
        8.28525,
        54.86808
       ],
       [
        8.28587,
        54.87735
       ],
       [
        8.28716,
        54.8837
       ],
       [
        8.28891,
        54.89035
       ],
       [
        8.29482,
        54.9067
       ],
       [
        8.30174,
        54.92038
       ],
       [
        8.30903,
        54.93351
       ],
       [
        8.32087,
        54.9526
       ],
       [
        8.3224,
        54.95474
       ],
       [
        8.33005,
        54.96342
       ],
       [
        8.38026,
        55.03438
       ],
       [
        8.38715,
        55.04438
       ],
       [
        8.39137,
        55.04882
       ],
       [
        8.3937,
        55.05126
       ],
       [
        8.39799,
        55.05393
       ],
       [
        8.40024,
        55.05502
       ],
       [
        8.40267,
        55.05598
       ],
       [
        8.40505,
        55.05666
       ],
       [
        8.40733,
        55.05706
       ],
       [
        8.41064,
        55.05737
       ],
       [
        8.41369,
        55.05737
       ],
       [
        8.41628,
        55.0572
       ],
       [
        8.41891,
        55.05684
       ],
       [
        8.42882,
        55.05543
       ],
       [
        8.43115,
        55.0548
       ],
       [
        8.44703,
        55.05034
       ]
      ]
     ]
    ]
   }
  },
  {
   "type": "Feature",
   "properties": {
    "key": "hh",
    "name": "Hamburg",
    "bez": "Freie und Hansestadt",
    "ars": "02",
    "nuts": "DE6",
    "status": "alkis only",
    "lidar_dgm1": true,
    "lidar_las": false,
    "lidar_script": null,
    "lidar_bbox": null,
    "lidar_note": "daten-hamburg.de returns 403 on directory listings, so tiles are reachable only by exact known URL. No point cloud found.",
    "alkis": "full",
    "alkis_engine": "aria2",
    "alkis_spatial": "package",
    "sample_bbox": "564,5932,569,5937",
    "sample_epsg": 25832,
    "sample_place": "Hamburg"
   },
   "geometry": {
    "type": "MultiPolygon",
    "coordinates": [
     [
      [
       [
        8.43792,
        53.94535
       ],
       [
        8.43052,
        53.94329
       ],
       [
        8.42136,
        53.95317
       ],
       [
        8.42242,
        53.95471
       ],
       [
        8.42459,
        53.95636
       ],
       [
        8.43621,
        53.9627
       ],
       [
        8.43996,
        53.96426
       ],
       [
        8.44237,
        53.96444
       ],
       [
        8.44434,
        53.9643
       ],
       [
        8.4499,
        53.96215
       ],
       [
        8.45091,
        53.96138
       ],
       [
        8.45106,
        53.95991
       ],
       [
        8.45036,
        53.95829
       ],
       [
        8.44061,
        53.94704
       ],
       [
        8.43943,
        53.94611
       ],
       [
        8.43792,
        53.94535
       ]
      ]
     ],
     [
      [
       [
        8.51506,
        53.91462
       ],
       [
        8.48511,
        53.91348
       ],
       [
        8.48531,
        53.91839
       ],
       [
        8.48638,
        53.92256
       ],
       [
        8.48759,
        53.92522
       ],
       [
        8.48881,
        53.92726
       ],
       [
        8.48987,
        53.92858
       ],
       [
        8.49121,
        53.92969
       ],
       [
        8.49289,
        53.93072
       ],
       [
        8.49447,
        53.93121
       ],
       [
        8.49581,
        53.93132
       ],
       [
        8.49736,
        53.93121
       ],
       [
        8.49858,
        53.93102
       ],
       [
        8.51695,
        53.92306
       ],
       [
        8.51732,
        53.92277
       ],
       [
        8.51755,
        53.92231
       ],
       [
        8.51742,
        53.92049
       ],
       [
        8.5166,
        53.91651
       ],
       [
        8.5164,
        53.91591
       ],
       [
        8.51619,
        53.91554
       ],
       [
        8.51563,
        53.91501
       ],
       [
        8.51506,
        53.91462
       ]
      ]
     ],
     [
      [
       [
        10.19114,
        53.72299
       ],
       [
        10.1821,
        53.71003
       ],
       [
        10.18181,
        53.70962
       ],
       [
        10.15879,
        53.6908
       ],
       [
        10.14285,
        53.67979
       ],
       [
        10.1422,
        53.67951
       ],
       [
        10.14241,
        53.67924
       ],
       [
        10.14468,
        53.67664
       ],
       [
        10.17639,
        53.66324
       ],
       [
        10.22161,
        53.63367
       ],
       [
        10.21764,
        53.62582
       ],
       [
        10.19509,
        53.60776
       ],
       [
        10.19657,
        53.59915
       ],
       [
        10.19531,
        53.58934
       ],
       [
        10.19455,
        53.58411
       ],
       [
        10.16711,
        53.58256
       ],
       [
        10.16207,
        53.5853
       ],
       [
        10.15214,
        53.57687
       ],
       [
        10.14807,
        53.56321
       ],
       [
        10.14892,
        53.55941
       ],
       [
        10.16179,
        53.52652
       ],
       [
        10.16427,
        53.52142
       ],
       [
        10.22087,
        53.49932
       ],
       [
        10.23336,
        53.49497
       ],
       [
        10.23908,
        53.48299
       ],
       [
        10.30493,
        53.44272
       ],
       [
        10.30886,
        53.44505
       ],
       [
        10.30884,
        53.45076
       ],
       [
        10.31477,
        53.45068
       ],
       [
        10.31879,
        53.45046
       ],
       [
        10.32138,
        53.4502
       ],
       [
        10.32426,
        53.44952
       ],
       [
        10.31546,
        53.44053
       ],
       [
        10.30815,
        53.43354
       ],
       [
        10.29104,
        53.42661
       ],
       [
        10.28372,
        53.42443
       ],
       [
        10.26581,
        53.42031
       ],
       [
        10.26288,
        53.41948
       ],
       [
        10.2594,
        53.41831
       ],
       [
        10.25713,
        53.41704
       ],
       [
        10.25519,
        53.41529
       ],
       [
        10.25165,
        53.41075
       ],
       [
        10.25078,
        53.40957
       ],
       [
        10.2433,
        53.39944
       ],
       [
        10.24056,
        53.39737
       ],
       [
        10.23745,
        53.39596
       ],
       [
        10.23455,
        53.39523
       ],
       [
        10.22995,
        53.39493
       ],
       [
        10.17882,
        53.3962
       ],
       [
        10.17644,
        53.39637
       ],
       [
        10.17589,
        53.39641
       ],
       [
        10.17211,
        53.39703
       ],
       [
        10.16825,
        53.39808
       ],
       [
        10.16446,
        53.39948
       ],
       [
        10.10849,
        53.42694
       ],
       [
        10.10517,
        53.42951
       ],
       [
        10.09652,
        53.44113
       ],
       [
        10.08552,
        53.45068
       ],
       [
        10.08259,
        53.45271
       ],
       [
        10.05271,
        53.46476
       ],
       [
        10.05128,
        53.46382
       ],
       [
        10.04219,
        53.45642
       ],
       [
        10.04321,
        53.45256
       ],
       [
        10.0507,
        53.44926
       ],
       [
        10.04585,
        53.44462
       ],
       [
        10.01645,
        53.42753
       ],
       [
        9.9853,
        53.41621
       ],
       [
        9.97514,
        53.41361
       ],
       [
        9.97342,
        53.41318
       ],
       [
        9.91641,
        53.4243
       ],
       [
        9.91883,
        53.4338
       ],
       [
        9.91884,
        53.43443
       ],
       [
        9.91553,
        53.4423
       ],
       [
        9.9147,
        53.44426
       ],
       [
        9.90349,
        53.45648
       ],
       [
        9.89819,
        53.45703
       ],
       [
        9.87286,
        53.44188
       ],
       [
        9.86576,
        53.43125
       ],
       [
        9.8635,
        53.43023
       ],
       [
        9.86118,
        53.4292
       ],
       [
        9.84945,
        53.43973
       ],
       [
        9.79809,
        53.47072
       ],
       [
        9.7842,
        53.49208
       ],
       [
        9.7852,
        53.4997
       ],
       [
        9.76839,
        53.50472
       ],
       [
        9.76411,
        53.50891
       ],
       [
        9.7639,
        53.50914
       ],
       [
        9.76397,
        53.50947
       ],
       [
        9.77096,
        53.52866
       ],
       [
        9.77397,
        53.55455
       ],
       [
        9.72975,
        53.55714
       ],
       [
        9.73475,
        53.56457
       ],
       [
        9.74589,
        53.59221
       ],
       [
        9.74273,
        53.59723
       ],
       [
        9.76038,
        53.62459
       ],
       [
        9.76405,
        53.62757
       ],
       [
        9.76443,
        53.62758
       ],
       [
        9.77031,
        53.62761
       ],
       [
        9.76864,
        53.62261
       ],
       [
        9.7705,
        53.61602
       ],
       [
        9.79397,
        53.6
       ],
       [
        9.7987,
        53.59686
       ],
       [
        9.80902,
        53.59108
       ],
       [
        9.81084,
        53.59006
       ],
       [
        9.81578,
        53.58747
       ],
       [
        9.82275,
        53.5844
       ],
       [
        9.82977,
        53.58564
       ],
       [
        9.83153,
        53.58595
       ],
       [
        9.83193,
        53.5862
       ],
       [
        9.83831,
        53.59019
       ],
       [
        9.88407,
        53.62121
       ],
       [
        9.89638,
        53.63184
       ],
       [
        9.90071,
        53.63638
       ],
       [
        9.90352,
        53.64094
       ],
       [
        9.90338,
        53.65166
       ],
       [
        9.90407,
        53.65177
       ],
       [
        9.9147,
        53.65328
       ],
       [
        9.91734,
        53.65358
       ],
       [
        9.92027,
        53.65374
       ],
       [
        9.94448,
        53.65292
       ],
       [
        9.94857,
        53.65158
       ],
       [
        9.96527,
        53.64879
       ],
       [
        9.98476,
        53.64916
       ],
       [
        9.98975,
        53.65817
       ],
       [
        9.99057,
        53.66223
       ],
       [
        9.98993,
        53.67021
       ],
       [
        9.99,
        53.67148
       ],
       [
        9.99033,
        53.67214
       ],
       [
        9.99687,
        53.67853
       ],
       [
        9.99841,
        53.68001
       ],
       [
        10.04102,
        53.68227
       ],
       [
        10.04973,
        53.67727
       ],
       [
        10.06908,
        53.67923
       ],
       [
        10.07822,
        53.70388
       ],
       [
        10.07272,
        53.70606
       ],
       [
        10.06717,
        53.71102
       ],
       [
        10.081,
        53.72067
       ],
       [
        10.09209,
        53.71991
       ],
       [
        10.09337,
        53.71977
       ],
       [
        10.09446,
        53.71943
       ],
       [
        10.09598,
        53.71876
       ],
       [
        10.12574,
        53.71993
       ],
       [
        10.13944,
        53.72602
       ],
       [
        10.1619,
        53.73636
       ],
       [
        10.19268,
        53.73126
       ],
       [
        10.19114,
        53.72299
       ]
      ]
     ]
    ]
   }
  },
  {
   "type": "Feature",
   "properties": {
    "key": "ni",
    "name": "Niedersachsen",
    "bez": "Land",
    "ars": "03",
    "nuts": "DE9",
    "status": "lidar+alkis",
    "lidar_dgm1": true,
    "lidar_las": false,
    "lidar_script": "download_ni_lidar.sh",
    "lidar_bbox": true,
    "lidar_note": null,
    "alkis": "full",
    "alkis_engine": "wfs2",
    "alkis_spatial": "exact",
    "sample_bbox": "596,5750,601,5755",
    "sample_epsg": 25832,
    "sample_place": "Goslar"
   },
   "geometry": {
    "type": "MultiPolygon",
    "coordinates": [
     [
      [
       [
        6.90821,
        53.6478
       ],
       [
        6.88426,
        53.62551
       ],
       [
        6.87501,
        53.62866
       ],
       [
        6.87338,
        53.62954
       ],
       [
        6.8721,
        53.63089
       ],
       [
        6.86359,
        53.64093
       ],
       [
        6.86378,
        53.64317
       ],
       [
        6.8647,
        53.64491
       ],
       [
        6.86629,
        53.64596
       ],
       [
        6.86857,
        53.6468
       ],
       [
        6.88776,
        53.65255
       ],
       [
        6.88943,
        53.65283
       ],
       [
        6.89902,
        53.65311
       ],
       [
        6.90335,
        53.653
       ],
       [
        6.90521,
        53.65228
       ],
       [
        6.90719,
        53.65071
       ],
       [
        6.90821,
        53.6478
       ]
      ]
     ],
     [
      [
       [
        7.43397,
        53.7308
       ],
       [
        7.43579,
        53.7184
       ],
       [
        7.38947,
        53.71963
       ],
       [
        7.36484,
        53.72245
       ],
       [
        7.35939,
        53.7255
       ],
       [
        7.35912,
        53.72583
       ],
       [
        7.35908,
        53.72638
       ],
       [
        7.35952,
        53.72703
       ],
       [
        7.36064,
        53.72772
       ],
       [
        7.36258,
        53.72873
       ],
       [
        7.36399,
        53.72926
       ],
       [
        7.38301,
        53.7347
       ],
       [
        7.385,
        53.73503
       ],
       [
        7.38719,
        53.73512
       ],
       [
        7.39455,
        53.73537
       ],
       [
        7.39636,
        53.73542
       ],
       [
        7.40485,
        53.73532
       ],
       [
        7.4055,
        53.73517
       ],
       [
        7.4087,
        53.73378
       ],
       [
        7.41838,
        53.73375
       ],
       [
        7.43021,
        53.73247
       ],
       [
        7.43179,
        53.73225
       ],
       [
        7.4329,
        53.73189
       ],
       [
        7.43366,
        53.73149
       ],
       [
        7.43397,
        53.7308
       ]
      ]
     ],
     [
      [
       [
        7.93817,
        53.78843
       ],
       [
        7.96363,
        53.77951
       ],
       [
        7.96123,
        53.77768
       ],
       [
        7.91617,
        53.77978
       ],
       [
        7.91281,
        53.78005
       ],
       [
        7.9092,
        53.78054
       ],
       [
        7.884,
        53.7857
       ],
       [
        7.86844,
        53.78252
       ],
       [
        7.86322,
        53.77365
       ],
       [
        7.8461,
        53.7847
       ],
       [
        7.84519,
        53.78542
       ],
       [
        7.84475,
        53.78618
       ],
       [
        7.84455,
        53.78715
       ],
       [
        7.84483,
        53.78796
       ],
       [
        7.84563,
        53.78916
       ],
       [
        7.84666,
        53.78989
       ],
       [
        7.84855,
        53.79082
       ],
       [
        7.8575,
        53.79362
       ],
       [
        7.85976,
        53.79397
       ],
       [
        7.86745,
        53.79475
       ],
       [
        7.86968,
        53.79483
       ],
       [
        7.88066,
        53.7951
       ],
       [
        7.88798,
        53.79502
       ],
       [
        7.89966,
        53.79488
       ],
       [
        7.9017,
        53.79479
       ],
       [
        7.90179,
        53.79478
       ],
       [
        7.90548,
        53.79433
       ],
       [
        7.9089,
        53.79374
       ],
       [
        7.91886,
        53.79145
       ],
       [
        7.93561,
        53.7891
       ],
       [
        7.93693,
        53.78884
       ],
       [
        7.93817,
        53.78843
       ]
      ]
     ],
     [
      [
       [
        6.99352,
        53.67219
       ],
       [
        6.89972,
        53.66468
       ],
       [
        6.89646,
        53.66466
       ],
       [
        6.89531,
        53.66467
       ],
       [
        6.86939,
        53.66493
       ],
       [
        6.86836,
        53.66496
       ],
       [
        6.86703,
        53.66526
       ],
       [
        6.86581,
        53.66568
       ],
       [
        6.86478,
        53.66632
       ],
       [
        6.86421,
        53.66695
       ],
       [
        6.86399,
        53.66777
       ],
       [
        6.86407,
        53.66867
       ],
       [
        6.86464,
        53.66976
       ],
       [
        6.8652,
        53.67036
       ],
       [
        6.86616,
        53.67075
       ],
       [
        6.86729,
        53.67091
       ],
       [
        6.8904,
        53.67255
       ],
       [
        6.90439,
        53.67364
       ],
       [
        6.90717,
        53.67391
       ],
       [
        6.96539,
        53.67972
       ],
       [
        7.0,
        53.68278
       ],
       [
        7.02698,
        53.68517
       ],
       [
        7.0439,
        53.68623
       ],
       [
        7.05634,
        53.68699
       ],
       [
        7.0678,
        53.68724
       ],
       [
        7.07354,
        53.68728
       ],
       [
        7.07876,
        53.687
       ],
       [
        7.09087,
        53.68594
       ],
       [
        7.09233,
        53.68577
       ],
       [
        7.09429,
        53.68527
       ],
       [
        7.09534,
        53.68479
       ],
       [
        7.09552,
        53.6847
       ],
       [
        7.09639,
        53.68397
       ],
       [
        7.09712,
        53.68282
       ],
       [
        7.09732,
        53.68162
       ],
       [
        7.01536,
        53.67414
       ],
       [
        7.01399,
        53.67388
       ],
       [
        7.0,
        53.67273
       ],
       [
        6.99352,
        53.67219
       ]
      ]
     ],
     [
      [
       [
        7.79414,
        53.76892
       ],
       [
        7.75654,
        53.76007
       ],
       [
        7.74448,
        53.7595
       ],
       [
        7.74055,
        53.75951
       ],
       [
        7.73041,
        53.7599
       ],
       [
        7.72002,
        53.76075
       ],
       [
        7.70469,
        53.76274
       ],
       [
        7.69572,
        53.76294
       ],
       [
        7.69476,
        53.76276
       ],
       [
        7.69425,
        53.76253
       ],
       [
        7.6824,
        53.7517
       ],
       [
        7.67528,
        53.75198
       ],
       [
        7.67405,
        53.75206
       ],
       [
        7.67256,
        53.75227
       ],
       [
        7.67144,
        53.75255
       ],
       [
        7.67038,
        53.75294
       ],
       [
        7.66877,
        53.75391
       ],
       [
        7.66804,
        53.75463
       ],
       [
        7.66748,
        53.75533
       ],
       [
        7.66665,
        53.75708
       ],
       [
        7.66621,
        53.75836
       ],
       [
        7.66621,
        53.75918
       ],
       [
        7.6664,
        53.75988
       ],
       [
        7.66684,
        53.76071
       ],
       [
        7.67016,
        53.76639
       ],
       [
        7.67054,
        53.76687
       ],
       [
        7.67708,
        53.77244
       ],
       [
        7.68149,
        53.77555
       ],
       [
        7.68321,
        53.7765
       ],
       [
        7.68566,
        53.77749
       ],
       [
        7.68922,
        53.77863
       ],
       [
        7.69591,
        53.78007
       ],
       [
        7.69773,
        53.78039
       ],
       [
        7.69948,
        53.78052
       ],
       [
        7.72159,
        53.78173
       ],
       [
        7.73852,
        53.78179
       ],
       [
        7.77432,
        53.78137
       ],
       [
        7.79455,
        53.78046
       ],
       [
        7.80043,
        53.77993
       ],
       [
        7.805,
        53.77935
       ],
       [
        7.8089,
        53.77844
       ],
       [
        7.81218,
        53.77759
       ],
       [
        7.81416,
        53.77675
       ],
       [
        7.8156,
        53.77581
       ],
       [
        7.81592,
        53.77503
       ],
       [
        7.81527,
        53.77424
       ],
       [
        7.8145,
        53.77392
       ],
       [
        7.81278,
        53.77352
       ],
       [
        7.79938,
        53.77142
       ],
       [
        7.79414,
        53.76892
       ]
      ]
     ],
     [
      [
       [
        7.63118,
        53.74877
       ],
       [
        7.63101,
        53.7477
       ],
       [
        7.63026,
        53.74582
       ],
       [
        7.61724,
        53.74491
       ],
       [
        7.61518,
        53.74487
       ],
       [
        7.61296,
        53.74497
       ],
       [
        7.60447,
        53.74561
       ],
       [
        7.58417,
        53.747
       ],
       [
        7.572,
        53.74713
       ],
       [
        7.52125,
        53.74285
       ],
       [
        7.51052,
        53.74194
       ],
       [
        7.50541,
        53.73827
       ],
       [
        7.50483,
        53.73764
       ],
       [
        7.50452,
        53.73677
       ],
       [
        7.50432,
        53.73527
       ],
       [
        7.50461,
        53.73175
       ],
       [
        7.50198,
        53.72985
       ],
       [
        7.49057,
        53.7236
       ],
       [
        7.47927,
        53.72063
       ],
       [
        7.47571,
        53.72019
       ],
       [
        7.47451,
        53.72016
       ],
       [
        7.47303,
        53.72032
       ],
       [
        7.47161,
        53.72064
       ],
       [
        7.46631,
        53.72248
       ],
       [
        7.4653,
        53.7229
       ],
       [
        7.46473,
        53.72332
       ],
       [
        7.4645,
        53.72375
       ],
       [
        7.46281,
        53.73099
       ],
       [
        7.46254,
        53.73425
       ],
       [
        7.46268,
        53.7352
       ],
       [
        7.46485,
        53.74084
       ],
       [
        7.46556,
        53.74181
       ],
       [
        7.47106,
        53.74786
       ],
       [
        7.47541,
        53.75218
       ],
       [
        7.47642,
        53.75272
       ],
       [
        7.47734,
        53.7532
       ],
       [
        7.48106,
        53.75447
       ],
       [
        7.4857,
        53.75563
       ],
       [
        7.48955,
        53.75636
       ],
       [
        7.49062,
        53.75653
       ],
       [
        7.53397,
        53.758
       ],
       [
        7.56186,
        53.75868
       ],
       [
        7.58239,
        53.75888
       ],
       [
        7.588,
        53.75892
       ],
       [
        7.59062,
        53.75883
       ],
       [
        7.60701,
        53.75735
       ],
       [
        7.62054,
        53.75557
       ],
       [
        7.62447,
        53.75487
       ],
       [
        7.62656,
        53.7542
       ],
       [
        7.62784,
        53.75352
       ],
       [
        7.63072,
        53.74966
       ],
       [
        7.63083,
        53.74947
       ],
       [
        7.63118,
        53.74877
       ]
      ]
     ],
     [
      [
       [
        7.23404,
        53.72278
       ],
       [
        7.23803,
        53.72278
       ],
       [
        7.26028,
        53.72349
       ],
       [
        7.27482,
        53.7241
       ],
       [
        7.29391,
        53.72514
       ],
       [
        7.31856,
        53.72625
       ],
       [
        7.33047,
        53.72632
       ],
       [
        7.33288,
        53.7262
       ],
       [
        7.33332,
        53.72614
       ],
       [
        7.33466,
        53.72595
       ],
       [
        7.34343,
        53.72397
       ],
       [
        7.34466,
        53.72334
       ],
       [
        7.34522,
        53.72262
       ],
       [
        7.34693,
        53.71838
       ],
       [
        7.3468,
        53.71777
       ],
       [
        7.3465,
        53.71739
       ],
       [
        7.34595,
        53.71725
       ],
       [
        7.33877,
        53.71706
       ],
       [
        7.3365,
        53.71512
       ],
       [
        7.33515,
        53.71452
       ],
       [
        7.33337,
        53.71406
       ],
       [
        7.32612,
        53.71277
       ],
       [
        7.28756,
        53.70693
       ],
       [
        7.27008,
        53.70483
       ],
       [
        7.26331,
        53.70431
       ],
       [
        7.15445,
        53.69724
       ],
       [
        7.15251,
        53.69721
       ],
       [
        7.15157,
        53.69745
       ],
       [
        7.15064,
        53.69782
       ],
       [
        7.14497,
        53.70045
       ],
       [
        7.14257,
        53.70156
       ],
       [
        7.14138,
        53.7024
       ],
       [
        7.14043,
        53.70309
       ],
       [
        7.13718,
        53.70658
       ],
       [
        7.13685,
        53.7075
       ],
       [
        7.13684,
        53.70819
       ],
       [
        7.13724,
        53.70887
       ],
       [
        7.13831,
        53.70957
       ],
       [
        7.13992,
        53.71035
       ],
       [
        7.14112,
        53.71091
       ],
       [
        7.14232,
        53.71147
       ],
       [
        7.1667,
        53.71873
       ],
       [
        7.17115,
        53.7198
       ],
       [
        7.1852,
        53.72293
       ],
       [
        7.18771,
        53.72326
       ],
       [
        7.19088,
        53.72359
       ],
       [
        7.19686,
        53.72392
       ],
       [
        7.2002,
        53.72386
       ],
       [
        7.2196,
        53.72344
       ],
       [
        7.22379,
        53.7233
       ],
       [
        7.23404,
        53.72278
       ]
      ]
     ],
     [
      [
       [
        6.80525,
        53.59772
       ],
       [
        6.80398,
        53.59734
       ],
       [
        6.80243,
        53.59712
       ],
       [
        6.78568,
        53.5963
       ],
       [
        6.77661,
        53.59624
       ],
       [
        6.75989,
        53.5962
       ],
       [
        6.75696,
        53.59591
       ],
       [
        6.75531,
        53.59566
       ],
       [
        6.75396,
        53.5952
       ],
       [
        6.73436,
        53.58671
       ],
       [
        6.72726,
        53.58124
       ],
       [
        6.71751,
        53.57064
       ],
       [
        6.69568,
        53.56606
       ],
       [
        6.69358,
        53.56671
       ],
       [
        6.69244,
        53.56711
       ],
       [
        6.66572,
        53.57697
       ],
       [
        6.66389,
        53.57781
       ],
       [
        6.66161,
        53.57918
       ],
       [
        6.65775,
        53.58284
       ],
       [
        6.65651,
        53.58417
       ],
       [
        6.65588,
        53.58553
       ],
       [
        6.65458,
        53.59456
       ],
       [
        6.6546,
        53.59663
       ],
       [
        6.65526,
        53.59809
       ],
       [
        6.65663,
        53.59952
       ],
       [
        6.65829,
        53.60074
       ],
       [
        6.65993,
        53.60153
       ],
       [
        6.66216,
        53.60236
       ],
       [
        6.66591,
        53.60334
       ],
       [
        6.75465,
        53.61978
       ],
       [
        6.7567,
        53.61997
       ],
       [
        6.75805,
        53.61996
       ],
       [
        6.76093,
        53.61943
       ],
       [
        6.76266,
        53.61897
       ],
       [
        6.77771,
        53.61483
       ],
       [
        6.78056,
        53.61395
       ],
       [
        6.7828,
        53.61307
       ],
       [
        6.80022,
        53.60468
       ],
       [
        6.80292,
        53.60312
       ],
       [
        6.8039,
        53.60229
       ],
       [
        6.80491,
        53.60129
       ],
       [
        6.80571,
        53.60038
       ],
       [
        6.80627,
        53.59948
       ],
       [
        6.80651,
        53.59892
       ],
       [
        6.80641,
        53.59848
       ],
       [
        6.80601,
        53.59812
       ],
       [
        6.80525,
        53.59772
       ]
      ]
     ],
     [
      [
       [
        8.68962,
        53.87999
       ],
       [
        8.69297,
        53.8783
       ],
       [
        8.70068,
        53.87991
       ],
       [
        8.70166,
        53.88004
       ],
       [
        8.70243,
        53.87991
       ],
       [
        8.70309,
        53.87958
       ],
       [
        8.71709,
        53.86862
       ],
       [
        8.72795,
        53.85999
       ],
       [
        8.75361,
        53.84588
       ],
       [
        8.7755,
        53.83741
       ],
       [
        8.78397,
        53.83476
       ],
       [
        8.79232,
        53.83334
       ],
       [
        8.82066,
        53.8317
       ],
       [
        8.8435,
        53.83077
       ],
       [
        8.86762,
        53.82977
       ],
       [
        8.89289,
        53.82905
       ],
       [
        8.89529,
        53.82915
       ],
       [
        8.90782,
        53.8303
       ],
       [
        8.91895,
        53.83142
       ],
       [
        8.96335,
        53.83818
       ],
       [
        8.97449,
        53.83987
       ],
       [
        8.97674,
        53.84017
       ],
       [
        8.9781,
        53.84023
       ],
       [
        8.98038,
        53.84029
       ],
       [
        8.98311,
        53.84007
       ],
       [
        9.0226,
        53.83578
       ],
       [
        9.01801,
        53.83824
       ],
       [
        9.01621,
        53.83967
       ],
       [
        8.99461,
        53.87262
       ],
       [
        9.0073,
        53.87608
       ],
       [
        9.02249,
        53.87929
       ],
       [
        9.03855,
        53.88072
       ],
       [
        9.04929,
        53.88134
       ],
       [
        9.05766,
        53.88118
       ],
       [
        9.08192,
        53.88048
       ],
       [
        9.16899,
        53.87961
       ],
       [
        9.19912,
        53.88017
       ],
       [
        9.20793,
        53.87998
       ],
       [
        9.2313,
        53.87749
       ],
       [
        9.27245,
        53.86831
       ],
       [
        9.28979,
        53.86359
       ],
       [
        9.30185,
        53.85833
       ],
       [
        9.31967,
        53.85054
       ],
       [
        9.36588,
        53.81167
       ],
       [
        9.36974,
        53.80726
       ],
       [
        9.37497,
        53.80041
       ],
       [
        9.37548,
        53.79975
       ],
       [
        9.37804,
        53.79638
       ],
       [
        9.38993,
        53.78109
       ],
       [
        9.41321,
        53.75138
       ],
       [
        9.42319,
        53.74102
       ],
       [
        9.42395,
        53.74024
       ],
       [
        9.43189,
        53.73335
       ],
       [
        9.44011,
        53.72835
       ],
       [
        9.44932,
        53.72395
       ],
       [
        9.48654,
        53.70708
       ],
       [
        9.50117,
        53.69717
       ],
       [
        9.50732,
        53.69221
       ],
       [
        9.50749,
        53.69206
       ],
       [
        9.50986,
        53.68978
       ],
       [
        9.51149,
        53.68817
       ],
       [
        9.51199,
        53.68737
       ],
       [
        9.52192,
        53.6714
       ],
       [
        9.52533,
        53.66548
       ],
       [
        9.52688,
        53.66266
       ],
       [
        9.52997,
        53.65691
       ],
       [
        9.53101,
        53.64562
       ],
       [
        9.53167,
        53.64317
       ],
       [
        9.5358,
        53.63356
       ],
       [
        9.54178,
        53.62456
       ],
       [
        9.55072,
        53.61621
       ],
       [
        9.58963,
        53.59837
       ],
       [
        9.67304,
        53.56589
       ],
       [
        9.69915,
        53.56009
       ],
       [
        9.70468,
        53.55923
       ],
       [
        9.71346,
        53.55841
       ],
       [
        9.72569,
        53.55744
       ],
       [
        9.72975,
        53.55714
       ],
       [
        9.77397,
        53.55455
       ],
       [
        9.77096,
        53.52866
       ],
       [
        9.76397,
        53.50947
       ],
       [
        9.7639,
        53.50914
       ],
       [
        9.76411,
        53.50891
       ],
       [
        9.76839,
        53.50472
       ],
       [
        9.7852,
        53.4997
       ],
       [
        9.7842,
        53.49208
       ],
       [
        9.79809,
        53.47072
       ],
       [
        9.84945,
        53.43973
       ],
       [
        9.86118,
        53.4292
       ],
       [
        9.8635,
        53.43023
       ],
       [
        9.86576,
        53.43125
       ],
       [
        9.87286,
        53.44188
       ],
       [
        9.89819,
        53.45703
       ],
       [
        9.90349,
        53.45648
       ],
       [
        9.9147,
        53.44426
       ],
       [
        9.91553,
        53.4423
       ],
       [
        9.91884,
        53.43443
       ],
       [
        9.91883,
        53.4338
       ],
       [
        9.91641,
        53.4243
       ],
       [
        9.97342,
        53.41318
       ],
       [
        9.97514,
        53.41361
       ],
       [
        9.9853,
        53.41621
       ],
       [
        10.01645,
        53.42753
       ],
       [
        10.04585,
        53.44462
       ],
       [
        10.0507,
        53.44926
       ],
       [
        10.04321,
        53.45256
       ],
       [
        10.04219,
        53.45642
       ],
       [
        10.05128,
        53.46382
       ],
       [
        10.05271,
        53.46476
       ],
       [
        10.08259,
        53.45271
       ],
       [
        10.08552,
        53.45068
       ],
       [
        10.09652,
        53.44113
       ],
       [
        10.10517,
        53.42951
       ],
       [
        10.10849,
        53.42694
       ],
       [
        10.16446,
        53.39948
       ],
       [
        10.16825,
        53.39808
       ],
       [
        10.17211,
        53.39703
       ],
       [
        10.17589,
        53.39641
       ],
       [
        10.17644,
        53.39637
       ],
       [
        10.17882,
        53.3962
       ],
       [
        10.22995,
        53.39493
       ],
       [
        10.23455,
        53.39523
       ],
       [
        10.23745,
        53.39596
       ],
       [
        10.24056,
        53.39737
       ],
       [
        10.2433,
        53.39944
       ],
       [
        10.25078,
        53.40957
       ],
       [
        10.25165,
        53.41075
       ],
       [
        10.25519,
        53.41529
       ],
       [
        10.25713,
        53.41704
       ],
       [
        10.2594,
        53.41831
       ],
       [
        10.26288,
        53.41948
       ],
       [
        10.26581,
        53.42031
       ],
       [
        10.28372,
        53.42443
       ],
       [
        10.29104,
        53.42661
       ],
       [
        10.30815,
        53.43354
       ],
       [
        10.32769,
        53.42568
       ],
       [
        10.33084,
        53.42484
       ],
       [
        10.33554,
        53.42468
       ],
       [
        10.33888,
        53.42479
       ],
       [
        10.34906,
        53.4252
       ],
       [
        10.36454,
        53.42584
       ],
       [
        10.36508,
        53.42586
       ],
       [
        10.36943,
        53.42549
       ],
       [
        10.3731,
        53.42496
       ],
       [
        10.37798,
        53.42369
       ],
       [
        10.3907,
        53.4166
       ],
       [
        10.40034,
        53.41151
       ],
       [
        10.41237,
        53.4061
       ],
       [
        10.43279,
        53.39745
       ],
       [
        10.4472,
        53.39206
       ],
       [
        10.45168,
        53.3906
       ],
       [
        10.4733,
        53.38455
       ],
       [
        10.49379,
        53.37646
       ],
       [
        10.49997,
        53.37433
       ],
       [
        10.50322,
        53.37351
       ],
       [
        10.50741,
        53.37282
       ],
       [
        10.53064,
        53.37011
       ],
       [
        10.54392,
        53.36861
       ],
       [
        10.57094,
        53.36266
       ],
       [
        10.57946,
        53.35907
       ],
       [
        10.59593,
        53.36223
       ],
       [
        10.60381,
        53.3655
       ],
       [
        10.61121,
        53.368
       ],
       [
        10.61655,
        53.36927
       ],
       [
        10.62029,
        53.36964
       ],
       [
        10.63995,
        53.37044
       ],
       [
        10.69959,
        53.37042
       ],
       [
        10.7045,
        53.37017
       ],
       [
        10.708,
        53.36903
       ],
       [
        10.71164,
        53.3675
       ],
       [
        10.72625,
        53.35942
       ],
       [
        10.73026,
        53.35667
       ],
       [
        10.73351,
        53.35359
       ],
       [
        10.73658,
        53.34927
       ],
       [
        10.73842,
        53.3449
       ],
       [
        10.7765,
        53.32281
       ],
       [
        10.78735,
        53.31739
       ],
       [
        10.79071,
        53.31613
       ],
       [
        10.83411,
        53.30489
       ],
       [
        10.85061,
        53.30986
       ],
       [
        10.88036,
        53.32159
       ],
       [
        10.88799,
        53.32485
       ],
       [
        10.888,
        53.32603
       ],
       [
        10.88765,
        53.32726
       ],
       [
        10.91771,
        53.34809
       ],
       [
        10.98683,
        53.33375
       ],
       [
        11.02698,
        53.2792
       ],
       [
        11.06311,
        53.23684
       ],
       [
        11.06548,
        53.23444
       ],
       [
        11.082,
        53.22043
       ],
       [
        11.08276,
        53.21983
       ],
       [
        11.09258,
        53.21325
       ],
       [
        11.13857,
        53.1927
       ],
       [
        11.15944,
        53.18736
       ],
       [
        11.17938,
        53.1868
       ],
       [
        11.1798,
        53.18679
       ],
       [
        11.19297,
        53.18202
       ],
       [
        11.19511,
        53.17621
       ],
       [
        11.1847,
        53.16472
       ],
       [
        11.18295,
        53.16307
       ],
       [
        11.17137,
        53.15705
       ],
       [
        11.17991,
        53.14877
       ],
       [
        11.21168,
        53.14323
       ],
       [
        11.21374,
        53.14388
       ],
       [
        11.21619,
        53.14404
       ],
       [
        11.21863,
        53.14396
       ],
       [
        11.22777,
        53.14262
       ],
       [
        11.23036,
        53.14194
       ],
       [
        11.23576,
        53.1404
       ],
       [
        11.23627,
        53.14025
       ],
       [
        11.2426,
        53.13796
       ],
       [
        11.24766,
        53.13519
       ],
       [
        11.24842,
        53.13477
       ],
       [
        11.2561,
        53.13021
       ],
       [
        11.26128,
        53.12657
       ],
       [
        11.26559,
        53.12339
       ],
       [
        11.26817,
        53.12105
       ],
       [
        11.26958,
        53.10501
       ],
       [
        11.26983,
        53.1023
       ],
       [
        11.27051,
        53.10012
       ],
       [
        11.27293,
        53.09749
       ],
       [
        11.27764,
        53.09396
       ],
       [
        11.28437,
        53.08948
       ],
       [
        11.33233,
        53.05907
       ],
       [
        11.3367,
        53.05644
       ],
       [
        11.3398,
        53.05534
       ],
       [
        11.34398,
        53.05488
       ],
       [
        11.34847,
        53.05485
       ],
       [
        11.35244,
        53.05548
       ],
       [
        11.36453,
        53.05906
       ],
       [
        11.37757,
        53.06351
       ],
       [
        11.38174,
        53.06502
       ],
       [
        11.38641,
        53.06672
       ],
       [
        11.39087,
        53.06856
       ],
       [
        11.39417,
        53.07007
       ],
       [
        11.39816,
        53.07163
       ],
       [
        11.40377,
        53.07301
       ],
       [
        11.43833,
        53.07841
       ],
       [
        11.44433,
        53.07907
       ],
       [
        11.44999,
        53.07893
       ],
       [
        11.45221,
        53.07858
       ],
       [
        11.45456,
        53.07819
       ],
       [
        11.45918,
        53.07662
       ],
       [
        11.46287,
        53.07488
       ],
       [
        11.46616,
        53.07297
       ],
       [
        11.47526,
        53.06643
       ],
       [
        11.4849,
        53.05982
       ],
       [
        11.49676,
        53.05214
       ],
       [
        11.49878,
        53.05103
       ],
       [
        11.50133,
        53.04984
       ],
       [
        11.5042,
        53.04891
       ],
       [
        11.50699,
        53.04805
       ],
       [
        11.51029,
        53.04744
       ],
       [
        11.51362,
        53.04689
       ],
       [
        11.58345,
        53.03605
       ],
       [
        11.58761,
        53.03568
       ],
       [
        11.59036,
        53.03565
       ],
       [
        11.5934,
        53.03585
       ],
       [
        11.5977,
        53.03666
       ],
       [
        11.56383,
        53.01323
       ],
       [
        11.52595,
        53.00695
       ],
       [
        11.52431,
        53.00721
       ],
       [
        11.51104,
        53.00725
       ],
       [
        11.49161,
        52.95964
       ],
       [
        11.50527,
        52.94159
       ],
       [
        11.50532,
        52.94154
       ],
       [
        11.49016,
        52.94132
       ],
       [
        11.46976,
        52.93876
       ],
       [
        11.46168,
        52.93605
       ],
       [
        11.45164,
        52.93266
       ],
       [
        11.39062,
        52.90167
       ],
       [
        11.31716,
        52.87899
       ],
       [
        11.31069,
        52.87757
       ],
       [
        11.29671,
        52.87498
       ],
       [
        11.29565,
        52.87504
       ],
       [
        11.26891,
        52.88106
       ],
       [
        11.23667,
        52.88858
       ],
       [
        11.23586,
        52.88932
       ],
       [
        11.22086,
        52.89826
       ],
       [
        11.20744,
        52.89983
       ],
       [
        11.19981,
        52.90055
       ],
       [
        11.18393,
        52.9015
       ],
       [
        11.15679,
        52.90242
       ],
       [
        11.13794,
        52.89811
       ],
       [
        11.1137,
        52.89588
       ],
       [
        11.10991,
        52.89584
       ],
       [
        11.10306,
        52.89651
       ],
       [
        11.0995,
        52.8971
       ],
       [
        11.09645,
        52.89807
       ],
       [
        11.09394,
        52.89942
       ],
       [
        11.09773,
        52.91034
       ],
       [
        11.09872,
        52.91318
       ],
       [
        11.0948,
        52.9133
       ],
       [
        11.08966,
        52.91341
       ],
       [
        11.02799,
        52.91305
       ],
       [
        11.00288,
        52.91175
       ],
       [
        10.99832,
        52.91095
       ],
       [
        10.99263,
        52.9074
       ],
       [
        10.98963,
        52.90111
       ],
       [
        10.98912,
        52.88707
       ],
       [
        10.98533,
        52.88324
       ],
       [
        10.98493,
        52.88283
       ],
       [
        10.98186,
        52.8798
       ],
       [
        10.94118,
        52.85381
       ],
       [
        10.94002,
        52.85338
       ],
       [
        10.93902,
        52.85313
       ],
       [
        10.88971,
        52.84626
       ],
       [
        10.87617,
        52.84815
       ],
       [
        10.86016,
        52.85212
       ],
       [
        10.84102,
        52.85278
       ],
       [
        10.83493,
        52.84781
       ],
       [
        10.82232,
        52.8477
       ],
       [
        10.7995,
        52.85088
       ],
       [
        10.76559,
        52.8431
       ],
       [
        10.76518,
        52.84107
       ],
       [
        10.76574,
        52.84049
       ],
       [
        10.77069,
        52.83489
       ],
       [
        10.76142,
        52.8
       ],
       [
        10.75826,
        52.79495
       ],
       [
        10.755,
        52.78634
       ],
       [
        10.75434,
        52.78449
       ],
       [
        10.76102,
        52.77725
       ],
       [
        10.77396,
        52.76321
       ],
       [
        10.7882,
        52.73265
       ],
       [
        10.79675,
        52.71422
       ],
       [
        10.80379,
        52.71392
       ],
       [
        10.81392,
        52.71559
       ],
       [
        10.82277,
        52.71751
       ],
       [
        10.82693,
        52.71606
       ],
       [
        10.83441,
        52.70764
       ],
       [
        10.83448,
        52.70736
       ],
       [
        10.8398,
        52.69406
       ],
       [
        10.85157,
        52.68063
       ],
       [
        10.86015,
        52.6741
       ],
       [
        10.87611,
        52.66349
       ],
       [
        10.89637,
        52.64226
       ],
       [
        10.90903,
        52.62598
       ],
       [
        10.91386,
        52.61822
       ],
       [
        10.92067,
        52.60989
       ],
       [
        10.92574,
        52.609
       ],
       [
        10.94264,
        52.61518
       ],
       [
        10.94546,
        52.62042
       ],
       [
        10.94555,
        52.62058
       ],
       [
        10.96468,
        52.62624
       ],
       [
        10.97464,
        52.62449
       ],
       [
        10.97663,
        52.62412
       ],
       [
        10.97617,
        52.61347
       ],
       [
        10.97472,
        52.60886
       ],
       [
        10.974,
        52.60663
       ],
       [
        10.97325,
        52.60513
       ],
       [
        10.97222,
        52.60423
       ],
       [
        10.95464,
        52.5946
       ],
       [
        10.93974,
        52.58917
       ],
       [
        10.93646,
        52.56757
       ],
       [
        10.9429,
        52.55497
       ],
       [
        10.94882,
        52.54611
       ],
       [
        10.95393,
        52.54052
       ],
       [
        10.95947,
        52.53514
       ],
       [
        10.97413,
        52.52247
       ],
       [
        11.00906,
        52.49659
       ],
       [
        10.98221,
        52.49646
       ],
       [
        10.94643,
        52.48569
       ],
       [
        10.93264,
        52.47146
       ],
       [
        10.93402,
        52.46176
       ],
       [
        10.97254,
        52.43027
       ],
       [
        11.00388,
        52.40929
       ],
       [
        11.03688,
        52.38953
       ],
       [
        11.04263,
        52.38865
       ],
       [
        11.04556,
        52.38787
       ],
       [
        11.07389,
        52.37414
       ],
       [
        11.07403,
        52.37338
       ],
       [
        11.06759,
        52.35505
       ],
       [
        11.05417,
        52.34932
       ],
       [
        11.03772,
        52.3466
       ],
       [
        11.02722,
        52.3468
       ],
       [
        11.02222,
        52.34772
       ],
       [
        10.99015,
        52.34365
       ],
       [
        10.98232,
        52.34232
       ],
       [
        10.98617,
        52.33576
       ],
       [
        11.00152,
        52.33614
       ],
       [
        11.03587,
        52.31054
       ],
       [
        11.03873,
        52.30129
       ],
       [
        11.03708,
        52.29997
       ],
       [
        11.03505,
        52.29883
       ],
       [
        11.0314,
        52.29729
       ],
       [
        11.0297,
        52.2969
       ],
       [
        11.02794,
        52.29665
       ],
       [
        11.02587,
        52.2964
       ],
       [
        11.02376,
        52.29627
       ],
       [
        11.021,
        52.29609
       ],
       [
        11.01162,
        52.29104
       ],
       [
        11.0115,
        52.28756
       ],
       [
        11.02265,
        52.27834
       ],
       [
        11.03566,
        52.27221
       ],
       [
        11.05178,
        52.25352
       ],
       [
        11.05873,
        52.24203
       ],
       [
        11.07339,
        52.24248
       ],
       [
        11.08139,
        52.23387
       ],
       [
        11.08593,
        52.22895
       ],
       [
        11.07553,
        52.21855
       ],
       [
        11.06981,
        52.21824
       ],
       [
        11.06754,
        52.21803
       ],
       [
        11.03146,
        52.21182
       ],
       [
        11.02934,
        52.21134
       ],
       [
        11.02571,
        52.20986
       ],
       [
        11.02258,
        52.2074
       ],
       [
        11.01333,
        52.19859
       ],
       [
        11.01285,
        52.18871
       ],
       [
        11.01301,
        52.18564
       ],
       [
        11.0137,
        52.18233
       ],
       [
        11.01608,
        52.18023
       ],
       [
        11.01874,
        52.17824
       ],
       [
        11.02007,
        52.17747
       ],
       [
        11.02058,
        52.17719
       ],
       [
        11.0243,
        52.17558
       ],
       [
        11.02921,
        52.17366
       ],
       [
        11.03231,
        52.17253
       ],
       [
        11.03436,
        52.17201
       ],
       [
        11.03527,
        52.1718
       ],
       [
        11.03649,
        52.17173
       ],
       [
        11.04612,
        52.17267
       ],
       [
        11.05365,
        52.17341
       ],
       [
        11.05431,
        52.17343
       ],
       [
        11.05659,
        52.17333
       ],
       [
        11.05876,
        52.1732
       ],
       [
        11.06003,
        52.17182
       ],
       [
        11.06107,
        52.16498
       ],
       [
        11.05956,
        52.15443
       ],
       [
        11.03675,
        52.13447
       ],
       [
        11.01096,
        52.1216
       ],
       [
        10.98811,
        52.11228
       ],
       [
        10.9672,
        52.10774
       ],
       [
        10.96235,
        52.10743
       ],
       [
        10.9592,
        52.10698
       ],
       [
        10.9415,
        52.1038
       ],
       [
        10.93993,
        52.09688
       ],
       [
        10.93992,
        52.09584
       ],
       [
        10.94011,
        52.0951
       ],
       [
        10.94045,
        52.09468
       ],
       [
        10.94178,
        52.094
       ],
       [
        10.94337,
        52.09341
       ],
       [
        10.94613,
        52.09251
       ],
       [
        10.95707,
        52.08897
       ],
       [
        10.95842,
        52.08878
       ],
       [
        10.95922,
        52.08878
       ],
       [
        10.9613,
        52.08896
       ],
       [
        10.96389,
        52.08907
       ],
       [
        10.96636,
        52.08875
       ],
       [
        10.96836,
        52.08781
       ],
       [
        10.96975,
        52.08676
       ],
       [
        10.97024,
        52.08615
       ],
       [
        10.97036,
        52.08569
       ],
       [
        10.97286,
        52.07413
       ],
       [
        10.97276,
        52.07326
       ],
       [
        10.97248,
        52.07272
       ],
       [
        10.96407,
        52.05733
       ],
       [
        10.962,
        52.05779
       ],
       [
        10.95972,
        52.05798
       ],
       [
        10.95527,
        52.05832
       ],
       [
        10.93754,
        52.0596
       ],
       [
        10.93472,
        52.05965
       ],
       [
        10.87757,
        52.05925
       ],
       [
        10.87491,
        52.05889
       ],
       [
        10.87265,
        52.05821
       ],
       [
        10.86881,
        52.05649
       ],
       [
        10.86368,
        52.0541
       ],
       [
        10.85929,
        52.05223
       ],
       [
        10.85458,
        52.05094
       ],
       [
        10.85027,
        52.05013
       ],
       [
        10.82915,
        52.048
       ],
       [
        10.82713,
        52.04796
       ],
       [
        10.8036,
        52.04814
       ],
       [
        10.80101,
        52.0483
       ],
       [
        10.78707,
        52.05023
       ],
       [
        10.78613,
        52.05036
       ],
       [
        10.71186,
        52.04964
       ],
       [
        10.70635,
        52.04947
       ],
       [
        10.70128,
        52.04911
       ],
       [
        10.69636,
        52.04873
       ],
       [
        10.66201,
        52.0446
       ],
       [
        10.66151,
        52.04452
       ],
       [
        10.64826,
        52.04206
       ],
       [
        10.6519,
        52.033
       ],
       [
        10.65489,
        52.03329
       ],
       [
        10.65704,
        52.02927
       ],
       [
        10.65529,
        52.0254
       ],
       [
        10.63563,
        52.01388
       ],
       [
        10.60018,
        52.0073
       ],
       [
        10.56148,
        52.00464
       ],
       [
        10.56758,
        52.0
       ],
       [
        10.5729,
        51.99588
       ],
       [
        10.58079,
        51.98883
       ],
       [
        10.58345,
        51.98628
       ],
       [
        10.58541,
        51.98367
       ],
       [
        10.58664,
        51.98094
       ],
       [
        10.62344,
        51.95785
       ],
       [
        10.63143,
        51.95903
       ],
       [
        10.63478,
        51.95986
       ],
       [
        10.63792,
        51.96074
       ],
       [
        10.64183,
        51.9628
       ],
       [
        10.65119,
        51.95749
       ],
       [
        10.64837,
        51.95448
       ],
       [
        10.64267,
        51.95296
       ],
       [
        10.62453,
        51.94911
       ],
       [
        10.61857,
        51.94398
       ],
       [
        10.6129,
        51.93841
       ],
       [
        10.61347,
        51.92147
       ],
       [
        10.63284,
        51.91711
       ],
       [
        10.64035,
        51.91398
       ],
       [
        10.64668,
        51.90888
       ],
       [
        10.64741,
        51.908
       ],
       [
        10.64805,
        51.90701
       ],
       [
        10.65052,
        51.90152
       ],
       [
        10.65096,
        51.89953
       ],
       [
        10.65105,
        51.89846
       ],
       [
        10.65082,
        51.89111
       ],
       [
        10.65064,
        51.89028
       ],
       [
        10.65007,
        51.88935
       ],
       [
        10.64911,
        51.88852
       ],
       [
        10.6356,
        51.87746
       ],
       [
        10.62781,
        51.87119
       ],
       [
        10.60635,
        51.86125
       ],
       [
        10.58426,
        51.85251
       ],
       [
        10.58323,
        51.85201
       ],
       [
        10.58232,
        51.85144
       ],
       [
        10.58093,
        51.8503
       ],
       [
        10.5792,
        51.84886
       ],
       [
        10.57856,
        51.84818
       ],
       [
        10.57642,
        51.84367
       ],
       [
        10.57622,
        51.84307
       ],
       [
        10.57605,
        51.81398
       ],
       [
        10.57974,
        51.78222
       ],
       [
        10.59186,
        51.76765
       ],
       [
        10.60628,
        51.762
       ],
       [
        10.63135,
        51.73961
       ],
       [
        10.6686,
        51.69614
       ],
       [
        10.66359,
        51.69082
       ],
       [
        10.66704,
        51.67982
       ],
       [
        10.67079,
        51.66826
       ],
       [
        10.67119,
        51.66751
       ],
       [
        10.69138,
        51.64649
       ],
       [
        10.69255,
        51.64536
       ],
       [
        10.69378,
        51.64446
       ],
       [
        10.69471,
        51.64382
       ],
       [
        10.69637,
        51.64311
       ],
       [
        10.699,
        51.64224
       ],
       [
        10.70089,
        51.64161
       ],
       [
        10.67558,
        51.63816
       ],
       [
        10.67717,
        51.63151
       ],
       [
        10.67041,
        51.62898
       ],
       [
        10.66057,
        51.62633
       ],
       [
        10.64094,
        51.62243
       ],
       [
        10.63825,
        51.61899
       ],
       [
        10.63302,
        51.6022
       ],
       [
        10.63272,
        51.5967
       ],
       [
        10.63834,
        51.58457
       ],
       [
        10.64751,
        51.58331
       ],
       [
        10.66519,
        51.57785
       ],
       [
        10.66584,
        51.57571
       ],
       [
        10.65789,
        51.56632
       ],
       [
        10.6523,
        51.56094
       ],
       [
        10.63639,
        51.56214
       ],
       [
        10.63323,
        51.56354
       ],
       [
        10.62933,
        51.56732
       ],
       [
        10.59847,
        51.57529
       ],
       [
        10.58693,
        51.56639
       ],
       [
        10.56152,
        51.55668
       ],
       [
        10.51898,
        51.55365
       ],
       [
        10.5099,
        51.55618
       ],
       [
        10.50307,
        51.56208
       ],
       [
        10.49135,
        51.57428
       ],
       [
        10.44635,
        51.58808
       ],
       [
        10.44519,
        51.58864
       ],
       [
        10.43038,
        51.59217
       ],
       [
        10.42773,
        51.59217
       ],
       [
        10.38753,
        51.58635
       ],
       [
        10.37626,
        51.5819
       ],
       [
        10.37832,
        51.57969
       ],
       [
        10.37894,
        51.57854
       ],
       [
        10.37919,
        51.57727
       ],
       [
        10.37937,
        51.57053
       ],
       [
        10.37903,
        51.56594
       ],
       [
        10.37852,
        51.56263
       ],
       [
        10.37799,
        51.56118
       ],
       [
        10.37673,
        51.55995
       ],
       [
        10.36719,
        51.55515
       ],
       [
        10.37189,
        51.55372
       ],
       [
        10.36656,
        51.54147
       ],
       [
        10.36153,
        51.53632
       ],
       [
        10.34407,
        51.52042
       ],
       [
        10.30053,
        51.49515
       ],
       [
        10.29656,
        51.49373
       ],
       [
        10.23786,
        51.47787
       ],
       [
        10.21627,
        51.47854
       ],
       [
        10.21613,
        51.47872
       ],
       [
        10.20613,
        51.48723
       ],
       [
        10.20293,
        51.48693
       ],
       [
        10.18977,
        51.48088
       ],
       [
        10.17843,
        51.47076
       ],
       [
        10.1535,
        51.43184
       ],
       [
        10.1511,
        51.43034
       ],
       [
        10.14447,
        51.42976
       ],
       [
        10.10563,
        51.43384
       ],
       [
        10.09045,
        51.43604
       ],
       [
        10.07933,
        51.43461
       ],
       [
        10.04303,
        51.42809
       ],
       [
        10.03341,
        51.42117
       ],
       [
        10.00125,
        51.40463
       ],
       [
        9.98753,
        51.39838
       ],
       [
        9.94283,
        51.37845
       ],
       [
        9.92842,
        51.37566
       ],
       [
        9.93118,
        51.38123
       ],
       [
        9.93117,
        51.38215
       ],
       [
        9.92788,
        51.39722
       ],
       [
        9.92691,
        51.39877
       ],
       [
        9.90605,
        51.42147
       ],
       [
        9.85054,
        51.41453
       ],
       [
        9.85017,
        51.40175
       ],
       [
        9.85576,
        51.38568
       ],
       [
        9.85953,
        51.37924
       ],
       [
        9.86832,
        51.37309
       ],
       [
        9.86585,
        51.3719
       ],
       [
        9.86096,
        51.37174
       ],
       [
        9.85356,
        51.37274
       ],
       [
        9.84914,
        51.37423
       ],
       [
        9.8411,
        51.38252
       ],
       [
        9.83936,
        51.38458
       ],
       [
        9.83951,
        51.40201
       ],
       [
        9.82146,
        51.40968
       ],
       [
        9.81904,
        51.41017
       ],
       [
        9.81106,
        51.41129
       ],
       [
        9.80091,
        51.41032
       ],
       [
        9.7934,
        51.40733
       ],
       [
        9.7591,
        51.38639
       ],
       [
        9.7035,
        51.36528
       ],
       [
        9.70196,
        51.36092
       ],
       [
        9.73607,
        51.32886
       ],
       [
        9.76313,
        51.33737
       ],
       [
        9.77124,
        51.33765
       ],
       [
        9.77378,
        51.32778
       ],
       [
        9.76786,
        51.30671
       ],
       [
        9.75793,
        51.30464
       ],
       [
        9.73143,
        51.29542
       ],
       [
        9.73033,
        51.29633
       ],
       [
        9.72949,
        51.29693
       ],
       [
        9.72887,
        51.29731
       ],
       [
        9.72826,
        51.29765
       ],
       [
        9.72768,
        51.29792
       ],
       [
        9.72702,
        51.29816
       ],
       [
        9.67979,
        51.31167
       ],
       [
        9.6509,
        51.31425
       ],
       [
        9.62876,
        51.31863
       ],
       [
        9.61409,
        51.32747
       ],
       [
        9.58117,
        51.34151
       ],
       [
        9.56802,
        51.3393
       ],
       [
        9.55656,
        51.35201
       ],
       [
        9.55372,
        51.35597
       ],
       [
        9.55959,
        51.38005
       ],
       [
        9.55978,
        51.38059
       ],
       [
        9.5601,
        51.38142
       ],
       [
        9.56041,
        51.38209
       ],
       [
        9.56126,
        51.38342
       ],
       [
        9.56242,
        51.38476
       ],
       [
        9.56346,
        51.38585
       ],
       [
        9.57822,
        51.40098
       ],
       [
        9.57876,
        51.40136
       ],
       [
        9.57931,
        51.4016
       ],
       [
        9.58018,
        51.40183
       ],
       [
        9.61452,
        51.40841
       ],
       [
        9.62884,
        51.40888
       ],
       [
        9.64088,
        51.41578
       ],
       [
        9.64126,
        51.41801
       ],
       [
        9.64118,
        51.4183
       ],
       [
        9.64085,
        51.41868
       ],
       [
        9.62789,
        51.44357
       ],
       [
        9.61938,
        51.48045
       ],
       [
        9.61038,
        51.48924
       ],
       [
        9.60899,
        51.49077
       ],
       [
        9.58648,
        51.51595
       ],
       [
        9.58602,
        51.51687
       ],
       [
        9.58582,
        51.51758
       ],
       [
        9.58584,
        51.51844
       ],
       [
        9.58606,
        51.51929
       ],
       [
        9.58649,
        51.52014
       ],
       [
        9.58702,
        51.52085
       ],
       [
        9.58738,
        51.52118
       ],
       [
        9.58813,
        51.52175
       ],
       [
        9.58884,
        51.52216
       ],
       [
        9.58969,
        51.5225
       ],
       [
        9.59131,
        51.52291
       ],
       [
        9.5928,
        51.52308
       ],
       [
        9.59617,
        51.52257
       ],
       [
        9.59893,
        51.52156
       ],
       [
        9.60043,
        51.52119
       ],
       [
        9.60189,
        51.52101
       ],
       [
        9.6033,
        51.52102
       ],
       [
        9.60435,
        51.52114
       ],
       [
        9.60575,
        51.5213
       ],
       [
        9.60687,
        51.5215
       ],
       [
        9.60805,
        51.52179
       ],
       [
        9.60893,
        51.52208
       ],
       [
        9.61001,
        51.52254
       ],
       [
        9.61072,
        51.52291
       ],
       [
        9.61269,
        51.5241
       ],
       [
        9.61445,
        51.5253
       ],
       [
        9.6161,
        51.52652
       ],
       [
        9.61729,
        51.52757
       ],
       [
        9.61834,
        51.5287
       ],
       [
        9.6198,
        51.53062
       ],
       [
        9.62085,
        51.53248
       ],
       [
        9.62164,
        51.53415
       ],
       [
        9.62214,
        51.53579
       ],
       [
        9.62245,
        51.53793
       ],
       [
        9.62727,
        51.54851
       ],
       [
        9.64775,
        51.55217
       ],
       [
        9.63529,
        51.55859
       ],
       [
        9.62844,
        51.56633
       ],
       [
        9.62516,
        51.57254
       ],
       [
        9.62516,
        51.57877
       ],
       [
        9.62782,
        51.58181
       ],
       [
        9.63056,
        51.58356
       ],
       [
        9.63382,
        51.58443
       ],
       [
        9.65143,
        51.57843
       ],
       [
        9.67246,
        51.5687
       ],
       [
        9.68499,
        51.58263
       ],
       [
        9.67125,
        51.58744
       ],
       [
        9.66099,
        51.59275
       ],
       [
        9.63889,
        51.60806
       ],
       [
        9.63757,
        51.60897
       ],
       [
        9.63676,
        51.60992
       ],
       [
        9.63447,
        51.62608
       ],
       [
        9.63077,
        51.63374
       ],
       [
        9.62446,
        51.63736
       ],
       [
        9.61429,
        51.63253
       ],
       [
        9.61344,
        51.63134
       ],
       [
        9.61232,
        51.6301
       ],
       [
        9.61155,
        51.62952
       ],
       [
        9.61081,
        51.62921
       ],
       [
        9.59283,
        51.62601
       ],
       [
        9.58398,
        51.62486
       ],
       [
        9.57981,
        51.62444
       ],
       [
        9.56848,
        51.62376
       ],
       [
        9.51644,
        51.62628
       ],
       [
        9.51398,
        51.62648
       ],
       [
        9.51127,
        51.6267
       ],
       [
        9.50842,
        51.62712
       ],
       [
        9.5056,
        51.62777
       ],
       [
        9.5026,
        51.62858
       ],
       [
        9.50199,
        51.62876
       ],
       [
        9.5008,
        51.62912
       ],
       [
        9.49888,
        51.62981
       ],
       [
        9.49779,
        51.63032
       ],
       [
        9.4966,
        51.63094
       ],
       [
        9.49507,
        51.63183
       ],
       [
        9.4941,
        51.63263
       ],
       [
        9.49316,
        51.63388
       ],
       [
        9.4927,
        51.6353
       ],
       [
        9.49249,
        51.63677
       ],
       [
        9.49279,
        51.63852
       ],
       [
        9.49331,
        51.6404
       ],
       [
        9.49751,
        51.65405
       ],
       [
        9.43896,
        51.65067
       ],
       [
        9.41519,
        51.64718
       ],
       [
        9.39403,
        51.64602
       ],
       [
        9.38708,
        51.64597
       ],
       [
        9.38233,
        51.64724
       ],
       [
        9.37539,
        51.65031
       ],
       [
        9.37551,
        51.6512
       ],
       [
        9.37576,
        51.65246
       ],
       [
        9.37775,
        51.66237
       ],
       [
        9.37803,
        51.6631
       ],
       [
        9.37845,
        51.66408
       ],
       [
        9.37902,
        51.66496
       ],
       [
        9.37991,
        51.6663
       ],
       [
        9.38084,
        51.66743
       ],
       [
        9.38182,
        51.66827
       ],
       [
        9.38276,
        51.66895
       ],
       [
        9.3836,
        51.66944
       ],
       [
        9.38426,
        51.66972
       ],
       [
        9.38505,
        51.67001
       ],
       [
        9.38648,
        51.67047
       ],
       [
        9.39463,
        51.68009
       ],
       [
        9.40128,
        51.70003
       ],
       [
        9.40146,
        51.70074
       ],
       [
        9.40149,
        51.70129
       ],
       [
        9.40141,
        51.70211
       ],
       [
        9.40122,
        51.70281
       ],
       [
        9.40097,
        51.70343
       ],
       [
        9.40052,
        51.70425
       ],
       [
        9.39993,
        51.705
       ],
       [
        9.39918,
        51.70577
       ],
       [
        9.39806,
        51.70685
       ],
       [
        9.39703,
        51.70781
       ],
       [
        9.38734,
        51.72268
       ],
       [
        9.37612,
        51.74081
       ],
       [
        9.37565,
        51.7421
       ],
       [
        9.37562,
        51.74346
       ],
       [
        9.37584,
        51.74417
       ],
       [
        9.37628,
        51.74491
       ],
       [
        9.38456,
        51.75457
       ],
       [
        9.39952,
        51.75868
       ],
       [
        9.44721,
        51.7942
       ],
       [
        9.44766,
        51.79502
       ],
       [
        9.44042,
        51.82539
       ],
       [
        9.44399,
        51.84635
       ],
       [
        9.42385,
        51.85578
       ],
       [
        9.36604,
        51.86467
       ],
       [
        9.3612,
        51.86484
       ],
       [
        9.34631,
        51.86049
       ],
       [
        9.3428,
        51.85682
       ],
       [
        9.33884,
        51.85532
       ],
       [
        9.33632,
        51.85453
       ],
       [
        9.3335,
        51.85398
       ],
       [
        9.32936,
        51.85394
       ],
       [
        9.32735,
        51.8541
       ],
       [
        9.32586,
        51.85448
       ],
       [
        9.32397,
        51.85504
       ],
       [
        9.33017,
        51.85542
       ],
       [
        9.33136,
        51.85572
       ],
       [
        9.33302,
        51.85676
       ],
       [
        9.33414,
        51.85748
       ],
       [
        9.3347,
        51.85821
       ],
       [
        9.33651,
        51.86074
       ],
       [
        9.33811,
        51.86349
       ],
       [
        9.34086,
        51.87241
       ],
       [
        9.34311,
        51.88193
       ],
       [
        9.34447,
        51.89018
       ],
       [
        9.34444,
        51.89195
       ],
       [
        9.34434,
        51.89683
       ],
       [
        9.34076,
        51.9083
       ],
       [
        9.33104,
        51.91686
       ],
       [
        9.31226,
        51.92243
       ],
       [
        9.30944,
        51.92221
       ],
       [
        9.29502,
        51.91903
       ],
       [
        9.28604,
        51.92135
       ],
       [
        9.2725,
        51.93291
       ],
       [
        9.26286,
        51.94625
       ],
       [
        9.2641,
        51.94804
       ],
       [
        9.27174,
        51.95255
       ],
       [
        9.27772,
        51.96207
       ],
       [
        9.26429,
        51.97583
       ],
       [
        9.25575,
        51.97702
       ],
       [
        9.22902,
        51.97495
       ],
       [
        9.21837,
        51.97392
       ],
       [
        9.21655,
        51.97357
       ],
       [
        9.21013,
        51.96553
       ],
       [
        9.21044,
        51.96045
       ],
       [
        9.2059,
        51.95928
       ],
       [
        9.18993,
        51.96449
       ],
       [
        9.17545,
        51.98075
       ],
       [
        9.1739,
        51.98434
       ],
       [
        9.18545,
        51.99954
       ],
       [
        9.19718,
        52.01026
       ],
       [
        9.18877,
        52.02653
       ],
       [
        9.18007,
        52.03024
       ],
       [
        9.17566,
        52.03441
       ],
       [
        9.17316,
        52.04012
       ],
       [
        9.17221,
        52.04757
       ],
       [
        9.17321,
        52.05976
       ],
       [
        9.17341,
        52.06041
       ],
       [
        9.18113,
        52.06798
       ],
       [
        9.18926,
        52.06912
       ],
       [
        9.18964,
        52.07212
       ],
       [
        9.18192,
        52.08034
       ],
       [
        9.17564,
        52.0855
       ],
       [
        9.17477,
        52.08621
       ],
       [
        9.15498,
        52.09733
       ],
       [
        9.14585,
        52.09956
       ],
       [
        9.15858,
        52.12009
       ],
       [
        9.1549,
        52.12687
       ],
       [
        9.15395,
        52.1283
       ],
       [
        9.14541,
        52.13391
       ],
       [
        9.14366,
        52.1349
       ],
       [
        9.12728,
        52.13842
       ],
       [
        9.1139,
        52.13739
       ],
       [
        9.10962,
        52.13344
       ],
       [
        9.10497,
        52.13251
       ],
       [
        9.09949,
        52.1327
       ],
       [
        9.04448,
        52.14164
       ],
       [
        9.01722,
        52.14822
       ],
       [
        9.0169,
        52.17172
       ],
       [
        9.01109,
        52.17755
       ],
       [
        9.00786,
        52.18077
       ],
       [
        8.99265,
        52.18815
       ],
       [
        8.98499,
        52.19426
       ],
       [
        9.00545,
        52.18948
       ],
       [
        9.02123,
        52.18372
       ],
       [
        9.04246,
        52.18439
       ],
       [
        9.04867,
        52.19578
       ],
       [
        9.0451,
        52.20844
       ],
       [
        9.06669,
        52.22518
       ],
       [
        9.07467,
        52.23045
       ],
       [
        9.07577,
        52.23138
       ],
       [
        9.07612,
        52.23241
       ],
       [
        9.07571,
        52.23327
       ],
       [
        9.07475,
        52.23396
       ],
       [
        9.043,
        52.24317
       ],
       [
        9.00602,
        52.25344
       ],
       [
        8.98047,
        52.26091
       ],
       [
        8.97643,
        52.26239
       ],
       [
        8.97254,
        52.26394
       ],
       [
        8.97141,
        52.26471
       ],
       [
        8.96377,
        52.27862
       ],
       [
        8.96459,
        52.28067
       ],
       [
        8.96918,
        52.28129
       ],
       [
        8.9816,
        52.2831
       ],
       [
        8.98586,
        52.28664
       ],
       [
        8.98657,
        52.28745
       ],
       [
        8.98672,
        52.28854
       ],
       [
        8.99145,
        52.31534
       ],
       [
        8.99837,
        52.3269
       ],
       [
        9.0266,
        52.34534
       ],
       [
        9.02714,
        52.34553
       ],
       [
        9.02747,
        52.34561
       ],
       [
        9.02824,
        52.34559
       ],
       [
        9.02929,
        52.34542
       ],
       [
        9.03024,
        52.3451
       ],
       [
        9.03303,
        52.3441
       ],
       [
        9.04014,
        52.34174
       ],
       [
        9.06047,
        52.34027
       ],
       [
        9.07273,
        52.34864
       ],
       [
        9.09767,
        52.37161
       ],
       [
        9.12376,
        52.40592
       ],
       [
        9.12444,
        52.40787
       ],
       [
        9.12523,
        52.41212
       ],
       [
        9.12505,
        52.41653
       ],
       [
        9.12348,
        52.42216
       ],
       [
        9.10972,
        52.43572
       ],
       [
        9.09631,
        52.44199
       ],
       [
        9.09387,
        52.4431
       ],
       [
        9.09453,
        52.44421
       ],
       [
        9.09894,
        52.45157
       ],
       [
        9.10258,
        52.45663
       ],
       [
        9.1256,
        52.46849
       ],
       [
        9.13513,
        52.4756
       ],
       [
        9.13238,
        52.48134
       ],
       [
        9.13213,
        52.48168
       ],
       [
        9.12796,
        52.48455
       ],
       [
        9.08426,
        52.49535
       ],
       [
        9.05466,
        52.50035
       ],
       [
        9.02985,
        52.48072
       ],
       [
        9.0165,
        52.46656
       ],
       [
        8.97322,
        52.42776
       ],
       [
        8.93788,
        52.40216
       ],
       [
        8.93304,
        52.40101
       ],
       [
        8.85579,
        52.38932
       ],
       [
        8.8118,
        52.39525
       ],
       [
        8.7875,
        52.3989
       ],
       [
        8.77925,
        52.39656
       ],
       [
        8.77344,
        52.39492
       ],
       [
        8.74699,
        52.38737
       ],
       [
        8.71643,
        52.3928
       ],
       [
        8.7075,
        52.39569
       ],
       [
        8.70447,
        52.41488
       ],
       [
        8.70334,
        52.4443
       ],
       [
        8.69809,
        52.48647
       ],
       [
        8.70289,
        52.50053
       ],
       [
        8.66673,
        52.52149
       ],
       [
        8.65033,
        52.53104
       ],
       [
        8.62593,
        52.52346
       ],
       [
        8.5569,
        52.50057
       ],
       [
        8.50969,
        52.51478
       ],
       [
        8.47075,
        52.49956
       ],
       [
        8.45955,
        52.49472
       ],
       [
        8.45856,
        52.47555
       ],
       [
        8.45359,
        52.46094
       ],
       [
        8.4295,
        52.4476
       ],
       [
        8.38352,
        52.44452
       ],
       [
        8.36315,
        52.44343
       ],
       [
        8.36081,
        52.44333
       ],
       [
        8.31685,
        52.45384
       ],
       [
        8.29693,
        52.45606
       ],
       [
        8.30693,
        52.44496
       ],
       [
        8.32137,
        52.4256
       ],
       [
        8.32128,
        52.41926
       ],
       [
        8.31786,
        52.4158
       ],
       [
        8.31421,
        52.40557
       ],
       [
        8.32232,
        52.4008
       ],
       [
        8.32383,
        52.40018
       ],
       [
        8.32526,
        52.3998
       ],
       [
        8.35707,
        52.39208
       ],
       [
        8.39358,
        52.38497
       ],
       [
        8.44468,
        52.36146
       ],
       [
        8.46112,
        52.31741
       ],
       [
        8.45864,
        52.30596
       ],
       [
        8.4571,
        52.3024
       ],
       [
        8.45889,
        52.29337
       ],
       [
        8.46382,
        52.27229
       ],
       [
        8.46631,
        52.26755
       ],
       [
        8.46757,
        52.24635
       ],
       [
        8.45257,
        52.22508
       ],
       [
        8.44335,
        52.21527
       ],
       [
        8.44306,
        52.21465
       ],
       [
        8.44318,
        52.21423
       ],
       [
        8.44801,
        52.20034
       ],
       [
        8.46124,
        52.1948
       ],
       [
        8.46243,
        52.19436
       ],
       [
        8.46462,
        52.19374
       ],
       [
        8.48473,
        52.18912
       ],
       [
        8.48727,
        52.18861
       ],
       [
        8.49573,
        52.18753
       ],
       [
        8.4987,
        52.18731
       ],
       [
        8.5018,
        52.18725
       ],
       [
        8.50504,
        52.17935
       ],
       [
        8.49353,
        52.16728
       ],
       [
        8.48251,
        52.16064
       ],
       [
        8.48148,
        52.16007
       ],
       [
        8.4779,
        52.15882
       ],
       [
        8.47179,
        52.15669
       ],
       [
        8.47035,
        52.15627
       ],
       [
        8.46855,
        52.15592
       ],
       [
        8.45855,
        52.15506
       ],
       [
        8.45762,
        52.15504
       ],
       [
        8.45666,
        52.15516
       ],
       [
        8.45542,
        52.15534
       ],
       [
        8.45463,
        52.1554
       ],
       [
        8.45377,
        52.15539
       ],
       [
        8.45295,
        52.15529
       ],
       [
        8.45204,
        52.15506
       ],
       [
        8.43244,
        52.14734
       ],
       [
        8.41634,
        52.13977
       ],
       [
        8.41476,
        52.13901
       ],
       [
        8.41047,
        52.13629
       ],
       [
        8.40887,
        52.13524
       ],
       [
        8.40769,
        52.13422
       ],
       [
        8.4046,
        52.13078
       ],
       [
        8.40395,
        52.12968
       ],
       [
        8.40354,
        52.12801
       ],
       [
        8.40366,
        52.12673
       ],
       [
        8.40414,
        52.12518
       ],
       [
        8.4049,
        52.12368
       ],
       [
        8.41009,
        52.11543
       ],
       [
        8.40439,
        52.1114
       ],
       [
        8.40313,
        52.11102
       ],
       [
        8.40209,
        52.11072
       ],
       [
        8.39666,
        52.10918
       ],
       [
        8.3883,
        52.10818
       ],
       [
        8.3798,
        52.10877
       ],
       [
        8.37319,
        52.10971
       ],
       [
        8.37166,
        52.11108
       ],
       [
        8.36867,
        52.1138
       ],
       [
        8.36341,
        52.11845
       ],
       [
        8.32432,
        52.12543
       ],
       [
        8.31678,
        52.12244
       ],
       [
        8.31486,
        52.11948
       ],
       [
        8.31058,
        52.11852
       ],
       [
        8.29831,
        52.12092
       ],
       [
        8.28498,
        52.12575
       ],
       [
        8.28463,
        52.12722
       ],
       [
        8.28467,
        52.12787
       ],
       [
        8.28511,
        52.1309
       ],
       [
        8.28547,
        52.13211
       ],
       [
        8.28588,
        52.13278
       ],
       [
        8.28451,
        52.13385
       ],
       [
        8.26781,
        52.13156
       ],
       [
        8.24637,
        52.12151
       ],
       [
        8.2195,
        52.10472
       ],
       [
        8.20937,
        52.09668
       ],
       [
        8.20112,
        52.08892
       ],
       [
        8.1726,
        52.07238
       ],
       [
        8.12755,
        52.06763
       ],
       [
        8.09731,
        52.05747
       ],
       [
        8.09241,
        52.06397
       ],
       [
        8.06709,
        52.06818
       ],
       [
        8.03182,
        52.06859
       ],
       [
        7.99351,
        52.04997
       ],
       [
        7.9929,
        52.04942
       ],
       [
        7.98884,
        52.04435
       ],
       [
        7.98855,
        52.0439
       ],
       [
        7.98765,
        52.04062
       ],
       [
        7.98717,
        52.04
       ],
       [
        7.98386,
        52.0382
       ],
       [
        7.9746,
        52.03752
       ],
       [
        7.94291,
        52.04512
       ],
       [
        7.92987,
        52.04825
       ],
       [
        7.91683,
        52.05139
       ],
       [
        7.90625,
        52.06672
       ],
       [
        7.89335,
        52.07864
       ],
       [
        7.88382,
        52.0846
       ],
       [
        7.88508,
        52.08598
       ],
       [
        7.88669,
        52.08682
       ],
       [
        7.89941,
        52.09248
       ],
       [
        7.95906,
        52.10574
       ],
       [
        8.0087,
        52.11569
       ],
       [
        8.00356,
        52.14477
       ],
       [
        8.0249,
        52.15961
       ],
       [
        8.02648,
        52.16293
       ],
       [
        8.01734,
        52.17136
       ],
       [
        8.00714,
        52.17615
       ],
       [
        7.99114,
        52.17479
       ],
       [
        7.93945,
        52.17605
       ],
       [
        7.93285,
        52.17768
       ],
       [
        7.90865,
        52.18968
       ],
       [
        7.90521,
        52.20899
       ],
       [
        7.91347,
        52.22257
       ],
       [
        7.94535,
        52.26497
       ],
       [
        7.95551,
        52.27194
       ],
       [
        7.93298,
        52.28839
       ],
       [
        7.92859,
        52.29312
       ],
       [
        7.93313,
        52.30151
       ],
       [
        7.93358,
        52.30194
       ],
       [
        7.9343,
        52.30234
       ],
       [
        7.94729,
        52.30575
       ],
       [
        7.95527,
        52.30592
       ],
       [
        7.95935,
        52.30568
       ],
       [
        7.97763,
        52.31286
       ],
       [
        7.96349,
        52.32444
       ],
       [
        7.95946,
        52.32608
       ],
       [
        7.95877,
        52.32654
       ],
       [
        7.94982,
        52.33415
       ],
       [
        7.94909,
        52.33526
       ],
       [
        7.94803,
        52.33733
       ],
       [
        7.9478,
        52.33851
       ],
       [
        7.94789,
        52.3395
       ],
       [
        7.9504,
        52.34682
       ],
       [
        7.95048,
        52.34764
       ],
       [
        7.95025,
        52.34835
       ],
       [
        7.93917,
        52.36387
       ],
       [
        7.89132,
        52.3814
       ],
       [
        7.86425,
        52.37555
       ],
       [
        7.86131,
        52.37479
       ],
       [
        7.8418,
        52.3686
       ],
       [
        7.83112,
        52.36944
       ],
       [
        7.80887,
        52.37128
       ],
       [
        7.80193,
        52.37361
       ],
       [
        7.75567,
        52.38954
       ],
       [
        7.73094,
        52.39803
       ],
       [
        7.7143,
        52.40031
       ],
       [
        7.70825,
        52.41506
       ],
       [
        7.7026,
        52.43337
       ],
       [
        7.70207,
        52.43427
       ],
       [
        7.69861,
        52.44009
       ],
       [
        7.69649,
        52.44366
       ],
       [
        7.68686,
        52.45498
       ],
       [
        7.6823,
        52.45781
       ],
       [
        7.61492,
        52.47201
       ],
       [
        7.6089,
        52.47362
       ],
       [
        7.60393,
        52.47484
       ],
       [
        7.59136,
        52.46416
       ],
       [
        7.5907,
        52.46346
       ],
       [
        7.58605,
        52.45853
       ],
       [
        7.58078,
        52.45129
       ],
       [
        7.5777,
        52.44652
       ],
       [
        7.57178,
        52.43068
       ],
       [
        7.5893,
        52.42476
       ],
       [
        7.58484,
        52.40352
       ],
       [
        7.57267,
        52.38135
       ],
       [
        7.56485,
        52.3714
       ],
       [
        7.56284,
        52.36917
       ],
       [
        7.55949,
        52.36923
       ],
       [
        7.53936,
        52.37035
       ],
       [
        7.53805,
        52.37055
       ],
       [
        7.53612,
        52.3706
       ],
       [
        7.53422,
        52.37048
       ],
       [
        7.53183,
        52.37009
       ],
       [
        7.52874,
        52.36928
       ],
       [
        7.52622,
        52.36842
       ],
       [
        7.5047,
        52.36077
       ],
       [
        7.5033,
        52.36016
       ],
       [
        7.47214,
        52.34481
       ],
       [
        7.43494,
        52.3247
       ],
       [
        7.40123,
        52.31226
       ],
       [
        7.38624,
        52.30945
       ],
       [
        7.3709,
        52.30029
       ],
       [
        7.36252,
        52.28822
       ],
       [
        7.34418,
        52.2823
       ],
       [
        7.33335,
        52.28142
       ],
       [
        7.31664,
        52.28007
       ],
       [
        7.29742,
        52.26416
       ],
       [
        7.2901,
        52.26412
       ],
       [
        7.23881,
        52.26382
       ],
       [
        7.23029,
        52.26379
       ],
       [
        7.15851,
        52.2667
       ],
       [
        7.12161,
        52.26193
       ],
       [
        7.11271,
        52.25558
       ],
       [
        7.10886,
        52.25276
       ],
       [
        7.09917,
        52.24298
       ],
       [
        7.06374,
        52.24129
       ],
       [
        7.05323,
        52.24876
       ],
       [
        7.0427,
        52.25631
       ],
       [
        7.02929,
        52.27315
       ],
       [
        7.02855,
        52.27413
       ],
       [
        7.02827,
        52.27524
       ],
       [
        7.02632,
        52.28912
       ],
       [
        7.02657,
        52.29083
       ],
       [
        7.02726,
        52.29258
       ],
       [
        7.05609,
        52.3379
       ],
       [
        7.05663,
        52.33861
       ],
       [
        7.0723,
        52.35231
       ],
       [
        7.07258,
        52.37305
       ],
       [
        7.06379,
        52.38982
       ],
       [
        7.05899,
        52.39835
       ],
       [
        7.05412,
        52.40064
       ],
       [
        7.05114,
        52.40096
       ],
       [
        7.03511,
        52.40262
       ],
       [
        7.03199,
        52.40735
       ],
       [
        7.02189,
        52.42285
       ],
       [
        7.0,
        52.45521
       ],
       [
        6.99305,
        52.46547
       ],
       [
        6.99168,
        52.46703
       ],
       [
        6.98785,
        52.46917
       ],
       [
        6.97787,
        52.46492
       ],
       [
        6.97344,
        52.45959
       ],
       [
        6.96821,
        52.45245
       ],
       [
        6.96404,
        52.44735
       ],
       [
        6.9623,
        52.44556
       ],
       [
        6.95991,
        52.44382
       ],
       [
        6.95237,
        52.43928
       ],
       [
        6.94976,
        52.43791
       ],
       [
        6.94666,
        52.4366
       ],
       [
        6.94189,
        52.43545
       ],
       [
        6.86282,
        52.4513
       ],
       [
        6.85413,
        52.45965
       ],
       [
        6.77537,
        52.45963
       ],
       [
        6.76988,
        52.4606
       ],
       [
        6.75878,
        52.46268
       ],
       [
        6.75417,
        52.46355
       ],
       [
        6.75408,
        52.46358
       ],
       [
        6.74447,
        52.46746
       ],
       [
        6.69774,
        52.48647
       ],
       [
        6.70106,
        52.50178
       ],
       [
        6.70271,
        52.50934
       ],
       [
        6.70512,
        52.52054
       ],
       [
        6.68146,
        52.55193
       ],
       [
        6.68313,
        52.55276
       ],
       [
        6.69389,
        52.55151
       ],
       [
        6.71556,
        52.54897
       ],
       [
        6.76622,
        52.56197
       ],
       [
        6.76521,
        52.56403
       ],
       [
        6.76453,
        52.56458
       ],
       [
        6.76415,
        52.56486
       ],
       [
        6.76073,
        52.5667
       ],
       [
        6.71875,
        52.58909
       ],
       [
        6.72256,
        52.61981
       ],
       [
        6.72505,
        52.63324
       ],
       [
        6.7423,
        52.64559
       ],
       [
        6.75421,
        52.64813
       ],
       [
        6.75612,
        52.64853
       ],
       [
        6.75693,
        52.6487
       ],
       [
        6.78079,
        52.65267
       ],
       [
        6.78395,
        52.65296
       ],
       [
        6.78795,
        52.65292
       ],
       [
        6.79082,
        52.65273
       ],
       [
        6.79415,
        52.65226
       ],
       [
        6.80611,
        52.64989
       ],
       [
        6.8095,
        52.6494
       ],
       [
        6.8123,
        52.64902
       ],
       [
        6.81864,
        52.64819
       ],
       [
        6.85259,
        52.6493
       ],
       [
        6.8615,
        52.64995
       ],
       [
        6.86325,
        52.65016
       ],
       [
        6.86511,
        52.6507
       ],
       [
        6.86867,
        52.65214
       ],
       [
        6.87026,
        52.65261
       ],
       [
        6.87222,
        52.65275
       ],
       [
        6.89341,
        52.65155
       ],
       [
        6.89672,
        52.65101
       ],
       [
        6.89966,
        52.65018
       ],
       [
        6.91119,
        52.64693
       ],
       [
        6.9124,
        52.64653
       ],
       [
        6.91283,
        52.64638
       ],
       [
        6.91372,
        52.64562
       ],
       [
        6.91508,
        52.64198
       ],
       [
        6.91558,
        52.64142
       ],
       [
        6.9165,
        52.64084
       ],
       [
        6.91762,
        52.64049
       ],
       [
        6.919,
        52.64027
       ],
       [
        6.93364,
        52.63879
       ],
       [
        6.93577,
        52.63861
       ],
       [
        6.93771,
        52.63857
       ],
       [
        6.9402,
        52.6387
       ],
       [
        6.95045,
        52.63933
       ],
       [
        6.95468,
        52.63981
       ],
       [
        6.96549,
        52.64188
       ],
       [
        6.96772,
        52.64247
       ],
       [
        6.96928,
        52.64326
       ],
       [
        6.97315,
        52.6453
       ],
       [
        6.97463,
        52.64572
       ],
       [
        6.9762,
        52.64572
       ],
       [
        6.97782,
        52.64546
       ],
       [
        7.0,
        52.64148
       ],
       [
        7.00044,
        52.6414
       ],
       [
        7.00194,
        52.64094
       ],
       [
        7.00329,
        52.64034
       ],
       [
        7.00542,
        52.63871
       ],
       [
        7.0063,
        52.63817
       ],
       [
        7.00768,
        52.63777
       ],
       [
        7.01034,
        52.63721
       ],
       [
        7.0405,
        52.63297
       ],
       [
        7.04062,
        52.63297
       ],
       [
        7.04236,
        52.63443
       ],
       [
        7.04805,
        52.63923
       ],
       [
        7.05344,
        52.64385
       ],
       [
        7.06025,
        52.70435
       ],
       [
        7.07104,
        52.8
       ],
       [
        7.0917,
        52.8382
       ],
       [
        7.08818,
        52.84818
       ],
       [
        7.08729,
        52.85073
       ],
       [
        7.08821,
        52.85154
       ],
       [
        7.10403,
        52.8652
       ],
       [
        7.10683,
        52.8676
       ],
       [
        7.18112,
        52.94093
       ],
       [
        7.20433,
        52.99009
       ],
       [
        7.20863,
        53.00022
       ],
       [
        7.21229,
        53.01249
       ],
       [
        7.19893,
        53.08119
       ],
       [
        7.19974,
        53.08837
       ],
       [
        7.2006,
        53.09574
       ],
       [
        7.20227,
        53.11002
       ],
       [
        7.20263,
        53.11302
       ],
       [
        7.18511,
        53.12135
       ],
       [
        7.1806,
        53.13812
       ],
       [
        7.18099,
        53.13932
       ],
       [
        7.19069,
        53.15961
       ],
       [
        7.20164,
        53.17353
       ],
       [
        7.20553,
        53.17289
       ],
       [
        7.20684,
        53.17276
       ],
       [
        7.20854,
        53.17259
       ],
       [
        7.21246,
        53.17273
       ],
       [
        7.21469,
        53.17305
       ],
       [
        7.2309,
        53.17741
       ],
       [
        7.23076,
        53.17798
       ],
       [
        7.23061,
        53.17834
       ],
       [
        7.23009,
        53.17945
       ],
       [
        7.21552,
        53.21604
       ],
       [
        7.20767,
        53.2436
       ],
       [
        7.21616,
        53.24778
       ],
       [
        7.21947,
        53.24947
       ],
       [
        7.22061,
        53.2505
       ],
       [
        7.2236,
        53.25416
       ],
       [
        7.22662,
        53.25879
       ],
       [
        7.22826,
        53.26183
       ],
       [
        7.23446,
        53.279
       ],
       [
        7.23524,
        53.28224
       ],
       [
        7.23498,
        53.28835
       ],
       [
        7.23717,
        53.30048
       ],
       [
        7.24374,
        53.31762
       ],
       [
        7.2443,
        53.31883
       ],
       [
        7.24828,
        53.32661
       ],
       [
        7.26787,
        53.32699
       ],
       [
        7.26038,
        53.32955
       ],
       [
        7.25677,
        53.3301
       ],
       [
        7.23702,
        53.33189
       ],
       [
        7.16819,
        53.33541
       ],
       [
        7.15437,
        53.33558
       ],
       [
        7.14719,
        53.3351
       ],
       [
        7.13216,
        53.33488
       ],
       [
        7.07635,
        53.33424
       ],
       [
        7.05951,
        53.33431
       ],
       [
        7.02771,
        53.33625
       ],
       [
        7.02588,
        53.33654
       ],
       [
        7.02391,
        53.33687
       ],
       [
        7.02375,
        53.3369
       ],
       [
        7.02334,
        53.33705
       ],
       [
        7.01878,
        53.3391
       ],
       [
        7.01452,
        53.34235
       ],
       [
        7.00373,
        53.35232
       ],
       [
        7.00085,
        53.35605
       ],
       [
        7.0,
        53.35756
       ],
       [
        6.99955,
        53.35836
       ],
       [
        6.99863,
        53.36028
       ],
       [
        6.9983,
        53.37303
       ],
       [
        7.0,
        53.3773
       ],
       [
        7.01088,
        53.40472
       ],
       [
        7.01149,
        53.43305
       ],
       [
        7.01381,
        53.44062
       ],
       [
        7.02595,
        53.47734
       ],
       [
        7.04712,
        53.50635
       ],
       [
        7.04747,
        53.50703
       ],
       [
        7.04728,
        53.50801
       ],
       [
        7.04661,
        53.50903
       ],
       [
        7.04374,
        53.51145
       ],
       [
        7.03573,
        53.52097
       ],
       [
        7.0345,
        53.52304
       ],
       [
        7.03107,
        53.5306
       ],
       [
        7.0309,
        53.53203
       ],
       [
        7.03124,
        53.53359
       ],
       [
        7.03199,
        53.53443
       ],
       [
        7.03337,
        53.53538
       ],
       [
        7.03763,
        53.53673
       ],
       [
        7.03952,
        53.53702
       ],
       [
        7.04161,
        53.53711
       ],
       [
        7.04242,
        53.53714
       ],
       [
        7.04359,
        53.53717
       ],
       [
        7.04648,
        53.5372
       ],
       [
        7.04821,
        53.53698
       ],
       [
        7.04966,
        53.53652
       ],
       [
        7.07293,
        53.52773
       ],
       [
        7.09839,
        53.52221
       ],
       [
        7.12105,
        53.52568
       ],
       [
        7.12216,
        53.52591
       ],
       [
        7.12869,
        53.52917
       ],
       [
        7.13674,
        53.53467
       ],
       [
        7.13723,
        53.53513
       ],
       [
        7.14187,
        53.5421
       ],
       [
        7.14041,
        53.54272
       ],
       [
        7.14028,
        53.54274
       ],
       [
        7.11956,
        53.55055
       ],
       [
        7.09476,
        53.56384
       ],
       [
        7.08683,
        53.57001
       ],
       [
        7.08602,
        53.57088
       ],
       [
        7.0858,
        53.57207
       ],
       [
        7.08952,
        53.58045
       ],
       [
        7.09111,
        53.58177
       ],
       [
        7.09577,
        53.58514
       ],
       [
        7.15903,
        53.62985
       ],
       [
        7.1917,
        53.64594
       ],
       [
        7.24088,
        53.66915
       ],
       [
        7.25161,
        53.6723
       ],
       [
        7.2931,
        53.68068
       ],
       [
        7.29901,
        53.68149
       ],
       [
        7.30212,
        53.68188
       ],
       [
        7.32203,
        53.68431
       ],
       [
        7.33168,
        53.68498
       ],
       [
        7.35495,
        53.68568
       ],
       [
        7.36268,
        53.68552
       ],
       [
        7.37064,
        53.68303
       ],
       [
        7.37168,
        53.6829
       ],
       [
        7.37281,
        53.68287
       ],
       [
        7.40808,
        53.68292
       ],
       [
        7.41865,
        53.68346
       ],
       [
        7.42741,
        53.6838
       ],
       [
        7.43436,
        53.68405
       ],
       [
        7.43655,
        53.68407
       ],
       [
        7.43873,
        53.68408
       ],
       [
        7.45886,
        53.6838
       ],
       [
        7.4805,
        53.68333
       ],
       [
        7.48204,
        53.68308
       ],
       [
        7.48399,
        53.68259
       ],
       [
        7.48611,
        53.68206
       ],
       [
        7.4907,
        53.68089
       ],
       [
        7.4964,
        53.67882
       ],
       [
        7.51002,
        53.67324
       ],
       [
        7.51718,
        53.67151
       ],
       [
        7.51895,
        53.67136
       ],
       [
        7.52474,
        53.67122
       ],
       [
        7.52632,
        53.67135
       ],
       [
        7.5522,
        53.67568
       ],
       [
        7.55394,
        53.67548
       ],
       [
        7.55569,
        53.67539
       ],
       [
        7.55697,
        53.67541
       ],
       [
        7.57078,
        53.67723
       ],
       [
        7.57186,
        53.6774
       ],
       [
        7.57264,
        53.67753
       ],
       [
        7.63292,
        53.68985
       ],
       [
        7.67194,
        53.69837
       ],
       [
        7.67784,
        53.69983
       ],
       [
        7.68819,
        53.70147
       ],
       [
        7.70298,
        53.70312
       ],
       [
        7.70432,
        53.70327
       ],
       [
        7.70562,
        53.70323
       ],
       [
        7.70713,
        53.70319
       ],
       [
        7.70812,
        53.70304
       ],
       [
        7.70857,
        53.70285
       ],
       [
        7.70917,
        53.70257
       ],
       [
        7.70991,
        53.70208
       ],
       [
        7.71063,
        53.7017
       ],
       [
        7.71544,
        53.70087
       ],
       [
        7.71801,
        53.70055
       ],
       [
        7.72422,
        53.69986
       ],
       [
        7.73445,
        53.69975
       ],
       [
        7.74303,
        53.69997
       ],
       [
        7.75303,
        53.70075
       ],
       [
        7.76035,
        53.70161
       ],
       [
        7.76584,
        53.7027
       ],
       [
        7.769,
        53.70342
       ],
       [
        7.77034,
        53.70377
       ],
       [
        7.77151,
        53.70411
       ],
       [
        7.77248,
        53.70446
       ],
       [
        7.7827,
        53.70844
       ],
       [
        7.7839,
        53.70887
       ],
       [
        7.78537,
        53.70912
       ],
       [
        7.8094,
        53.71161
       ],
       [
        7.8114,
        53.71164
       ],
       [
        7.82021,
        53.71134
       ],
       [
        7.82941,
        53.71126
       ],
       [
        7.83407,
        53.71146
       ],
       [
        7.83788,
        53.7117
       ],
       [
        7.86906,
        53.71444
       ],
       [
        7.87308,
        53.7152
       ],
       [
        7.8755,
        53.7162
       ],
       [
        7.87683,
        53.71634
       ],
       [
        7.88461,
        53.71691
       ],
       [
        7.9114,
        53.71865
       ],
       [
        7.91434,
        53.71854
       ],
       [
        7.91934,
        53.7179
       ],
       [
        7.92969,
        53.71654
       ],
       [
        7.94393,
        53.71686
       ],
       [
        7.94578,
        53.71683
       ],
       [
        7.9543,
        53.71664
       ],
       [
        7.96442,
        53.71619
       ],
       [
        8.01017,
        53.71273
       ],
       [
        8.01218,
        53.71252
       ],
       [
        8.0255,
        53.70881
       ],
       [
        8.02748,
        53.70811
       ],
       [
        8.03037,
        53.70704
       ],
       [
        8.032,
        53.7059
       ],
       [
        8.03223,
        53.70535
       ],
       [
        8.03278,
        53.69992
       ],
       [
        8.03249,
        53.69913
       ],
       [
        8.03044,
        53.696
       ],
       [
        8.02939,
        53.695
       ],
       [
        8.02832,
        53.69407
       ],
       [
        8.02624,
        53.69227
       ],
       [
        8.02583,
        53.69173
       ],
       [
        8.02558,
        53.69087
       ],
       [
        8.02491,
        53.68689
       ],
       [
        8.02467,
        53.68495
       ],
       [
        8.03102,
        53.66196
       ],
       [
        8.03286,
        53.65773
       ],
       [
        8.03417,
        53.65581
       ],
       [
        8.03512,
        53.65446
       ],
       [
        8.04416,
        53.64247
       ],
       [
        8.0447,
        53.64203
       ],
       [
        8.04549,
        53.64177
       ],
       [
        8.04637,
        53.64161
       ],
       [
        8.04797,
        53.64154
       ],
       [
        8.04952,
        53.64167
       ],
       [
        8.06023,
        53.64328
       ],
       [
        8.0619,
        53.64366
       ],
       [
        8.06945,
        53.64582
       ],
       [
        8.06975,
        53.64601
       ],
       [
        8.06984,
        53.64618
       ],
       [
        8.06976,
        53.64663
       ],
       [
        8.06984,
        53.64726
       ],
       [
        8.0701,
        53.64748
       ],
       [
        8.07056,
        53.64766
       ],
       [
        8.07107,
        53.64776
       ],
       [
        8.07169,
        53.64774
       ],
       [
        8.082,
        53.64566
       ],
       [
        8.083,
        53.64536
       ],
       [
        8.08557,
        53.64443
       ],
       [
        8.09151,
        53.63843
       ],
       [
        8.09443,
        53.63567
       ],
       [
        8.11453,
        53.6166
       ],
       [
        8.11646,
        53.61417
       ],
       [
        8.11863,
        53.61022
       ],
       [
        8.12174,
        53.6014
       ],
       [
        8.12251,
        53.6
       ],
       [
        8.12261,
        53.59985
       ],
       [
        8.13442,
        53.58464
       ],
       [
        8.13481,
        53.58418
       ],
       [
        8.1462,
        53.57159
       ],
       [
        8.14735,
        53.57037
       ],
       [
        8.1537,
        53.56468
       ],
       [
        8.15483,
        53.56357
       ],
       [
        8.16881,
        53.54521
       ],
       [
        8.16963,
        53.54229
       ],
       [
        8.16482,
        53.5402
       ],
       [
        8.16354,
        53.53935
       ],
       [
        8.15815,
        53.5326
       ],
       [
        8.15818,
        53.53109
       ],
       [
        8.16091,
        53.52999
       ],
       [
        8.1647,
        53.5292
       ],
       [
        8.16981,
        53.53571
       ],
       [
        8.16989,
        53.53786
       ],
       [
        8.17001,
        53.53942
       ],
       [
        8.17082,
        53.53969
       ],
       [
        8.17204,
        53.53614
       ],
       [
        8.17203,
        53.53552
       ],
       [
        8.17154,
        53.53464
       ],
       [
        8.16309,
        53.52081
       ],
       [
        8.16221,
        53.51989
       ],
       [
        8.15418,
        53.51451
       ],
       [
        8.15298,
        53.51417
       ],
       [
        8.09854,
        53.50127
       ],
       [
        8.09385,
        53.50048
       ],
       [
        8.09063,
        53.5002
       ],
       [
        8.09044,
        53.5002
       ],
       [
        8.08003,
        53.50005
       ],
       [
        8.07644,
        53.50025
       ],
       [
        8.07342,
        53.50088
       ],
       [
        8.06384,
        53.50393
       ],
       [
        8.06057,
        53.50497
       ],
       [
        8.05993,
        53.4956
       ],
       [
        8.06067,
        53.48742
       ],
       [
        8.06235,
        53.47942
       ],
       [
        8.06412,
        53.47478
       ],
       [
        8.06789,
        53.46872
       ],
       [
        8.07173,
        53.46371
       ],
       [
        8.07653,
        53.45913
       ],
       [
        8.08111,
        53.45578
       ],
       [
        8.09334,
        53.44814
       ],
       [
        8.09842,
        53.44538
       ],
       [
        8.11076,
        53.44772
       ],
       [
        8.11741,
        53.45144
       ],
       [
        8.11891,
        53.4518
       ],
       [
        8.12126,
        53.45216
       ],
       [
        8.13473,
        53.45293
       ],
       [
        8.13634,
        53.45296
       ],
       [
        8.13913,
        53.45253
       ],
       [
        8.14126,
        53.452
       ],
       [
        8.14984,
        53.44943
       ],
       [
        8.15584,
        53.44512
       ],
       [
        8.16502,
        53.43769
       ],
       [
        8.18125,
        53.42437
       ],
       [
        8.18919,
        53.41767
       ],
       [
        8.19493,
        53.41232
       ],
       [
        8.19643,
        53.40817
       ],
       [
        8.20328,
        53.40306
       ],
       [
        8.20602,
        53.40145
       ],
       [
        8.23135,
        53.39747
       ],
       [
        8.23494,
        53.39714
       ],
       [
        8.24595,
        53.39734
       ],
       [
        8.24798,
        53.39764
       ],
       [
        8.25005,
        53.39794
       ],
       [
        8.25306,
        53.39888
       ],
       [
        8.25583,
        53.40003
       ],
       [
        8.26399,
        53.40374
       ],
       [
        8.28036,
        53.41409
       ],
       [
        8.29814,
        53.432
       ],
       [
        8.31157,
        53.45148
       ],
       [
        8.31358,
        53.45527
       ],
       [
        8.31525,
        53.46362
       ],
       [
        8.31557,
        53.47951
       ],
       [
        8.31598,
        53.50363
       ],
       [
        8.31495,
        53.5146
       ],
       [
        8.31474,
        53.51554
       ],
       [
        8.3116,
        53.52037
       ],
       [
        8.31061,
        53.52131
       ],
       [
        8.30735,
        53.52315
       ],
       [
        8.30697,
        53.52335
       ],
       [
        8.30289,
        53.52471
       ],
       [
        8.30046,
        53.52505
       ],
       [
        8.29885,
        53.52493
       ],
       [
        8.29536,
        53.52442
       ],
       [
        8.27545,
        53.51961
       ],
       [
        8.27229,
        53.51885
       ],
       [
        8.26748,
        53.51793
       ],
       [
        8.26324,
        53.5179
       ],
       [
        8.22994,
        53.5201
       ],
       [
        8.23217,
        53.53299
       ],
       [
        8.23731,
        53.56259
       ],
       [
        8.2401,
        53.5777
       ],
       [
        8.24049,
        53.57886
       ],
       [
        8.24057,
        53.57906
       ],
       [
        8.24175,
        53.58071
       ],
       [
        8.25051,
        53.59288
       ],
       [
        8.25334,
        53.59534
       ],
       [
        8.25799,
        53.59838
       ],
       [
        8.27321,
        53.60667
       ],
       [
        8.27422,
        53.60718
       ],
       [
        8.28119,
        53.61001
       ],
       [
        8.28283,
        53.61052
       ],
       [
        8.29453,
        53.61369
       ],
       [
        8.30206,
        53.61552
       ],
       [
        8.3105,
        53.61629
       ],
       [
        8.31616,
        53.61592
       ],
       [
        8.32746,
        53.61422
       ],
       [
        8.33335,
        53.6129
       ],
       [
        8.33942,
        53.61056
       ],
       [
        8.34921,
        53.60632
       ],
       [
        8.3591,
        53.59731
       ],
       [
        8.3652,
        53.59102
       ],
       [
        8.36784,
        53.58858
       ],
       [
        8.37029,
        53.58631
       ],
       [
        8.38137,
        53.57706
       ],
       [
        8.38345,
        53.57544
       ],
       [
        8.3846,
        53.57458
       ],
       [
        8.39552,
        53.56987
       ],
       [
        8.39741,
        53.56936
       ],
       [
        8.46003,
        53.55356
       ],
       [
        8.464,
        53.55286
       ],
       [
        8.50196,
        53.55034
       ],
       [
        8.51654,
        53.54944
       ],
       [
        8.54812,
        53.53921
       ],
       [
        8.54971,
        53.53834
       ],
       [
        8.54998,
        53.53812
       ],
       [
        8.55068,
        53.53755
       ],
       [
        8.55097,
        53.53712
       ],
       [
        8.55143,
        53.53627
       ],
       [
        8.55481,
        53.52551
       ],
       [
        8.55255,
        53.51551
       ],
       [
        8.52189,
        53.50449
       ],
       [
        8.50893,
        53.49757
       ],
       [
        8.49694,
        53.48388
       ],
       [
        8.4921,
        53.47448
       ],
       [
        8.51191,
        53.47722
       ],
       [
        8.5292,
        53.48195
       ],
       [
        8.5496,
        53.48383
       ],
       [
        8.56843,
        53.48951
       ],
       [
        8.57458,
        53.4867
       ],
       [
        8.57793,
        53.48527
       ],
       [
        8.599,
        53.48537
       ],
       [
        8.60901,
        53.4855
       ],
       [
        8.61192,
        53.48669
       ],
       [
        8.61526,
        53.48816
       ],
       [
        8.61808,
        53.48964
       ],
       [
        8.62282,
        53.49218
       ],
       [
        8.64994,
        53.51141
       ],
       [
        8.62956,
        53.55535
       ],
       [
        8.61615,
        53.57521
       ],
       [
        8.61663,
        53.5776
       ],
       [
        8.62868,
        53.58087
       ],
       [
        8.63407,
        53.58559
       ],
       [
        8.64951,
        53.60302
       ],
       [
        8.64647,
        53.60374
       ],
       [
        8.63809,
        53.60503
       ],
       [
        8.62433,
        53.60589
       ],
       [
        8.61347,
        53.60362
       ],
       [
        8.60842,
        53.6
       ],
       [
        8.60758,
        53.59944
       ],
       [
        8.60618,
        53.59862
       ],
       [
        8.60079,
        53.59581
       ],
       [
        8.59376,
        53.59345
       ],
       [
        8.57133,
        53.59997
       ],
       [
        8.55192,
        53.6043
       ],
       [
        8.54245,
        53.60617
       ],
       [
        8.51872,
        53.60561
       ],
       [
        8.50794,
        53.62122
       ],
       [
        8.48938,
        53.64613
       ],
       [
        8.4889,
        53.64676
       ],
       [
        8.48329,
        53.65391
       ],
       [
        8.48234,
        53.65537
       ],
       [
        8.48215,
        53.65634
       ],
       [
        8.48135,
        53.6756
       ],
       [
        8.4809,
        53.68777
       ],
       [
        8.48112,
        53.69393
       ],
       [
        8.48157,
        53.69496
       ],
       [
        8.49659,
        53.71546
       ],
       [
        8.51914,
        53.74674
       ],
       [
        8.52147,
        53.75057
       ],
       [
        8.52859,
        53.76811
       ],
       [
        8.53772,
        53.79169
       ],
       [
        8.53755,
        53.7925
       ],
       [
        8.53965,
        53.80087
       ],
       [
        8.54149,
        53.80585
       ],
       [
        8.54807,
        53.81771
       ],
       [
        8.56526,
        53.84557
       ],
       [
        8.57156,
        53.85101
       ],
       [
        8.59851,
        53.87423
       ],
       [
        8.61233,
        53.882
       ],
       [
        8.63434,
        53.88779
       ],
       [
        8.63815,
        53.88863
       ],
       [
        8.65159,
        53.89097
       ],
       [
        8.66446,
        53.89309
       ],
       [
        8.66666,
        53.8934
       ],
       [
        8.67122,
        53.89389
       ],
       [
        8.68081,
        53.89415
       ],
       [
        8.68819,
        53.89296
       ],
       [
        8.6882,
        53.89215
       ],
       [
        8.68551,
        53.8916
       ],
       [
        8.68488,
        53.88779
       ],
       [
        8.68499,
        53.88509
       ],
       [
        8.68677,
        53.88256
       ],
       [
        8.68962,
        53.87999
       ]
      ],
      [
       [
        8.50769,
        53.20081
       ],
       [
        8.51164,
        53.19847
       ],
       [
        8.52442,
        53.19268
       ],
       [
        8.53022,
        53.19021
       ],
       [
        8.57798,
        53.17443
       ],
       [
        8.58254,
        53.17336
       ],
       [
        8.5921,
        53.17243
       ],
       [
        8.60936,
        53.17086
       ],
       [
        8.61252,
        53.17014
       ],
       [
        8.61615,
        53.16891
       ],
       [
        8.61859,
        53.16788
       ],
       [
        8.62082,
        53.16632
       ],
       [
        8.62141,
        53.1659
       ],
       [
        8.62309,
        53.16371
       ],
       [
        8.65403,
        53.11816
       ],
       [
        8.65456,
        53.10914
       ],
       [
        8.6701,
        53.10358
       ],
       [
        8.66984,
        53.10287
       ],
       [
        8.66666,
        53.09466
       ],
       [
        8.67369,
        53.08811
       ],
       [
        8.6782,
        53.08488
       ],
       [
        8.69104,
        53.08185
       ],
       [
        8.70061,
        53.08061
       ],
       [
        8.703,
        53.08062
       ],
       [
        8.70985,
        53.07615
       ],
       [
        8.71098,
        53.06919
       ],
       [
        8.71004,
        53.06372
       ],
       [
        8.70715,
        53.05733
       ],
       [
        8.70638,
        53.05376
       ],
       [
        8.70744,
        53.05009
       ],
       [
        8.71113,
        53.04463
       ],
       [
        8.71777,
        53.03934
       ],
       [
        8.73277,
        53.03627
       ],
       [
        8.75368,
        53.03865
       ],
       [
        8.75615,
        53.03924
       ],
       [
        8.76302,
        53.04586
       ],
       [
        8.76103,
        53.04973
       ],
       [
        8.77237,
        53.05211
       ],
       [
        8.7782,
        53.04227
       ],
       [
        8.77902,
        53.03914
       ],
       [
        8.80092,
        53.03354
       ],
       [
        8.82216,
        53.02115
       ],
       [
        8.84422,
        53.0174
       ],
       [
        8.86069,
        53.01978
       ],
       [
        8.86633,
        53.02445
       ],
       [
        8.86329,
        53.03412
       ],
       [
        8.86996,
        53.03528
       ],
       [
        8.87585,
        53.0332
       ],
       [
        8.89623,
        53.01316
       ],
       [
        8.89665,
        53.01307
       ],
       [
        8.91622,
        53.01037
       ],
       [
        8.94377,
        53.02398
       ],
       [
        8.9735,
        53.03952
       ],
       [
        8.98043,
        53.04741
       ],
       [
        8.97319,
        53.05452
       ],
       [
        8.96433,
        53.07764
       ],
       [
        8.96642,
        53.09291
       ],
       [
        8.95877,
        53.10657
       ],
       [
        8.9516,
        53.11825
       ],
       [
        8.96576,
        53.12202
       ],
       [
        8.98305,
        53.12568
       ],
       [
        8.95647,
        53.14765
       ],
       [
        8.94141,
        53.15223
       ],
       [
        8.92176,
        53.14395
       ],
       [
        8.9154,
        53.13264
       ],
       [
        8.86629,
        53.132
       ],
       [
        8.84649,
        53.14556
       ],
       [
        8.84405,
        53.1474
       ],
       [
        8.84302,
        53.14888
       ],
       [
        8.84196,
        53.15078
       ],
       [
        8.84069,
        53.15642
       ],
       [
        8.84004,
        53.15727
       ],
       [
        8.83921,
        53.15779
       ],
       [
        8.82797,
        53.16154
       ],
       [
        8.82057,
        53.16223
       ],
       [
        8.79679,
        53.16378
       ],
       [
        8.7837,
        53.16411
       ],
       [
        8.78182,
        53.16384
       ],
       [
        8.77982,
        53.16326
       ],
       [
        8.77814,
        53.16242
       ],
       [
        8.77738,
        53.16161
       ],
       [
        8.76707,
        53.16168
       ],
       [
        8.7478,
        53.16567
       ],
       [
        8.73569,
        53.17377
       ],
       [
        8.73304,
        53.17645
       ],
       [
        8.73301,
        53.17654
       ],
       [
        8.72832,
        53.18245
       ],
       [
        8.72739,
        53.18269
       ],
       [
        8.69873,
        53.18507
       ],
       [
        8.65346,
        53.18558
       ],
       [
        8.63813,
        53.19403
       ],
       [
        8.59904,
        53.21245
       ],
       [
        8.57815,
        53.21713
       ],
       [
        8.56548,
        53.21331
       ],
       [
        8.55399,
        53.20863
       ],
       [
        8.52976,
        53.2164
       ],
       [
        8.52575,
        53.22013
       ],
       [
        8.51692,
        53.22834
       ],
       [
        8.50485,
        53.22827
       ],
       [
        8.48783,
        53.22807
       ],
       [
        8.48449,
        53.22752
       ],
       [
        8.48136,
        53.22684
       ],
       [
        8.48387,
        53.22304
       ],
       [
        8.48528,
        53.22123
       ],
       [
        8.49024,
        53.21629
       ],
       [
        8.50325,
        53.20407
       ],
       [
        8.50769,
        53.20081
       ]
      ]
     ]
    ]
   }
  },
  {
   "type": "Feature",
   "properties": {
    "key": "hb",
    "name": "Bremen",
    "bez": "Freie Hansestadt",
    "ars": "04",
    "nuts": "DE5",
    "status": "alkis only",
    "lidar_dgm1": false,
    "lidar_las": false,
    "lidar_script": null,
    "lidar_bbox": null,
    "lidar_note": "No open LiDAR bulk product identified.",
    "alkis": "full",
    "alkis_engine": "wfs1",
    "alkis_spatial": "exact",
    "sample_bbox": "485,5879,490,5884",
    "sample_epsg": 25832,
    "sample_place": "Bremen"
   },
   "geometry": {
    "type": "MultiPolygon",
    "coordinates": [
     [
      [
       [
        8.57133,
        53.59997
       ],
       [
        8.59376,
        53.59345
       ],
       [
        8.60079,
        53.59581
       ],
       [
        8.60618,
        53.59862
       ],
       [
        8.60758,
        53.59944
       ],
       [
        8.60842,
        53.6
       ],
       [
        8.61347,
        53.60362
       ],
       [
        8.62433,
        53.60589
       ],
       [
        8.63809,
        53.60503
       ],
       [
        8.64647,
        53.60374
       ],
       [
        8.64951,
        53.60302
       ],
       [
        8.63407,
        53.58559
       ],
       [
        8.62868,
        53.58087
       ],
       [
        8.61663,
        53.5776
       ],
       [
        8.61615,
        53.57521
       ],
       [
        8.62956,
        53.55535
       ],
       [
        8.64994,
        53.51141
       ],
       [
        8.62282,
        53.49218
       ],
       [
        8.61808,
        53.48964
       ],
       [
        8.61526,
        53.48816
       ],
       [
        8.61192,
        53.48669
       ],
       [
        8.60901,
        53.4855
       ],
       [
        8.599,
        53.48537
       ],
       [
        8.57793,
        53.48527
       ],
       [
        8.57458,
        53.4867
       ],
       [
        8.56843,
        53.48951
       ],
       [
        8.5496,
        53.48383
       ],
       [
        8.5292,
        53.48195
       ],
       [
        8.51191,
        53.47722
       ],
       [
        8.4921,
        53.47448
       ],
       [
        8.49694,
        53.48388
       ],
       [
        8.50893,
        53.49757
       ],
       [
        8.52189,
        53.50449
       ],
       [
        8.55255,
        53.51551
       ],
       [
        8.55893,
        53.51068
       ],
       [
        8.56676,
        53.54442
       ],
       [
        8.55751,
        53.55293
       ],
       [
        8.52333,
        53.59253
       ],
       [
        8.52677,
        53.59388
       ],
       [
        8.51872,
        53.60561
       ],
       [
        8.54245,
        53.60617
       ],
       [
        8.55192,
        53.6043
       ],
       [
        8.57133,
        53.59997
       ]
      ]
     ],
     [
      [
       [
        8.52976,
        53.2164
       ],
       [
        8.55399,
        53.20863
       ],
       [
        8.56548,
        53.21331
       ],
       [
        8.57815,
        53.21713
       ],
       [
        8.59904,
        53.21245
       ],
       [
        8.63813,
        53.19403
       ],
       [
        8.65346,
        53.18558
       ],
       [
        8.69873,
        53.18507
       ],
       [
        8.72739,
        53.18269
       ],
       [
        8.72832,
        53.18245
       ],
       [
        8.73301,
        53.17654
       ],
       [
        8.73304,
        53.17645
       ],
       [
        8.73569,
        53.17377
       ],
       [
        8.7478,
        53.16567
       ],
       [
        8.76707,
        53.16168
       ],
       [
        8.77738,
        53.16161
       ],
       [
        8.77814,
        53.16242
       ],
       [
        8.77982,
        53.16326
       ],
       [
        8.78182,
        53.16384
       ],
       [
        8.7837,
        53.16411
       ],
       [
        8.79679,
        53.16378
       ],
       [
        8.82057,
        53.16223
       ],
       [
        8.82797,
        53.16154
       ],
       [
        8.83921,
        53.15779
       ],
       [
        8.84004,
        53.15727
       ],
       [
        8.84069,
        53.15642
       ],
       [
        8.84196,
        53.15078
       ],
       [
        8.84302,
        53.14888
       ],
       [
        8.84405,
        53.1474
       ],
       [
        8.84649,
        53.14556
       ],
       [
        8.86629,
        53.132
       ],
       [
        8.9154,
        53.13264
       ],
       [
        8.92176,
        53.14395
       ],
       [
        8.94141,
        53.15223
       ],
       [
        8.95647,
        53.14765
       ],
       [
        8.98305,
        53.12568
       ],
       [
        8.96576,
        53.12202
       ],
       [
        8.9516,
        53.11825
       ],
       [
        8.95877,
        53.10657
       ],
       [
        8.96642,
        53.09291
       ],
       [
        8.96433,
        53.07764
       ],
       [
        8.97319,
        53.05452
       ],
       [
        8.98043,
        53.04741
       ],
       [
        8.9735,
        53.03952
       ],
       [
        8.94377,
        53.02398
       ],
       [
        8.91622,
        53.01037
       ],
       [
        8.89665,
        53.01307
       ],
       [
        8.89623,
        53.01316
       ],
       [
        8.87585,
        53.0332
       ],
       [
        8.86996,
        53.03528
       ],
       [
        8.86329,
        53.03412
       ],
       [
        8.86633,
        53.02445
       ],
       [
        8.86069,
        53.01978
       ],
       [
        8.84422,
        53.0174
       ],
       [
        8.82216,
        53.02115
       ],
       [
        8.80092,
        53.03354
       ],
       [
        8.77902,
        53.03914
       ],
       [
        8.7782,
        53.04227
       ],
       [
        8.77237,
        53.05211
       ],
       [
        8.76103,
        53.04973
       ],
       [
        8.76302,
        53.04586
       ],
       [
        8.75615,
        53.03924
       ],
       [
        8.75368,
        53.03865
       ],
       [
        8.73277,
        53.03627
       ],
       [
        8.71777,
        53.03934
       ],
       [
        8.71113,
        53.04463
       ],
       [
        8.70744,
        53.05009
       ],
       [
        8.70638,
        53.05376
       ],
       [
        8.70715,
        53.05733
       ],
       [
        8.71004,
        53.06372
       ],
       [
        8.71098,
        53.06919
       ],
       [
        8.70985,
        53.07615
       ],
       [
        8.703,
        53.08062
       ],
       [
        8.70061,
        53.08061
       ],
       [
        8.69104,
        53.08185
       ],
       [
        8.6782,
        53.08488
       ],
       [
        8.67369,
        53.08811
       ],
       [
        8.66666,
        53.09466
       ],
       [
        8.66984,
        53.10287
       ],
       [
        8.6701,
        53.10358
       ],
       [
        8.65456,
        53.10914
       ],
       [
        8.65403,
        53.11816
       ],
       [
        8.62309,
        53.16371
       ],
       [
        8.62141,
        53.1659
       ],
       [
        8.62082,
        53.16632
       ],
       [
        8.61859,
        53.16788
       ],
       [
        8.61615,
        53.16891
       ],
       [
        8.61252,
        53.17014
       ],
       [
        8.60936,
        53.17086
       ],
       [
        8.5921,
        53.17243
       ],
       [
        8.58254,
        53.17336
       ],
       [
        8.57798,
        53.17443
       ],
       [
        8.53022,
        53.19021
       ],
       [
        8.52442,
        53.19268
       ],
       [
        8.51164,
        53.19847
       ],
       [
        8.50769,
        53.20081
       ],
       [
        8.50325,
        53.20407
       ],
       [
        8.49024,
        53.21629
       ],
       [
        8.48528,
        53.22123
       ],
       [
        8.48387,
        53.22304
       ],
       [
        8.48136,
        53.22684
       ],
       [
        8.48449,
        53.22752
       ],
       [
        8.48783,
        53.22807
       ],
       [
        8.50485,
        53.22827
       ],
       [
        8.51692,
        53.22834
       ],
       [
        8.52575,
        53.22013
       ],
       [
        8.52976,
        53.2164
       ]
      ]
     ]
    ]
   }
  },
  {
   "type": "Feature",
   "properties": {
    "key": "nw",
    "name": "Nordrhein-Westfalen",
    "bez": "Land",
    "ars": "05",
    "nuts": "DEA",
    "status": "lidar+alkis",
    "lidar_dgm1": true,
    "lidar_las": true,
    "lidar_script": "download_nrw_lidar.sh",
    "lidar_bbox": true,
    "lidar_note": null,
    "alkis": "full",
    "alkis_engine": "aria2",
    "alkis_spatial": "package",
    "sample_bbox": "371,5613,376,5618",
    "sample_epsg": 25832,
    "sample_place": "Koenigswinter"
   },
   "geometry": {
    "type": "MultiPolygon",
    "coordinates": [
     [
      [
       [
        8.66673,
        52.52149
       ],
       [
        8.70289,
        52.50053
       ],
       [
        8.69809,
        52.48647
       ],
       [
        8.70334,
        52.4443
       ],
       [
        8.70447,
        52.41488
       ],
       [
        8.7075,
        52.39569
       ],
       [
        8.71643,
        52.3928
       ],
       [
        8.74699,
        52.38737
       ],
       [
        8.77344,
        52.39492
       ],
       [
        8.77925,
        52.39656
       ],
       [
        8.7875,
        52.3989
       ],
       [
        8.8118,
        52.39525
       ],
       [
        8.85579,
        52.38932
       ],
       [
        8.93304,
        52.40101
       ],
       [
        8.93788,
        52.40216
       ],
       [
        8.97322,
        52.42776
       ],
       [
        9.0165,
        52.46656
       ],
       [
        9.02985,
        52.48072
       ],
       [
        9.05466,
        52.50035
       ],
       [
        9.08426,
        52.49535
       ],
       [
        9.12796,
        52.48455
       ],
       [
        9.13213,
        52.48168
       ],
       [
        9.13238,
        52.48134
       ],
       [
        9.13513,
        52.4756
       ],
       [
        9.1256,
        52.46849
       ],
       [
        9.10258,
        52.45663
       ],
       [
        9.09894,
        52.45157
       ],
       [
        9.09453,
        52.44421
       ],
       [
        9.09387,
        52.4431
       ],
       [
        9.09631,
        52.44199
       ],
       [
        9.10972,
        52.43572
       ],
       [
        9.12348,
        52.42216
       ],
       [
        9.12505,
        52.41653
       ],
       [
        9.12523,
        52.41212
       ],
       [
        9.12444,
        52.40787
       ],
       [
        9.12376,
        52.40592
       ],
       [
        9.09767,
        52.37161
       ],
       [
        9.07273,
        52.34864
       ],
       [
        9.06047,
        52.34027
       ],
       [
        9.04014,
        52.34174
       ],
       [
        9.03303,
        52.3441
       ],
       [
        9.03024,
        52.3451
       ],
       [
        9.02929,
        52.34542
       ],
       [
        9.02824,
        52.34559
       ],
       [
        9.02747,
        52.34561
       ],
       [
        9.02714,
        52.34553
       ],
       [
        9.0266,
        52.34534
       ],
       [
        8.99837,
        52.3269
       ],
       [
        8.99145,
        52.31534
       ],
       [
        8.98672,
        52.28854
       ],
       [
        8.98657,
        52.28745
       ],
       [
        8.98586,
        52.28664
       ],
       [
        8.9816,
        52.2831
       ],
       [
        8.96918,
        52.28129
       ],
       [
        8.96459,
        52.28067
       ],
       [
        8.96377,
        52.27862
       ],
       [
        8.97141,
        52.26471
       ],
       [
        8.97254,
        52.26394
       ],
       [
        8.97643,
        52.26239
       ],
       [
        8.98047,
        52.26091
       ],
       [
        9.00602,
        52.25344
       ],
       [
        9.043,
        52.24317
       ],
       [
        9.07475,
        52.23396
       ],
       [
        9.07571,
        52.23327
       ],
       [
        9.07612,
        52.23241
       ],
       [
        9.07577,
        52.23138
       ],
       [
        9.07467,
        52.23045
       ],
       [
        9.06669,
        52.22518
       ],
       [
        9.0451,
        52.20844
       ],
       [
        9.04867,
        52.19578
       ],
       [
        9.04246,
        52.18439
       ],
       [
        9.02123,
        52.18372
       ],
       [
        9.00545,
        52.18948
       ],
       [
        8.98499,
        52.19426
       ],
       [
        8.99265,
        52.18815
       ],
       [
        9.00786,
        52.18077
       ],
       [
        9.01109,
        52.17755
       ],
       [
        9.0169,
        52.17172
       ],
       [
        9.01722,
        52.14822
       ],
       [
        9.04448,
        52.14164
       ],
       [
        9.09949,
        52.1327
       ],
       [
        9.10497,
        52.13251
       ],
       [
        9.10962,
        52.13344
       ],
       [
        9.1139,
        52.13739
       ],
       [
        9.12728,
        52.13842
       ],
       [
        9.14366,
        52.1349
       ],
       [
        9.14541,
        52.13391
       ],
       [
        9.15395,
        52.1283
       ],
       [
        9.1549,
        52.12687
       ],
       [
        9.15858,
        52.12009
       ],
       [
        9.14585,
        52.09956
       ],
       [
        9.15498,
        52.09733
       ],
       [
        9.17477,
        52.08621
       ],
       [
        9.17564,
        52.0855
       ],
       [
        9.18192,
        52.08034
       ],
       [
        9.18964,
        52.07212
       ],
       [
        9.18926,
        52.06912
       ],
       [
        9.18113,
        52.06798
       ],
       [
        9.17341,
        52.06041
       ],
       [
        9.17321,
        52.05976
       ],
       [
        9.17221,
        52.04757
       ],
       [
        9.17316,
        52.04012
       ],
       [
        9.17566,
        52.03441
       ],
       [
        9.18007,
        52.03024
       ],
       [
        9.18877,
        52.02653
       ],
       [
        9.19718,
        52.01026
       ],
       [
        9.18545,
        51.99954
       ],
       [
        9.1739,
        51.98434
       ],
       [
        9.17545,
        51.98075
       ],
       [
        9.18993,
        51.96449
       ],
       [
        9.2059,
        51.95928
       ],
       [
        9.21044,
        51.96045
       ],
       [
        9.21013,
        51.96553
       ],
       [
        9.21655,
        51.97357
       ],
       [
        9.21837,
        51.97392
       ],
       [
        9.22902,
        51.97495
       ],
       [
        9.25575,
        51.97702
       ],
       [
        9.26429,
        51.97583
       ],
       [
        9.27772,
        51.96207
       ],
       [
        9.27174,
        51.95255
       ],
       [
        9.2641,
        51.94804
       ],
       [
        9.26286,
        51.94625
       ],
       [
        9.2725,
        51.93291
       ],
       [
        9.28604,
        51.92135
       ],
       [
        9.29502,
        51.91903
       ],
       [
        9.30944,
        51.92221
       ],
       [
        9.31226,
        51.92243
       ],
       [
        9.33104,
        51.91686
       ],
       [
        9.34076,
        51.9083
       ],
       [
        9.34434,
        51.89683
       ],
       [
        9.34444,
        51.89195
       ],
       [
        9.34447,
        51.89018
       ],
       [
        9.34311,
        51.88193
       ],
       [
        9.34086,
        51.87241
       ],
       [
        9.33811,
        51.86349
       ],
       [
        9.33651,
        51.86074
       ],
       [
        9.3347,
        51.85821
       ],
       [
        9.33414,
        51.85748
       ],
       [
        9.33302,
        51.85676
       ],
       [
        9.33136,
        51.85572
       ],
       [
        9.33017,
        51.85542
       ],
       [
        9.32397,
        51.85504
       ],
       [
        9.32586,
        51.85448
       ],
       [
        9.32735,
        51.8541
       ],
       [
        9.32936,
        51.85394
       ],
       [
        9.3335,
        51.85398
       ],
       [
        9.33632,
        51.85453
       ],
       [
        9.33884,
        51.85532
       ],
       [
        9.3428,
        51.85682
       ],
       [
        9.34631,
        51.86049
       ],
       [
        9.3612,
        51.86484
       ],
       [
        9.36604,
        51.86467
       ],
       [
        9.42385,
        51.85578
       ],
       [
        9.44399,
        51.84635
       ],
       [
        9.44042,
        51.82539
       ],
       [
        9.44766,
        51.79502
       ],
       [
        9.44721,
        51.7942
       ],
       [
        9.39952,
        51.75868
       ],
       [
        9.38456,
        51.75457
       ],
       [
        9.37628,
        51.74491
       ],
       [
        9.37584,
        51.74417
       ],
       [
        9.37562,
        51.74346
       ],
       [
        9.37565,
        51.7421
       ],
       [
        9.37612,
        51.74081
       ],
       [
        9.38734,
        51.72268
       ],
       [
        9.39703,
        51.70781
       ],
       [
        9.39806,
        51.70685
       ],
       [
        9.39918,
        51.70577
       ],
       [
        9.39993,
        51.705
       ],
       [
        9.40052,
        51.70425
       ],
       [
        9.40097,
        51.70343
       ],
       [
        9.40122,
        51.70281
       ],
       [
        9.40141,
        51.70211
       ],
       [
        9.40149,
        51.70129
       ],
       [
        9.40146,
        51.70074
       ],
       [
        9.40128,
        51.70003
       ],
       [
        9.39463,
        51.68009
       ],
       [
        9.38648,
        51.67047
       ],
       [
        9.38505,
        51.67001
       ],
       [
        9.38426,
        51.66972
       ],
       [
        9.3836,
        51.66944
       ],
       [
        9.38276,
        51.66895
       ],
       [
        9.38182,
        51.66827
       ],
       [
        9.38084,
        51.66743
       ],
       [
        9.37991,
        51.6663
       ],
       [
        9.37902,
        51.66496
       ],
       [
        9.37845,
        51.66408
       ],
       [
        9.37803,
        51.6631
       ],
       [
        9.37775,
        51.66237
       ],
       [
        9.37576,
        51.65246
       ],
       [
        9.37551,
        51.6512
       ],
       [
        9.37539,
        51.65031
       ],
       [
        9.38233,
        51.64724
       ],
       [
        9.38708,
        51.64597
       ],
       [
        9.39403,
        51.64602
       ],
       [
        9.41519,
        51.64718
       ],
       [
        9.43896,
        51.65067
       ],
       [
        9.44424,
        51.64561
       ],
       [
        9.43367,
        51.63549
       ],
       [
        9.42963,
        51.63282
       ],
       [
        9.42417,
        51.63062
       ],
       [
        9.41612,
        51.62889
       ],
       [
        9.39857,
        51.62628
       ],
       [
        9.39133,
        51.62687
       ],
       [
        9.37697,
        51.62708
       ],
       [
        9.37183,
        51.62571
       ],
       [
        9.33684,
        51.61456
       ],
       [
        9.33657,
        51.61178
       ],
       [
        9.34945,
        51.60171
       ],
       [
        9.35611,
        51.59766
       ],
       [
        9.36322,
        51.59485
       ],
       [
        9.36801,
        51.59017
       ],
       [
        9.34526,
        51.57036
       ],
       [
        9.32591,
        51.55504
       ],
       [
        9.31912,
        51.54864
       ],
       [
        9.31466,
        51.54031
       ],
       [
        9.31379,
        51.53866
       ],
       [
        9.31335,
        51.53739
       ],
       [
        9.31131,
        51.53027
       ],
       [
        9.28457,
        51.51427
       ],
       [
        9.24136,
        51.49769
       ],
       [
        9.22632,
        51.48949
       ],
       [
        9.2254,
        51.48882
       ],
       [
        9.21719,
        51.48118
       ],
       [
        9.21696,
        51.46103
       ],
       [
        9.21512,
        51.45912
       ],
       [
        9.19795,
        51.46322
       ],
       [
        9.18576,
        51.46634
       ],
       [
        9.17502,
        51.46334
       ],
       [
        9.17273,
        51.46022
       ],
       [
        9.16246,
        51.44549
       ],
       [
        9.157,
        51.44283
       ],
       [
        9.1505,
        51.44225
       ],
       [
        9.10097,
        51.44367
       ],
       [
        9.08961,
        51.44603
       ],
       [
        9.07809,
        51.46508
       ],
       [
        9.07807,
        51.46691
       ],
       [
        9.08779,
        51.48159
       ],
       [
        9.09168,
        51.48745
       ],
       [
        9.09452,
        51.49567
       ],
       [
        9.07908,
        51.50385
       ],
       [
        9.05937,
        51.5005
       ],
       [
        9.03872,
        51.50245
       ],
       [
        9.02406,
        51.51137
       ],
       [
        9.01823,
        51.51678
       ],
       [
        8.9861,
        51.50857
       ],
       [
        8.96977,
        51.5053
       ],
       [
        8.96534,
        51.50432
       ],
       [
        8.94374,
        51.49921
       ],
       [
        8.91032,
        51.49107
       ],
       [
        8.89789,
        51.48705
       ],
       [
        8.89362,
        51.48512
       ],
       [
        8.89089,
        51.48191
       ],
       [
        8.89126,
        51.47757
       ],
       [
        8.89376,
        51.47147
       ],
       [
        8.93447,
        51.43135
       ],
       [
        8.94805,
        51.42981
       ],
       [
        8.94934,
        51.41225
       ],
       [
        8.94277,
        51.39692
       ],
       [
        8.939,
        51.3898
       ],
       [
        8.93754,
        51.38955
       ],
       [
        8.93733,
        51.38957
       ],
       [
        8.93604,
        51.38969
       ],
       [
        8.91571,
        51.39323
       ],
       [
        8.91205,
        51.39316
       ],
       [
        8.89047,
        51.39276
       ],
       [
        8.88728,
        51.39178
       ],
       [
        8.87584,
        51.3855
       ],
       [
        8.86205,
        51.37975
       ],
       [
        8.85433,
        51.37766
       ],
       [
        8.8378,
        51.38352
       ],
       [
        8.81942,
        51.38895
       ],
       [
        8.81134,
        51.39012
       ],
       [
        8.80418,
        51.39076
       ],
       [
        8.77191,
        51.38564
       ],
       [
        8.75769,
        51.37795
       ],
       [
        8.73101,
        51.37208
       ],
       [
        8.71098,
        51.37433
       ],
       [
        8.70679,
        51.37505
       ],
       [
        8.62079,
        51.33664
       ],
       [
        8.60413,
        51.32369
       ],
       [
        8.56505,
        51.28735
       ],
       [
        8.5563,
        51.27755
       ],
       [
        8.5892,
        51.24963
       ],
       [
        8.59328,
        51.24742
       ],
       [
        8.59766,
        51.2469
       ],
       [
        8.6094,
        51.24657
       ],
       [
        8.68203,
        51.26898
       ],
       [
        8.68339,
        51.26957
       ],
       [
        8.68436,
        51.2702
       ],
       [
        8.69008,
        51.27432
       ],
       [
        8.69382,
        51.27779
       ],
       [
        8.70716,
        51.27625
       ],
       [
        8.72195,
        51.27384
       ],
       [
        8.73213,
        51.258
       ],
       [
        8.72734,
        51.25011
       ],
       [
        8.73087,
        51.24023
       ],
       [
        8.75033,
        51.19893
       ],
       [
        8.75804,
        51.17758
       ],
       [
        8.75772,
        51.17671
       ],
       [
        8.73609,
        51.16071
       ],
       [
        8.71992,
        51.15226
       ],
       [
        8.71845,
        51.15176
       ],
       [
        8.71414,
        51.15163
       ],
       [
        8.69416,
        51.13566
       ],
       [
        8.69238,
        51.13247
       ],
       [
        8.69245,
        51.1293
       ],
       [
        8.70186,
        51.11647
       ],
       [
        8.71196,
        51.11711
       ],
       [
        8.72023,
        51.11514
       ],
       [
        8.7186,
        51.11107
       ],
       [
        8.71684,
        51.10962
       ],
       [
        8.71457,
        51.10881
       ],
       [
        8.66622,
        51.09861
       ],
       [
        8.61944,
        51.1002
       ],
       [
        8.59548,
        51.10162
       ],
       [
        8.55378,
        51.10233
       ],
       [
        8.55166,
        51.10182
       ],
       [
        8.55011,
        51.10087
       ],
       [
        8.54617,
        51.09638
       ],
       [
        8.54475,
        51.09558
       ],
       [
        8.54312,
        51.09516
       ],
       [
        8.54144,
        51.09498
       ],
       [
        8.52761,
        51.09599
       ],
       [
        8.5098,
        51.08454
       ],
       [
        8.50903,
        51.08389
       ],
       [
        8.5049,
        51.07998
       ],
       [
        8.50418,
        51.0793
       ],
       [
        8.50382,
        51.07854
       ],
       [
        8.50372,
        51.07768
       ],
       [
        8.50382,
        51.07673
       ],
       [
        8.5041,
        51.07584
       ],
       [
        8.50448,
        51.07509
       ],
       [
        8.50505,
        51.07437
       ],
       [
        8.50601,
        51.07366
       ],
       [
        8.50704,
        51.07312
       ],
       [
        8.51208,
        51.07105
       ],
       [
        8.51453,
        51.07165
       ],
       [
        8.51533,
        51.07162
       ],
       [
        8.51637,
        51.07135
       ],
       [
        8.52309,
        51.06816
       ],
       [
        8.52667,
        51.06471
       ],
       [
        8.52721,
        51.06368
       ],
       [
        8.52689,
        51.05947
       ],
       [
        8.52283,
        51.03647
       ],
       [
        8.53181,
        51.02908
       ],
       [
        8.53865,
        51.01965
       ],
       [
        8.53063,
        51.01347
       ],
       [
        8.52437,
        51.00974
       ],
       [
        8.51609,
        51.00575
       ],
       [
        8.50065,
        50.99857
       ],
       [
        8.47391,
        50.97579
       ],
       [
        8.47425,
        50.97339
       ],
       [
        8.47877,
        50.96922
       ],
       [
        8.46617,
        50.96848
       ],
       [
        8.46024,
        50.96586
       ],
       [
        8.45014,
        50.9416
       ],
       [
        8.45072,
        50.9332
       ],
       [
        8.43252,
        50.91739
       ],
       [
        8.40562,
        50.90234
       ],
       [
        8.39617,
        50.89406
       ],
       [
        8.38852,
        50.8856
       ],
       [
        8.38486,
        50.87584
       ],
       [
        8.36827,
        50.86422
       ],
       [
        8.35949,
        50.86106
       ],
       [
        8.35574,
        50.86186
       ],
       [
        8.35232,
        50.86516
       ],
       [
        8.33937,
        50.86561
       ],
       [
        8.33745,
        50.86567
       ],
       [
        8.31855,
        50.86197
       ],
       [
        8.30657,
        50.86166
       ],
       [
        8.29521,
        50.87082
       ],
       [
        8.29223,
        50.87706
       ],
       [
        8.29082,
        50.88131
       ],
       [
        8.27166,
        50.88178
       ],
       [
        8.26098,
        50.87627
       ],
       [
        8.23388,
        50.85684
       ],
       [
        8.18744,
        50.82863
       ],
       [
        8.1753,
        50.81876
       ],
       [
        8.16979,
        50.80825
       ],
       [
        8.161,
        50.80196
       ],
       [
        8.1454,
        50.79612
       ],
       [
        8.12836,
        50.78843
       ],
       [
        8.13071,
        50.77718
       ],
       [
        8.14115,
        50.77205
       ],
       [
        8.15282,
        50.75958
       ],
       [
        8.16439,
        50.74419
       ],
       [
        8.1674,
        50.7347
       ],
       [
        8.15065,
        50.70535
       ],
       [
        8.14199,
        50.69455
       ],
       [
        8.13172,
        50.69691
       ],
       [
        8.12716,
        50.69322
       ],
       [
        8.12697,
        50.6919
       ],
       [
        8.12632,
        50.68592
       ],
       [
        8.11084,
        50.6971
       ],
       [
        8.09817,
        50.70383
       ],
       [
        8.0803,
        50.70588
       ],
       [
        8.07851,
        50.70584
       ],
       [
        8.07609,
        50.70574
       ],
       [
        8.07139,
        50.70071
       ],
       [
        8.06007,
        50.69547
       ],
       [
        8.05999,
        50.69546
       ],
       [
        8.04011,
        50.69723
       ],
       [
        8.04316,
        50.71045
       ],
       [
        8.03996,
        50.72695
       ],
       [
        7.99927,
        50.75527
       ],
       [
        7.98775,
        50.75926
       ],
       [
        7.98018,
        50.76447
       ],
       [
        7.96829,
        50.77399
       ],
       [
        7.96493,
        50.78704
       ],
       [
        7.96711,
        50.79803
       ],
       [
        7.97361,
        50.80398
       ],
       [
        7.97748,
        50.83169
       ],
       [
        7.96697,
        50.84654
       ],
       [
        7.95857,
        50.84862
       ],
       [
        7.93742,
        50.84796
       ],
       [
        7.92669,
        50.84502
       ],
       [
        7.9266,
        50.845
       ],
       [
        7.91819,
        50.84468
       ],
       [
        7.90567,
        50.84856
       ],
       [
        7.89432,
        50.85974
       ],
       [
        7.89404,
        50.86509
       ],
       [
        7.88725,
        50.87376
       ],
       [
        7.88641,
        50.87439
       ],
       [
        7.88531,
        50.87503
       ],
       [
        7.88387,
        50.87565
       ],
       [
        7.88222,
        50.876
       ],
       [
        7.87029,
        50.87788
       ],
       [
        7.85901,
        50.87733
       ],
       [
        7.84657,
        50.87861
       ],
       [
        7.83764,
        50.88095
       ],
       [
        7.82929,
        50.88314
       ],
       [
        7.82785,
        50.89068
       ],
       [
        7.83368,
        50.90741
       ],
       [
        7.85001,
        50.92484
       ],
       [
        7.8286,
        50.92887
       ],
       [
        7.78621,
        50.94044
       ],
       [
        7.77596,
        50.92955
       ],
       [
        7.75028,
        50.91914
       ],
       [
        7.74686,
        50.90521
       ],
       [
        7.75391,
        50.87578
       ],
       [
        7.75423,
        50.86535
       ],
       [
        7.74631,
        50.84663
       ],
       [
        7.69927,
        50.82558
       ],
       [
        7.6751,
        50.81897
       ],
       [
        7.66104,
        50.82039
       ],
       [
        7.67199,
        50.81215
       ],
       [
        7.67582,
        50.80735
       ],
       [
        7.68175,
        50.7965
       ],
       [
        7.682,
        50.79013
       ],
       [
        7.68061,
        50.78
       ],
       [
        7.66263,
        50.76916
       ],
       [
        7.66193,
        50.76876
       ],
       [
        7.66082,
        50.76842
       ],
       [
        7.65966,
        50.76828
       ],
       [
        7.65878,
        50.76826
       ],
       [
        7.65747,
        50.76833
       ],
       [
        7.6466,
        50.77012
       ],
       [
        7.63782,
        50.77014
       ],
       [
        7.6169,
        50.76929
       ],
       [
        7.60146,
        50.76578
       ],
       [
        7.60084,
        50.76552
       ],
       [
        7.59313,
        50.75722
       ],
       [
        7.5929,
        50.75657
       ],
       [
        7.59279,
        50.75592
       ],
       [
        7.5931,
        50.75526
       ],
       [
        7.59392,
        50.7492
       ],
       [
        7.59416,
        50.74232
       ],
       [
        7.59388,
        50.74189
       ],
       [
        7.59278,
        50.74133
       ],
       [
        7.58511,
        50.73747
       ],
       [
        7.56381,
        50.74323
       ],
       [
        7.54926,
        50.74653
       ],
       [
        7.51995,
        50.73394
       ],
       [
        7.47897,
        50.71842
       ],
       [
        7.45721,
        50.71845
       ],
       [
        7.43722,
        50.71021
       ],
       [
        7.42924,
        50.71021
       ],
       [
        7.42511,
        50.71022
       ],
       [
        7.41032,
        50.71891
       ],
       [
        7.3995,
        50.71818
       ],
       [
        7.38112,
        50.71664
       ],
       [
        7.378,
        50.71625
       ],
       [
        7.37414,
        50.71858
       ],
       [
        7.37243,
        50.71771
       ],
       [
        7.36958,
        50.71494
       ],
       [
        7.36643,
        50.70983
       ],
       [
        7.3591,
        50.69783
       ],
       [
        7.36029,
        50.69776
       ],
       [
        7.36049,
        50.69776
       ],
       [
        7.36315,
        50.69766
       ],
       [
        7.36636,
        50.69736
       ],
       [
        7.36765,
        50.69723
       ],
       [
        7.36958,
        50.68324
       ],
       [
        7.36929,
        50.67273
       ],
       [
        7.35936,
        50.64986
       ],
       [
        7.33554,
        50.64273
       ],
       [
        7.32568,
        50.63985
       ],
       [
        7.29511,
        50.63141
       ],
       [
        7.27083,
        50.62625
       ],
       [
        7.25692,
        50.62448
       ],
       [
        7.25582,
        50.62442
       ],
       [
        7.25494,
        50.62464
       ],
       [
        7.254,
        50.62516
       ],
       [
        7.25173,
        50.62689
       ],
       [
        7.24013,
        50.62901
       ],
       [
        7.24003,
        50.62901
       ],
       [
        7.2288,
        50.62741
       ],
       [
        7.21185,
        50.62497
       ],
       [
        7.21189,
        50.64903
       ],
       [
        7.19543,
        50.64337
       ],
       [
        7.18891,
        50.62879
       ],
       [
        7.18387,
        50.623
       ],
       [
        7.17347,
        50.61277
       ],
       [
        7.14725,
        50.60037
       ],
       [
        7.14101,
        50.60063
       ],
       [
        7.12643,
        50.60586
       ],
       [
        7.11246,
        50.60599
       ],
       [
        7.11172,
        50.60438
       ],
       [
        7.10293,
        50.59015
       ],
       [
        7.09407,
        50.58583
       ],
       [
        7.08471,
        50.58628
       ],
       [
        7.06815,
        50.59374
       ],
       [
        7.06661,
        50.59978
       ],
       [
        7.06641,
        50.60058
       ],
       [
        7.05621,
        50.60632
       ],
       [
        7.04918,
        50.60437
       ],
       [
        7.03644,
        50.59555
       ],
       [
        7.02348,
        50.58549
       ],
       [
        7.01301,
        50.57564
       ],
       [
        7.00242,
        50.567
       ],
       [
        6.99957,
        50.56519
       ],
       [
        6.97393,
        50.5556
       ],
       [
        6.96183,
        50.556
       ],
       [
        6.93784,
        50.56066
       ],
       [
        6.92749,
        50.55916
       ],
       [
        6.92318,
        50.55326
       ],
       [
        6.9,
        50.53064
       ],
       [
        6.88599,
        50.52914
       ],
       [
        6.88409,
        50.52819
       ],
       [
        6.88292,
        50.52579
       ],
       [
        6.8837,
        50.52306
       ],
       [
        6.88871,
        50.50712
       ],
       [
        6.90115,
        50.50454
       ],
       [
        6.90531,
        50.50183
       ],
       [
        6.90545,
        50.49997
       ],
       [
        6.90428,
        50.48299
       ],
       [
        6.90089,
        50.46833
       ],
       [
        6.85909,
        50.45296
       ],
       [
        6.85765,
        50.45278
       ],
       [
        6.85518,
        50.45301
       ],
       [
        6.81252,
        50.4715
       ],
       [
        6.80801,
        50.48091
       ],
       [
        6.80668,
        50.48764
       ],
       [
        6.80073,
        50.49131
       ],
       [
        6.77061,
        50.48558
       ],
       [
        6.74412,
        50.47247
       ],
       [
        6.74392,
        50.46759
       ],
       [
        6.76878,
        50.4317
       ],
       [
        6.78432,
        50.42091
       ],
       [
        6.77915,
        50.40517
       ],
       [
        6.77312,
        50.39994
       ],
       [
        6.76989,
        50.39645
       ],
       [
        6.76985,
        50.39249
       ],
       [
        6.78529,
        50.37546
       ],
       [
        6.80027,
        50.36344
       ],
       [
        6.80251,
        50.36202
       ],
       [
        6.78279,
        50.36309
       ],
       [
        6.77925,
        50.36246
       ],
       [
        6.73158,
        50.35148
       ],
       [
        6.6958,
        50.3463
       ],
       [
        6.68587,
        50.35835
       ],
       [
        6.66827,
        50.37197
       ],
       [
        6.66512,
        50.37119
       ],
       [
        6.66236,
        50.3705
       ],
       [
        6.66095,
        50.37011
       ],
       [
        6.65986,
        50.36972
       ],
       [
        6.6572,
        50.36867
       ],
       [
        6.65613,
        50.36811
       ],
       [
        6.65544,
        50.3677
       ],
       [
        6.65675,
        50.35655
       ],
       [
        6.65032,
        50.34794
       ],
       [
        6.63656,
        50.3448
       ],
       [
        6.62159,
        50.35462
       ],
       [
        6.62344,
        50.36101
       ],
       [
        6.6266,
        50.37193
       ],
       [
        6.6243,
        50.3749
       ],
       [
        6.60389,
        50.38748
       ],
       [
        6.5292,
        50.36929
       ],
       [
        6.51233,
        50.3597
       ],
       [
        6.50407,
        50.35165
       ],
       [
        6.48819,
        50.34023
       ],
       [
        6.48454,
        50.33803
       ],
       [
        6.45198,
        50.33532
       ],
       [
        6.45004,
        50.33886
       ],
       [
        6.45747,
        50.34753
       ],
       [
        6.46081,
        50.36088
       ],
       [
        6.44902,
        50.37179
       ],
       [
        6.41198,
        50.38887
       ],
       [
        6.39728,
        50.38635
       ],
       [
        6.38549,
        50.38425
       ],
       [
        6.38522,
        50.38383
       ],
       [
        6.3895,
        50.37138
       ],
       [
        6.40392,
        50.3457
       ],
       [
        6.41541,
        50.33233
       ],
       [
        6.42663,
        50.3227
       ],
       [
        6.40389,
        50.32327
       ],
       [
        6.40633,
        50.3344
       ],
       [
        6.40637,
        50.33504
       ],
       [
        6.3977,
        50.34306
       ],
       [
        6.39569,
        50.34461
       ],
       [
        6.35791,
        50.37038
       ],
       [
        6.35338,
        50.37266
       ],
       [
        6.34076,
        50.37901
       ],
       [
        6.3439,
        50.38326
       ],
       [
        6.34496,
        50.38443
       ],
       [
        6.35616,
        50.39452
       ],
       [
        6.36366,
        50.40106
       ],
       [
        6.36499,
        50.4028
       ],
       [
        6.369,
        50.41035
       ],
       [
        6.37631,
        50.43491
       ],
       [
        6.37662,
        50.43618
       ],
       [
        6.37602,
        50.44322
       ],
       [
        6.3748,
        50.44937
       ],
       [
        6.37413,
        50.45149
       ],
       [
        6.37321,
        50.45328
       ],
       [
        6.37141,
        50.45615
       ],
       [
        6.36746,
        50.45527
       ],
       [
        6.36464,
        50.45466
       ],
       [
        6.36285,
        50.45468
       ],
       [
        6.3612,
        50.45486
       ],
       [
        6.35887,
        50.45533
       ],
       [
        6.34827,
        50.45792
       ],
       [
        6.3403,
        50.46229
       ],
       [
        6.33975,
        50.46279
       ],
       [
        6.33948,
        50.46357
       ],
       [
        6.3382,
        50.47456
       ],
       [
        6.33835,
        50.47551
       ],
       [
        6.34093,
        50.48301
       ],
       [
        6.34151,
        50.48384
       ],
       [
        6.33284,
        50.49226
       ],
       [
        6.31542,
        50.49697
       ],
       [
        6.31278,
        50.4985
       ],
       [
        6.30882,
        50.50078
       ],
       [
        6.28077,
        50.50269
       ],
       [
        6.22192,
        50.50186
       ],
       [
        6.19265,
        50.52123
       ],
       [
        6.1877,
        50.52708
       ],
       [
        6.17878,
        50.5416
       ],
       [
        6.17504,
        50.55808
       ],
       [
        6.21979,
        50.58207
       ],
       [
        6.24289,
        50.58708
       ],
       [
        6.26858,
        50.61741
       ],
       [
        6.26968,
        50.61879
       ],
       [
        6.26985,
        50.61902
       ],
       [
        6.27038,
        50.62085
       ],
       [
        6.27035,
        50.62354
       ],
       [
        6.27031,
        50.62491
       ],
       [
        6.26973,
        50.6253
       ],
       [
        6.26594,
        50.62763
       ],
       [
        6.26361,
        50.62803
       ],
       [
        6.2575,
        50.62592
       ],
       [
        6.25578,
        50.62565
       ],
       [
        6.23371,
        50.62453
       ],
       [
        6.18903,
        50.6275
       ],
       [
        6.16663,
        50.64384
       ],
       [
        6.17035,
        50.64464
       ],
       [
        6.17209,
        50.64475
       ],
       [
        6.18334,
        50.64534
       ],
       [
        6.18038,
        50.65021
       ],
       [
        6.12009,
        50.71793
       ],
       [
        6.11812,
        50.71999
       ],
       [
        6.11314,
        50.72233
       ],
       [
        6.11197,
        50.72287
       ],
       [
        6.11183,
        50.72291
       ],
       [
        6.09832,
        50.72306
       ],
       [
        6.07323,
        50.72093
       ],
       [
        6.04395,
        50.71848
       ],
       [
        6.04193,
        50.71844
       ],
       [
        6.03917,
        50.71845
       ],
       [
        6.03645,
        50.72013
       ],
       [
        6.03363,
        50.72807
       ],
       [
        6.03455,
        50.73344
       ],
       [
        6.04058,
        50.73804
       ],
       [
        6.03989,
        50.74543
       ],
       [
        6.02804,
        50.75675
       ],
       [
        6.02788,
        50.7569
       ],
       [
        5.99784,
        50.78557
       ],
       [
        5.97714,
        50.79649
       ],
       [
        5.97512,
        50.79762
       ],
       [
        5.97554,
        50.79907
       ],
       [
        5.97572,
        50.7997
       ],
       [
        5.97576,
        50.79984
       ],
       [
        5.97579,
        50.79994
       ],
       [
        5.9758,
        50.79999
       ],
       [
        5.97666,
        50.80301
       ],
       [
        5.98489,
        50.81098
       ],
       [
        6.0,
        50.80393
       ],
       [
        6.00475,
        50.80175
       ],
       [
        6.01015,
        50.80408
       ],
       [
        6.02368,
        50.81374
       ],
       [
        6.02787,
        50.82004
       ],
       [
        6.02468,
        50.82822
       ],
       [
        6.02144,
        50.83014
       ],
       [
        6.02113,
        50.83034
       ],
       [
        6.02001,
        50.83325
       ],
       [
        6.01999,
        50.83331
       ],
       [
        6.02,
        50.83338
       ],
       [
        6.02176,
        50.84556
       ],
       [
        6.05509,
        50.85596
       ],
       [
        6.05634,
        50.85605
       ],
       [
        6.05735,
        50.85575
       ],
       [
        6.05777,
        50.8551
       ],
       [
        6.05806,
        50.85102
       ],
       [
        6.07348,
        50.84735
       ],
       [
        6.07424,
        50.84775
       ],
       [
        6.08814,
        50.87299
       ],
       [
        6.08838,
        50.87748
       ],
       [
        6.08106,
        50.88313
       ],
       [
        6.08003,
        50.88408
       ],
       [
        6.07572,
        50.88927
       ],
       [
        6.0753,
        50.8904
       ],
       [
        6.07528,
        50.89232
       ],
       [
        6.07559,
        50.8946
       ],
       [
        6.07613,
        50.89631
       ],
       [
        6.08038,
        50.90712
       ],
       [
        6.08089,
        50.90803
       ],
       [
        6.08703,
        50.91376
       ],
       [
        6.09291,
        50.91772
       ],
       [
        6.0938,
        50.91854
       ],
       [
        6.09442,
        50.91986
       ],
       [
        6.09478,
        50.92147
       ],
       [
        6.09399,
        50.92165
       ],
       [
        6.07257,
        50.92322
       ],
       [
        6.05549,
        50.92641
       ],
       [
        6.01865,
        50.93502
       ],
       [
        6.01561,
        50.94788
       ],
       [
        6.01337,
        50.96168
       ],
       [
        6.01368,
        50.96206
       ],
       [
        6.02544,
        50.98097
       ],
       [
        6.02565,
        50.9821
       ],
       [
        6.02506,
        50.98364
       ],
       [
        5.98642,
        50.98206
       ],
       [
        5.96706,
        50.97929
       ],
       [
        5.91866,
        50.97784
       ],
       [
        5.91657,
        50.9792
       ],
       [
        5.91191,
        50.98222
       ],
       [
        5.90414,
        50.98726
       ],
       [
        5.87958,
        51.01741
       ],
       [
        5.8788,
        51.01856
       ],
       [
        5.86788,
        51.04535
       ],
       [
        5.866,
        51.05113
       ],
       [
        5.91335,
        51.06653
       ],
       [
        5.91857,
        51.06402
       ],
       [
        5.92255,
        51.0561
       ],
       [
        5.92658,
        51.04813
       ],
       [
        5.93704,
        51.0369
       ],
       [
        5.95216,
        51.03657
       ],
       [
        5.96676,
        51.04481
       ],
       [
        5.96781,
        51.04611
       ],
       [
        5.9685,
        51.04769
       ],
       [
        5.96875,
        51.04911
       ],
       [
        5.97143,
        51.06088
       ],
       [
        5.9792,
        51.06979
       ],
       [
        5.98141,
        51.07221
       ],
       [
        5.9953,
        51.0819
       ],
       [
        5.99786,
        51.08343
       ],
       [
        6.01011,
        51.09077
       ],
       [
        6.01708,
        51.09413
       ],
       [
        6.0172,
        51.09408
       ],
       [
        6.02069,
        51.0928
       ],
       [
        6.02261,
        51.09284
       ],
       [
        6.03174,
        51.09506
       ],
       [
        6.03392,
        51.09571
       ],
       [
        6.03588,
        51.09646
       ],
       [
        6.08068,
        51.12226
       ],
       [
        6.08785,
        51.12736
       ],
       [
        6.098,
        51.13524
       ],
       [
        6.13422,
        51.14491
       ],
       [
        6.1362,
        51.14524
       ],
       [
        6.1531,
        51.14796
       ],
       [
        6.15443,
        51.14803
       ],
       [
        6.16301,
        51.14895
       ],
       [
        6.17575,
        51.15863
       ],
       [
        6.17165,
        51.16028
       ],
       [
        6.13993,
        51.17305
       ],
       [
        6.1401,
        51.17371
       ],
       [
        6.17339,
        51.18397
       ],
       [
        6.17502,
        51.18448
       ],
       [
        6.17683,
        51.18503
       ],
       [
        6.18008,
        51.18603
       ],
       [
        6.18008,
        51.18679
       ],
       [
        6.16575,
        51.19414
       ],
       [
        6.1241,
        51.18162
       ],
       [
        6.12302,
        51.18121
       ],
       [
        6.12084,
        51.18005
       ],
       [
        6.1193,
        51.17904
       ],
       [
        6.11507,
        51.17577
       ],
       [
        6.11465,
        51.17542
       ],
       [
        6.11428,
        51.17511
       ],
       [
        6.1125,
        51.17408
       ],
       [
        6.10992,
        51.1729
       ],
       [
        6.10686,
        51.17192
       ],
       [
        6.10213,
        51.17093
       ],
       [
        6.09928,
        51.17051
       ],
       [
        6.09646,
        51.17044
       ],
       [
        6.09347,
        51.17053
       ],
       [
        6.08698,
        51.17109
       ],
       [
        6.08417,
        51.17138
       ],
       [
        6.08292,
        51.17159
       ],
       [
        6.08208,
        51.17206
       ],
       [
        6.07342,
        51.18329
       ],
       [
        6.06761,
        51.22035
       ],
       [
        6.07194,
        51.24223
       ],
       [
        6.08557,
        51.24773
       ],
       [
        6.11718,
        51.26976
       ],
       [
        6.12384,
        51.2744
       ],
       [
        6.15383,
        51.30754
       ],
       [
        6.15825,
        51.31412
       ],
       [
        6.1629,
        51.32377
       ],
       [
        6.16908,
        51.33238
       ],
       [
        6.19028,
        51.33971
       ],
       [
        6.226,
        51.36088
       ],
       [
        6.22427,
        51.36566
       ],
       [
        6.215,
        51.38773
       ],
       [
        6.20603,
        51.40054
       ],
       [
        6.22001,
        51.45421
       ],
       [
        6.22356,
        51.46946
       ],
       [
        6.22347,
        51.47099
       ],
       [
        6.21314,
        51.51175
       ],
       [
        6.21242,
        51.51321
       ],
       [
        6.20659,
        51.52088
       ],
       [
        6.20078,
        51.52692
       ],
       [
        6.15744,
        51.56634
       ],
       [
        6.12537,
        51.58679
       ],
       [
        6.09179,
        51.606
       ],
       [
        6.09385,
        51.62245
       ],
       [
        6.09604,
        51.62199
       ],
       [
        6.09823,
        51.62151
       ],
       [
        6.11617,
        51.65276
       ],
       [
        6.11794,
        51.65602
       ],
       [
        6.10146,
        51.65986
       ],
       [
        6.07896,
        51.6628
       ],
       [
        6.04012,
        51.67202
       ],
       [
        6.03132,
        51.67661
       ],
       [
        6.03024,
        51.67762
       ],
       [
        6.02658,
        51.70781
       ],
       [
        6.02677,
        51.70882
       ],
       [
        6.02734,
        51.70957
       ],
       [
        6.03043,
        51.71109
       ],
       [
        6.03231,
        51.71185
       ],
       [
        6.03402,
        51.7123
       ],
       [
        6.03554,
        51.71248
       ],
       [
        6.04188,
        51.71281
       ],
       [
        6.044,
        51.71293
       ],
       [
        6.04458,
        51.71319
       ],
       [
        6.04622,
        51.71547
       ],
       [
        6.04648,
        51.71608
       ],
       [
        6.04629,
        51.71654
       ],
       [
        6.03248,
        51.72415
       ],
       [
        5.99496,
        51.73778
       ],
       [
        5.99285,
        51.73841
       ],
       [
        5.98975,
        51.73876
       ],
       [
        5.96575,
        51.73868
       ],
       [
        5.95532,
        51.73863
       ],
       [
        5.95276,
        51.74247
       ],
       [
        5.95283,
        51.74898
       ],
       [
        5.98346,
        51.76311
       ],
       [
        5.98998,
        51.76611
       ],
       [
        5.99089,
        51.76985
       ],
       [
        5.97702,
        51.79712
       ],
       [
        5.96301,
        51.80637
       ],
       [
        5.9556,
        51.81009
       ],
       [
        5.94613,
        51.82459
       ],
       [
        5.95547,
        51.83142
       ],
       [
        5.96296,
        51.83689
       ],
       [
        5.96357,
        51.83662
       ],
       [
        5.96896,
        51.83433
       ],
       [
        5.97114,
        51.83365
       ],
       [
        5.97333,
        51.83326
       ],
       [
        5.98636,
        51.8312
       ],
       [
        5.98943,
        51.83094
       ],
       [
        5.99176,
        51.83102
       ],
       [
        5.9948,
        51.83134
       ],
       [
        5.99689,
        51.83168
       ],
       [
        6.00001,
        51.83226
       ],
       [
        6.00272,
        51.83291
       ],
       [
        6.00525,
        51.83363
       ],
       [
        6.01084,
        51.83536
       ],
       [
        6.05511,
        51.85259
       ],
       [
        6.06366,
        51.86538
       ],
       [
        6.10279,
        51.84838
       ],
       [
        6.16627,
        51.8409
       ],
       [
        6.16472,
        51.86034
       ],
       [
        6.13745,
        51.88568
       ],
       [
        6.13615,
        51.88656
       ],
       [
        6.12046,
        51.89133
       ],
       [
        6.12,
        51.89146
       ],
       [
        6.11857,
        51.89181
       ],
       [
        6.11846,
        51.89183
       ],
       [
        6.11791,
        51.89195
       ],
       [
        6.12555,
        51.89869
       ],
       [
        6.15387,
        51.90399
       ],
       [
        6.16968,
        51.90183
       ],
       [
        6.18823,
        51.89217
       ],
       [
        6.18596,
        51.88654
       ],
       [
        6.18665,
        51.88479
       ],
       [
        6.1876,
        51.88247
       ],
       [
        6.18847,
        51.88154
       ],
       [
        6.194,
        51.87786
       ],
       [
        6.19649,
        51.8764
       ],
       [
        6.19975,
        51.87486
       ],
       [
        6.20367,
        51.87323
       ],
       [
        6.20706,
        51.87205
       ],
       [
        6.21163,
        51.87062
       ],
       [
        6.21429,
        51.86991
       ],
       [
        6.21958,
        51.86862
       ],
       [
        6.21968,
        51.86861
       ],
       [
        6.2464,
        51.86961
       ],
       [
        6.26987,
        51.87407
       ],
       [
        6.2712,
        51.87452
       ],
       [
        6.27214,
        51.87469
       ],
       [
        6.27355,
        51.8747
       ],
       [
        6.27366,
        51.87469
       ],
       [
        6.27732,
        51.87443
       ],
       [
        6.27897,
        51.87402
       ],
       [
        6.27993,
        51.87379
       ],
       [
        6.29106,
        51.8707
       ],
       [
        6.29808,
        51.86855
       ],
       [
        6.33401,
        51.85175
       ],
       [
        6.38015,
        51.83501
       ],
       [
        6.3975,
        51.82952
       ],
       [
        6.4078,
        51.82849
       ],
       [
        6.40399,
        51.83531
       ],
       [
        6.38952,
        51.86473
       ],
       [
        6.38943,
        51.86581
       ],
       [
        6.39028,
        51.87406
       ],
       [
        6.39231,
        51.87395
       ],
       [
        6.45161,
        51.86518
       ],
       [
        6.45822,
        51.85839
       ],
       [
        6.45861,
        51.85812
       ],
       [
        6.45992,
        51.85722
       ],
       [
        6.46197,
        51.85609
       ],
       [
        6.46404,
        51.85522
       ],
       [
        6.46638,
        51.85466
       ],
       [
        6.47089,
        51.85413
       ],
       [
        6.49637,
        51.8607
       ],
       [
        6.49781,
        51.86115
       ],
       [
        6.49854,
        51.86137
       ],
       [
        6.50005,
        51.862
       ],
       [
        6.52898,
        51.87615
       ],
       [
        6.57962,
        51.8919
       ],
       [
        6.61409,
        51.89921
       ],
       [
        6.63684,
        51.90403
       ],
       [
        6.64079,
        51.9051
       ],
       [
        6.67333,
        51.91552
       ],
       [
        6.68318,
        51.91701
       ],
       [
        6.69459,
        51.91577
       ],
       [
        6.69701,
        51.9102
       ],
       [
        6.70286,
        51.90674
       ],
       [
        6.71363,
        51.90066
       ],
       [
        6.72133,
        51.89634
       ],
       [
        6.73183,
        51.89897
       ],
       [
        6.74959,
        51.90738
       ],
       [
        6.7698,
        51.91701
       ],
       [
        6.77786,
        51.92268
       ],
       [
        6.78802,
        51.92985
       ],
       [
        6.79408,
        51.93686
       ],
       [
        6.79576,
        51.94436
       ],
       [
        6.79875,
        51.95891
       ],
       [
        6.80305,
        51.96007
       ],
       [
        6.80724,
        51.96118
       ],
       [
        6.81073,
        51.96209
       ],
       [
        6.81321,
        51.96274
       ],
       [
        6.82829,
        51.96448
       ],
       [
        6.83044,
        51.96859
       ],
       [
        6.83189,
        51.97138
       ],
       [
        6.83219,
        51.97283
       ],
       [
        6.82954,
        51.98622
       ],
       [
        6.82595,
        51.99326
       ],
       [
        6.75258,
        52.02849
       ],
       [
        6.71545,
        52.0399
       ],
       [
        6.68757,
        52.04002
       ],
       [
        6.68665,
        52.05393
       ],
       [
        6.68702,
        52.055
       ],
       [
        6.69533,
        52.07095
       ],
       [
        6.73488,
        52.07516
       ],
       [
        6.74837,
        52.08356
       ],
       [
        6.74934,
        52.08474
       ],
       [
        6.75764,
        52.10025
       ],
       [
        6.75836,
        52.10227
       ],
       [
        6.76011,
        52.11882
       ],
       [
        6.82229,
        52.11864
       ],
       [
        6.8551,
        52.12057
       ],
       [
        6.87033,
        52.12943
       ],
       [
        6.87183,
        52.13056
       ],
       [
        6.87277,
        52.13176
       ],
       [
        6.88086,
        52.15607
       ],
       [
        6.90659,
        52.17537
       ],
       [
        6.90784,
        52.17606
       ],
       [
        6.91017,
        52.17663
       ],
       [
        6.95117,
        52.18108
       ],
       [
        6.95582,
        52.18602
       ],
       [
        6.97421,
        52.20579
       ],
       [
        6.9757,
        52.20928
       ],
       [
        6.97998,
        52.21909
       ],
       [
        6.98082,
        52.22053
       ],
       [
        6.98209,
        52.2221
       ],
       [
        6.98511,
        52.22494
       ],
       [
        6.98786,
        52.22699
       ],
       [
        6.99167,
        52.22752
       ],
       [
        7.0,
        52.22825
       ],
       [
        7.00393,
        52.2286
       ],
       [
        7.00535,
        52.22857
       ],
       [
        7.00596,
        52.22855
       ],
       [
        7.00915,
        52.22814
       ],
       [
        7.01311,
        52.22763
       ],
       [
        7.01323,
        52.22756
       ],
       [
        7.01882,
        52.22483
       ],
       [
        7.03903,
        52.22788
       ],
       [
        7.05003,
        52.23147
       ],
       [
        7.0565,
        52.23426
       ],
       [
        7.06146,
        52.23716
       ],
       [
        7.06338,
        52.23931
       ],
       [
        7.06384,
        52.24017
       ],
       [
        7.06374,
        52.24129
       ],
       [
        7.09917,
        52.24298
       ],
       [
        7.10886,
        52.25276
       ],
       [
        7.11271,
        52.25558
       ],
       [
        7.12161,
        52.26193
       ],
       [
        7.15851,
        52.2667
       ],
       [
        7.23029,
        52.26379
       ],
       [
        7.23881,
        52.26382
       ],
       [
        7.2901,
        52.26412
       ],
       [
        7.29742,
        52.26416
       ],
       [
        7.31664,
        52.28007
       ],
       [
        7.33335,
        52.28142
       ],
       [
        7.34418,
        52.2823
       ],
       [
        7.36252,
        52.28822
       ],
       [
        7.3709,
        52.30029
       ],
       [
        7.38624,
        52.30945
       ],
       [
        7.40123,
        52.31226
       ],
       [
        7.43494,
        52.3247
       ],
       [
        7.47214,
        52.34481
       ],
       [
        7.5033,
        52.36016
       ],
       [
        7.5047,
        52.36077
       ],
       [
        7.52622,
        52.36842
       ],
       [
        7.52874,
        52.36928
       ],
       [
        7.53183,
        52.37009
       ],
       [
        7.53422,
        52.37048
       ],
       [
        7.53612,
        52.3706
       ],
       [
        7.53805,
        52.37055
       ],
       [
        7.53936,
        52.37035
       ],
       [
        7.55949,
        52.36923
       ],
       [
        7.56284,
        52.36917
       ],
       [
        7.56485,
        52.3714
       ],
       [
        7.57267,
        52.38135
       ],
       [
        7.58484,
        52.40352
       ],
       [
        7.5893,
        52.42476
       ],
       [
        7.57178,
        52.43068
       ],
       [
        7.5777,
        52.44652
       ],
       [
        7.58078,
        52.45129
       ],
       [
        7.58605,
        52.45853
       ],
       [
        7.5907,
        52.46346
       ],
       [
        7.59136,
        52.46416
       ],
       [
        7.60393,
        52.47484
       ],
       [
        7.6089,
        52.47362
       ],
       [
        7.61492,
        52.47201
       ],
       [
        7.6823,
        52.45781
       ],
       [
        7.68686,
        52.45498
       ],
       [
        7.69649,
        52.44366
       ],
       [
        7.69861,
        52.44009
       ],
       [
        7.70207,
        52.43427
       ],
       [
        7.7026,
        52.43337
       ],
       [
        7.70825,
        52.41506
       ],
       [
        7.7143,
        52.40031
       ],
       [
        7.73094,
        52.39803
       ],
       [
        7.75567,
        52.38954
       ],
       [
        7.80193,
        52.37361
       ],
       [
        7.80887,
        52.37128
       ],
       [
        7.83112,
        52.36944
       ],
       [
        7.8418,
        52.3686
       ],
       [
        7.86131,
        52.37479
       ],
       [
        7.86425,
        52.37555
       ],
       [
        7.89132,
        52.3814
       ],
       [
        7.93917,
        52.36387
       ],
       [
        7.95025,
        52.34835
       ],
       [
        7.95048,
        52.34764
       ],
       [
        7.9504,
        52.34682
       ],
       [
        7.94789,
        52.3395
       ],
       [
        7.9478,
        52.33851
       ],
       [
        7.94803,
        52.33733
       ],
       [
        7.94909,
        52.33526
       ],
       [
        7.94982,
        52.33415
       ],
       [
        7.95877,
        52.32654
       ],
       [
        7.95946,
        52.32608
       ],
       [
        7.96349,
        52.32444
       ],
       [
        7.97763,
        52.31286
       ],
       [
        7.95935,
        52.30568
       ],
       [
        7.95527,
        52.30592
       ],
       [
        7.94729,
        52.30575
       ],
       [
        7.9343,
        52.30234
       ],
       [
        7.93358,
        52.30194
       ],
       [
        7.93313,
        52.30151
       ],
       [
        7.92859,
        52.29312
       ],
       [
        7.93298,
        52.28839
       ],
       [
        7.95551,
        52.27194
       ],
       [
        7.94535,
        52.26497
       ],
       [
        7.91347,
        52.22257
       ],
       [
        7.90521,
        52.20899
       ],
       [
        7.90865,
        52.18968
       ],
       [
        7.93285,
        52.17768
       ],
       [
        7.93945,
        52.17605
       ],
       [
        7.99114,
        52.17479
       ],
       [
        8.00714,
        52.17615
       ],
       [
        8.01734,
        52.17136
       ],
       [
        8.02648,
        52.16293
       ],
       [
        8.0249,
        52.15961
       ],
       [
        8.00356,
        52.14477
       ],
       [
        8.0087,
        52.11569
       ],
       [
        7.95906,
        52.10574
       ],
       [
        7.89941,
        52.09248
       ],
       [
        7.88669,
        52.08682
       ],
       [
        7.88508,
        52.08598
       ],
       [
        7.88382,
        52.0846
       ],
       [
        7.89335,
        52.07864
       ],
       [
        7.90625,
        52.06672
       ],
       [
        7.91683,
        52.05139
       ],
       [
        7.92987,
        52.04825
       ],
       [
        7.94291,
        52.04512
       ],
       [
        7.9746,
        52.03752
       ],
       [
        7.98386,
        52.0382
       ],
       [
        7.98717,
        52.04
       ],
       [
        7.98765,
        52.04062
       ],
       [
        7.98855,
        52.0439
       ],
       [
        7.98884,
        52.04435
       ],
       [
        7.9929,
        52.04942
       ],
       [
        7.99351,
        52.04997
       ],
       [
        8.03182,
        52.06859
       ],
       [
        8.06709,
        52.06818
       ],
       [
        8.09241,
        52.06397
       ],
       [
        8.09731,
        52.05747
       ],
       [
        8.12755,
        52.06763
       ],
       [
        8.1726,
        52.07238
       ],
       [
        8.20112,
        52.08892
       ],
       [
        8.20937,
        52.09668
       ],
       [
        8.2195,
        52.10472
       ],
       [
        8.24637,
        52.12151
       ],
       [
        8.26781,
        52.13156
       ],
       [
        8.28451,
        52.13385
       ],
       [
        8.28588,
        52.13278
       ],
       [
        8.28547,
        52.13211
       ],
       [
        8.28511,
        52.1309
       ],
       [
        8.28467,
        52.12787
       ],
       [
        8.28463,
        52.12722
       ],
       [
        8.28498,
        52.12575
       ],
       [
        8.29831,
        52.12092
       ],
       [
        8.31058,
        52.11852
       ],
       [
        8.31486,
        52.11948
       ],
       [
        8.31678,
        52.12244
       ],
       [
        8.32432,
        52.12543
       ],
       [
        8.36341,
        52.11845
       ],
       [
        8.36867,
        52.1138
       ],
       [
        8.37166,
        52.11108
       ],
       [
        8.37319,
        52.10971
       ],
       [
        8.3798,
        52.10877
       ],
       [
        8.3883,
        52.10818
       ],
       [
        8.39666,
        52.10918
       ],
       [
        8.40209,
        52.11072
       ],
       [
        8.40313,
        52.11102
       ],
       [
        8.40439,
        52.1114
       ],
       [
        8.41009,
        52.11543
       ],
       [
        8.4049,
        52.12368
       ],
       [
        8.40414,
        52.12518
       ],
       [
        8.40366,
        52.12673
       ],
       [
        8.40354,
        52.12801
       ],
       [
        8.40395,
        52.12968
       ],
       [
        8.4046,
        52.13078
       ],
       [
        8.40769,
        52.13422
       ],
       [
        8.40887,
        52.13524
       ],
       [
        8.41047,
        52.13629
       ],
       [
        8.41476,
        52.13901
       ],
       [
        8.41634,
        52.13977
       ],
       [
        8.43244,
        52.14734
       ],
       [
        8.45204,
        52.15506
       ],
       [
        8.45295,
        52.15529
       ],
       [
        8.45377,
        52.15539
       ],
       [
        8.45463,
        52.1554
       ],
       [
        8.45542,
        52.15534
       ],
       [
        8.45666,
        52.15516
       ],
       [
        8.45762,
        52.15504
       ],
       [
        8.45855,
        52.15506
       ],
       [
        8.46855,
        52.15592
       ],
       [
        8.47035,
        52.15627
       ],
       [
        8.47179,
        52.15669
       ],
       [
        8.4779,
        52.15882
       ],
       [
        8.48148,
        52.16007
       ],
       [
        8.48251,
        52.16064
       ],
       [
        8.49353,
        52.16728
       ],
       [
        8.50504,
        52.17935
       ],
       [
        8.5018,
        52.18725
       ],
       [
        8.4987,
        52.18731
       ],
       [
        8.49573,
        52.18753
       ],
       [
        8.48727,
        52.18861
       ],
       [
        8.48473,
        52.18912
       ],
       [
        8.46462,
        52.19374
       ],
       [
        8.46243,
        52.19436
       ],
       [
        8.46124,
        52.1948
       ],
       [
        8.44801,
        52.20034
       ],
       [
        8.44318,
        52.21423
       ],
       [
        8.44306,
        52.21465
       ],
       [
        8.44335,
        52.21527
       ],
       [
        8.45257,
        52.22508
       ],
       [
        8.46757,
        52.24635
       ],
       [
        8.46631,
        52.26755
       ],
       [
        8.46382,
        52.27229
       ],
       [
        8.45889,
        52.29337
       ],
       [
        8.4571,
        52.3024
       ],
       [
        8.45864,
        52.30596
       ],
       [
        8.46112,
        52.31741
       ],
       [
        8.44468,
        52.36146
       ],
       [
        8.39358,
        52.38497
       ],
       [
        8.35707,
        52.39208
       ],
       [
        8.32526,
        52.3998
       ],
       [
        8.32383,
        52.40018
       ],
       [
        8.32232,
        52.4008
       ],
       [
        8.31421,
        52.40557
       ],
       [
        8.31786,
        52.4158
       ],
       [
        8.32128,
        52.41926
       ],
       [
        8.32137,
        52.4256
       ],
       [
        8.30693,
        52.44496
       ],
       [
        8.29693,
        52.45606
       ],
       [
        8.31685,
        52.45384
       ],
       [
        8.36081,
        52.44333
       ],
       [
        8.36315,
        52.44343
       ],
       [
        8.38352,
        52.44452
       ],
       [
        8.4295,
        52.4476
       ],
       [
        8.45359,
        52.46094
       ],
       [
        8.45856,
        52.47555
       ],
       [
        8.45955,
        52.49472
       ],
       [
        8.47075,
        52.49956
       ],
       [
        8.50969,
        52.51478
       ],
       [
        8.5569,
        52.50057
       ],
       [
        8.62593,
        52.52346
       ],
       [
        8.65033,
        52.53104
       ],
       [
        8.66673,
        52.52149
       ]
      ]
     ]
    ]
   }
  },
  {
   "type": "Feature",
   "properties": {
    "key": "he",
    "name": "Hessen",
    "bez": "Land",
    "ars": "06",
    "nuts": "DE7",
    "status": "alkis only",
    "lidar_dgm1": true,
    "lidar_las": false,
    "lidar_script": null,
    "lidar_bbox": null,
    "lidar_note": "Delivery through an Intershop storefront (gds.hessen.de); no static index or feed found. DGM1 itself is free.",
    "alkis": "full",
    "alkis_engine": "ogcapi",
    "alkis_spatial": "exact",
    "sample_bbox": "421,5535,426,5540",
    "sample_epsg": 25832,
    "sample_place": "Ruedesheim"
   },
   "geometry": {
    "type": "MultiPolygon",
    "coordinates": [
     [
      [
       [
        9.5056,
        51.62777
       ],
       [
        9.50842,
        51.62712
       ],
       [
        9.51127,
        51.6267
       ],
       [
        9.51398,
        51.62648
       ],
       [
        9.51644,
        51.62628
       ],
       [
        9.56848,
        51.62376
       ],
       [
        9.57981,
        51.62444
       ],
       [
        9.58398,
        51.62486
       ],
       [
        9.59283,
        51.62601
       ],
       [
        9.61081,
        51.62921
       ],
       [
        9.61155,
        51.62952
       ],
       [
        9.61232,
        51.6301
       ],
       [
        9.61344,
        51.63134
       ],
       [
        9.61429,
        51.63253
       ],
       [
        9.62446,
        51.63736
       ],
       [
        9.63077,
        51.63374
       ],
       [
        9.63447,
        51.62608
       ],
       [
        9.63676,
        51.60992
       ],
       [
        9.63757,
        51.60897
       ],
       [
        9.63889,
        51.60806
       ],
       [
        9.66099,
        51.59275
       ],
       [
        9.67125,
        51.58744
       ],
       [
        9.68499,
        51.58263
       ],
       [
        9.67246,
        51.5687
       ],
       [
        9.65143,
        51.57843
       ],
       [
        9.63382,
        51.58443
       ],
       [
        9.63056,
        51.58356
       ],
       [
        9.62782,
        51.58181
       ],
       [
        9.62516,
        51.57877
       ],
       [
        9.62516,
        51.57254
       ],
       [
        9.62844,
        51.56633
       ],
       [
        9.63529,
        51.55859
       ],
       [
        9.64775,
        51.55217
       ],
       [
        9.62727,
        51.54851
       ],
       [
        9.62245,
        51.53793
       ],
       [
        9.62214,
        51.53579
       ],
       [
        9.62164,
        51.53415
       ],
       [
        9.62085,
        51.53248
       ],
       [
        9.6198,
        51.53062
       ],
       [
        9.61834,
        51.5287
       ],
       [
        9.61729,
        51.52757
       ],
       [
        9.6161,
        51.52652
       ],
       [
        9.61445,
        51.5253
       ],
       [
        9.61269,
        51.5241
       ],
       [
        9.61072,
        51.52291
       ],
       [
        9.61001,
        51.52254
       ],
       [
        9.60893,
        51.52208
       ],
       [
        9.60805,
        51.52179
       ],
       [
        9.60687,
        51.5215
       ],
       [
        9.60575,
        51.5213
       ],
       [
        9.60435,
        51.52114
       ],
       [
        9.6033,
        51.52102
       ],
       [
        9.60189,
        51.52101
       ],
       [
        9.60043,
        51.52119
       ],
       [
        9.59893,
        51.52156
       ],
       [
        9.59617,
        51.52257
       ],
       [
        9.5928,
        51.52308
       ],
       [
        9.59131,
        51.52291
       ],
       [
        9.58969,
        51.5225
       ],
       [
        9.58884,
        51.52216
       ],
       [
        9.58813,
        51.52175
       ],
       [
        9.58738,
        51.52118
       ],
       [
        9.58702,
        51.52085
       ],
       [
        9.58649,
        51.52014
       ],
       [
        9.58606,
        51.51929
       ],
       [
        9.58584,
        51.51844
       ],
       [
        9.58582,
        51.51758
       ],
       [
        9.58602,
        51.51687
       ],
       [
        9.58648,
        51.51595
       ],
       [
        9.60899,
        51.49077
       ],
       [
        9.61038,
        51.48924
       ],
       [
        9.61938,
        51.48045
       ],
       [
        9.62789,
        51.44357
       ],
       [
        9.64085,
        51.41868
       ],
       [
        9.64118,
        51.4183
       ],
       [
        9.64126,
        51.41801
       ],
       [
        9.64088,
        51.41578
       ],
       [
        9.62884,
        51.40888
       ],
       [
        9.61452,
        51.40841
       ],
       [
        9.58018,
        51.40183
       ],
       [
        9.57931,
        51.4016
       ],
       [
        9.57876,
        51.40136
       ],
       [
        9.57822,
        51.40098
       ],
       [
        9.56346,
        51.38585
       ],
       [
        9.56242,
        51.38476
       ],
       [
        9.56126,
        51.38342
       ],
       [
        9.56041,
        51.38209
       ],
       [
        9.5601,
        51.38142
       ],
       [
        9.55978,
        51.38059
       ],
       [
        9.55959,
        51.38005
       ],
       [
        9.55372,
        51.35597
       ],
       [
        9.55656,
        51.35201
       ],
       [
        9.56802,
        51.3393
       ],
       [
        9.58117,
        51.34151
       ],
       [
        9.61409,
        51.32747
       ],
       [
        9.62876,
        51.31863
       ],
       [
        9.6509,
        51.31425
       ],
       [
        9.67979,
        51.31167
       ],
       [
        9.72702,
        51.29816
       ],
       [
        9.72768,
        51.29792
       ],
       [
        9.72826,
        51.29765
       ],
       [
        9.72887,
        51.29731
       ],
       [
        9.72949,
        51.29693
       ],
       [
        9.73033,
        51.29633
       ],
       [
        9.73143,
        51.29542
       ],
       [
        9.75793,
        51.30464
       ],
       [
        9.76786,
        51.30671
       ],
       [
        9.77378,
        51.32778
       ],
       [
        9.77124,
        51.33765
       ],
       [
        9.76313,
        51.33737
       ],
       [
        9.73607,
        51.32886
       ],
       [
        9.70196,
        51.36092
       ],
       [
        9.7035,
        51.36528
       ],
       [
        9.7591,
        51.38639
       ],
       [
        9.7934,
        51.40733
       ],
       [
        9.80091,
        51.41032
       ],
       [
        9.81106,
        51.41129
       ],
       [
        9.81904,
        51.41017
       ],
       [
        9.82146,
        51.40968
       ],
       [
        9.83951,
        51.40201
       ],
       [
        9.83936,
        51.38458
       ],
       [
        9.8411,
        51.38252
       ],
       [
        9.84914,
        51.37423
       ],
       [
        9.85356,
        51.37274
       ],
       [
        9.86096,
        51.37174
       ],
       [
        9.86585,
        51.3719
       ],
       [
        9.86832,
        51.37309
       ],
       [
        9.85953,
        51.37924
       ],
       [
        9.85576,
        51.38568
       ],
       [
        9.85017,
        51.40175
       ],
       [
        9.85054,
        51.41453
       ],
       [
        9.90605,
        51.42147
       ],
       [
        9.92691,
        51.39877
       ],
       [
        9.92788,
        51.39722
       ],
       [
        9.93117,
        51.38215
       ],
       [
        9.93118,
        51.38123
       ],
       [
        9.92842,
        51.37566
       ],
       [
        9.92422,
        51.37117
       ],
       [
        9.92465,
        51.35359
       ],
       [
        9.92993,
        51.3408
       ],
       [
        9.97179,
        51.28562
       ],
       [
        9.98422,
        51.28384
       ],
       [
        10.04154,
        51.28001
       ],
       [
        10.0536,
        51.27962
       ],
       [
        10.05987,
        51.27625
       ],
       [
        10.05898,
        51.26975
       ],
       [
        10.06789,
        51.22734
       ],
       [
        10.07206,
        51.22518
       ],
       [
        10.07645,
        51.22449
       ],
       [
        10.11036,
        51.22005
       ],
       [
        10.16459,
        51.21197
       ],
       [
        10.17398,
        51.20957
       ],
       [
        10.18117,
        51.20733
       ],
       [
        10.21073,
        51.19024
       ],
       [
        10.22993,
        51.18707
       ],
       [
        10.23402,
        51.18111
       ],
       [
        10.22879,
        51.1735
       ],
       [
        10.20867,
        51.1646
       ],
       [
        10.20207,
        51.15164
       ],
       [
        10.20234,
        51.14908
       ],
       [
        10.20387,
        51.14749
       ],
       [
        10.20811,
        51.14355
       ],
       [
        10.20862,
        51.14319
       ],
       [
        10.20883,
        51.14304
       ],
       [
        10.21086,
        51.14172
       ],
       [
        10.21079,
        51.11889
       ],
       [
        10.19993,
        51.11286
       ],
       [
        10.19388,
        51.11531
       ],
       [
        10.191,
        51.1171
       ],
       [
        10.17768,
        51.12884
       ],
       [
        10.18571,
        51.13324
       ],
       [
        10.18274,
        51.1411
       ],
       [
        10.16927,
        51.15312
       ],
       [
        10.12894,
        51.14572
       ],
       [
        10.12031,
        51.13979
       ],
       [
        10.12154,
        51.13745
       ],
       [
        10.1459,
        51.12548
       ],
       [
        10.16024,
        51.11984
       ],
       [
        10.17218,
        51.10615
       ],
       [
        10.16072,
        51.0981
       ],
       [
        10.15766,
        51.0959
       ],
       [
        10.14745,
        51.08767
       ],
       [
        10.14614,
        51.08544
       ],
       [
        10.1422,
        51.05912
       ],
       [
        10.14895,
        51.05554
       ],
       [
        10.17023,
        51.05089
       ],
       [
        10.18596,
        51.04796
       ],
       [
        10.19639,
        51.04304
       ],
       [
        10.2078,
        51.03531
       ],
       [
        10.21548,
        51.02697
       ],
       [
        10.20647,
        51.00876
       ],
       [
        10.18276,
        50.9995
       ],
       [
        10.17972,
        50.99892
       ],
       [
        10.14785,
        50.99406
       ],
       [
        10.146,
        50.9939
       ],
       [
        10.14474,
        50.9939
       ],
       [
        10.1426,
        50.99416
       ],
       [
        10.13364,
        50.99646
       ],
       [
        10.1329,
        50.99682
       ],
       [
        10.13214,
        50.99722
       ],
       [
        10.12821,
        50.99996
       ],
       [
        10.12735,
        51.00063
       ],
       [
        10.12704,
        51.00154
       ],
       [
        10.12719,
        51.00244
       ],
       [
        10.12794,
        51.00306
       ],
       [
        10.10857,
        51.00694
       ],
       [
        10.07469,
        51.01175
       ],
       [
        10.05461,
        51.01306
       ],
       [
        10.03886,
        51.0127
       ],
       [
        10.03585,
        51.01194
       ],
       [
        10.03318,
        51.01071
       ],
       [
        10.03136,
        51.00916
       ],
       [
        10.02084,
        50.9946
       ],
       [
        10.02377,
        50.98514
       ],
       [
        10.04043,
        50.96829
       ],
       [
        10.05988,
        50.94906
       ],
       [
        10.06308,
        50.94593
       ],
       [
        10.06295,
        50.94522
       ],
       [
        10.0625,
        50.94447
       ],
       [
        10.05318,
        50.94021
       ],
       [
        10.04898,
        50.93936
       ],
       [
        10.01256,
        50.93525
       ],
       [
        10.0,
        50.93691
       ],
       [
        9.98474,
        50.94037
       ],
       [
        9.97211,
        50.94445
       ],
       [
        9.95974,
        50.9409
       ],
       [
        9.95452,
        50.93713
       ],
       [
        9.94965,
        50.92708
       ],
       [
        9.95797,
        50.92321
       ],
       [
        9.9666,
        50.93248
       ],
       [
        9.98779,
        50.93503
       ],
       [
        10.01437,
        50.92047
       ],
       [
        10.05834,
        50.89022
       ],
       [
        10.05867,
        50.88253
       ],
       [
        10.0394,
        50.87428
       ],
       [
        10.02418,
        50.86706
       ],
       [
        10.0188,
        50.85808
       ],
       [
        10.02146,
        50.84878
       ],
       [
        10.02377,
        50.84815
       ],
       [
        10.02733,
        50.85103
       ],
       [
        10.03582,
        50.85383
       ],
       [
        10.03881,
        50.85282
       ],
       [
        10.03795,
        50.84536
       ],
       [
        10.02356,
        50.83196
       ],
       [
        9.9969,
        50.82632
       ],
       [
        9.98808,
        50.82849
       ],
       [
        9.97604,
        50.83265
       ],
       [
        9.97179,
        50.83076
       ],
       [
        9.95235,
        50.82099
       ],
       [
        9.95045,
        50.8178
       ],
       [
        9.94507,
        50.8003
       ],
       [
        9.94522,
        50.79476
       ],
       [
        9.95463,
        50.78578
       ],
       [
        9.95246,
        50.7743
       ],
       [
        9.94988,
        50.7727
       ],
       [
        9.94674,
        50.77141
       ],
       [
        9.92581,
        50.76727
       ],
       [
        9.93857,
        50.75639
       ],
       [
        9.94211,
        50.73858
       ],
       [
        9.934,
        50.72423
       ],
       [
        9.91601,
        50.70052
       ],
       [
        9.89486,
        50.68383
       ],
       [
        9.8793,
        50.66849
       ],
       [
        9.87784,
        50.6439
       ],
       [
        9.87912,
        50.63449
       ],
       [
        9.94636,
        50.62775
       ],
       [
        9.96074,
        50.62958
       ],
       [
        9.96893,
        50.64163
       ],
       [
        9.95066,
        50.65629
       ],
       [
        9.94737,
        50.66185
       ],
       [
        9.94904,
        50.66368
       ],
       [
        9.95084,
        50.66517
       ],
       [
        9.95237,
        50.66598
       ],
       [
        9.95377,
        50.66651
       ],
       [
        9.96045,
        50.66891
       ],
       [
        9.9894,
        50.67497
       ],
       [
        9.99976,
        50.67646
       ],
       [
        10.0,
        50.67645
       ],
       [
        10.03016,
        50.67534
       ],
       [
        10.03209,
        50.6752
       ],
       [
        10.04988,
        50.67385
       ],
       [
        10.05151,
        50.67289
       ],
       [
        10.05483,
        50.66944
       ],
       [
        10.06623,
        50.6576
       ],
       [
        10.07737,
        50.63775
       ],
       [
        10.07854,
        50.63649
       ],
       [
        10.08277,
        50.6317
       ],
       [
        10.08296,
        50.61976
       ],
       [
        10.07674,
        50.61908
       ],
       [
        10.0694,
        50.62061
       ],
       [
        10.06752,
        50.62512
       ],
       [
        10.05783,
        50.62577
       ],
       [
        10.05082,
        50.6233
       ],
       [
        10.03776,
        50.61151
       ],
       [
        10.04246,
        50.60299
       ],
       [
        10.04803,
        50.60089
       ],
       [
        10.0495,
        50.59738
       ],
       [
        10.05807,
        50.55423
       ],
       [
        10.04857,
        50.54558
       ],
       [
        10.03905,
        50.52901
       ],
       [
        10.0414,
        50.51674
       ],
       [
        10.03747,
        50.49998
       ],
       [
        10.03466,
        50.4908
       ],
       [
        10.02071,
        50.46985
       ],
       [
        10.01926,
        50.46805
       ],
       [
        10.01847,
        50.46713
       ],
       [
        10.0,
        50.46203
       ],
       [
        9.99903,
        50.46173
       ],
       [
        9.99766,
        50.46078
       ],
       [
        9.97808,
        50.44224
       ],
       [
        9.962,
        50.42972
       ],
       [
        9.93443,
        50.41941
       ],
       [
        9.92183,
        50.41237
       ],
       [
        9.92014,
        50.41142
       ],
       [
        9.9024,
        50.4045
       ],
       [
        9.88571,
        50.40063
       ],
       [
        9.88338,
        50.40023
       ],
       [
        9.85978,
        50.39748
       ],
       [
        9.82459,
        50.40528
       ],
       [
        9.82181,
        50.40692
       ],
       [
        9.81364,
        50.41186
       ],
       [
        9.80991,
        50.42014
       ],
       [
        9.80702,
        50.42257
       ],
       [
        9.8029,
        50.424
       ],
       [
        9.79689,
        50.42515
       ],
       [
        9.7893,
        50.4251
       ],
       [
        9.7782,
        50.41917
       ],
       [
        9.77164,
        50.42493
       ],
       [
        9.76973,
        50.42584
       ],
       [
        9.76324,
        50.42518
       ],
       [
        9.76076,
        50.42488
       ],
       [
        9.75719,
        50.42326
       ],
       [
        9.75166,
        50.41492
       ],
       [
        9.76086,
        50.40489
       ],
       [
        9.75418,
        50.38746
       ],
       [
        9.75176,
        50.38144
       ],
       [
        9.74549,
        50.36623
       ],
       [
        9.74451,
        50.36482
       ],
       [
        9.74206,
        50.36291
       ],
       [
        9.73224,
        50.35616
       ],
       [
        9.74314,
        50.34664
       ],
       [
        9.74709,
        50.34145
       ],
       [
        9.7474,
        50.33988
       ],
       [
        9.74793,
        50.31472
       ],
       [
        9.74536,
        50.31015
       ],
       [
        9.73857,
        50.30232
       ],
       [
        9.73453,
        50.29945
       ],
       [
        9.70334,
        50.28062
       ],
       [
        9.69488,
        50.2784
       ],
       [
        9.6912,
        50.27753
       ],
       [
        9.66473,
        50.27166
       ],
       [
        9.63782,
        50.24991
       ],
       [
        9.6354,
        50.23501
       ],
       [
        9.62208,
        50.22908
       ],
       [
        9.62347,
        50.22595
       ],
       [
        9.62369,
        50.22517
       ],
       [
        9.62329,
        50.22373
       ],
       [
        9.62215,
        50.22271
       ],
       [
        9.62006,
        50.22202
       ],
       [
        9.61808,
        50.2218
       ],
       [
        9.60756,
        50.2213
       ],
       [
        9.58317,
        50.22151
       ],
       [
        9.58062,
        50.22332
       ],
       [
        9.58031,
        50.22707
       ],
       [
        9.57531,
        50.23297
       ],
       [
        9.53142,
        50.23437
       ],
       [
        9.52887,
        50.23429
       ],
       [
        9.51704,
        50.23365
       ],
       [
        9.50282,
        50.24217
       ],
       [
        9.50138,
        50.24222
       ],
       [
        9.49892,
        50.24113
       ],
       [
        9.49854,
        50.24013
       ],
       [
        9.49443,
        50.22757
       ],
       [
        9.4947,
        50.22612
       ],
       [
        9.50223,
        50.21227
       ],
       [
        9.51063,
        50.20148
       ],
       [
        9.50749,
        50.19544
       ],
       [
        9.5049,
        50.16925
       ],
       [
        9.50736,
        50.14545
       ],
       [
        9.50917,
        50.1328
       ],
       [
        9.51301,
        50.12367
       ],
       [
        9.51909,
        50.11417
       ],
       [
        9.51933,
        50.11269
       ],
       [
        9.51917,
        50.10573
       ],
       [
        9.51301,
        50.0943
       ],
       [
        9.5102,
        50.09438
       ],
       [
        9.49703,
        50.09531
       ],
       [
        9.48145,
        50.0951
       ],
       [
        9.479,
        50.09473
       ],
       [
        9.44536,
        50.08959
       ],
       [
        9.44319,
        50.08891
       ],
       [
        9.43787,
        50.08615
       ],
       [
        9.43535,
        50.08519
       ],
       [
        9.43195,
        50.08467
       ],
       [
        9.41314,
        50.08462
       ],
       [
        9.41108,
        50.08496
       ],
       [
        9.40465,
        50.08843
       ],
       [
        9.40081,
        50.09117
       ],
       [
        9.39813,
        50.09333
       ],
       [
        9.39609,
        50.09557
       ],
       [
        9.38681,
        50.10991
       ],
       [
        9.38385,
        50.11824
       ],
       [
        9.37609,
        50.12907
       ],
       [
        9.37315,
        50.13073
       ],
       [
        9.37098,
        50.13128
       ],
       [
        9.33952,
        50.13221
       ],
       [
        9.31561,
        50.1354
       ],
       [
        9.2836,
        50.14183
       ],
       [
        9.27478,
        50.14272
       ],
       [
        9.22707,
        50.1474
       ],
       [
        9.21183,
        50.14657
       ],
       [
        9.18558,
        50.13594
       ],
       [
        9.1725,
        50.1181
       ],
       [
        9.16036,
        50.10105
       ],
       [
        9.14996,
        50.10447
       ],
       [
        9.14491,
        50.11381
       ],
       [
        9.13098,
        50.12111
       ],
       [
        9.12459,
        50.12445
       ],
       [
        9.12254,
        50.1255
       ],
       [
        9.12126,
        50.12615
       ],
       [
        9.11726,
        50.12667
       ],
       [
        9.09845,
        50.12608
       ],
       [
        9.09283,
        50.11779
       ],
       [
        9.07813,
        50.11571
       ],
       [
        9.06519,
        50.11654
       ],
       [
        9.04392,
        50.1151
       ],
       [
        9.02238,
        50.11204
       ],
       [
        9.01865,
        50.11129
       ],
       [
        9.01454,
        50.10891
       ],
       [
        9.0121,
        50.10667
       ],
       [
        8.99784,
        50.09186
       ],
       [
        8.99808,
        50.08272
       ],
       [
        8.99863,
        50.07375
       ],
       [
        8.99112,
        50.06667
       ],
       [
        8.97786,
        50.05201
       ],
       [
        8.97732,
        50.05053
       ],
       [
        8.97716,
        50.04869
       ],
       [
        8.97732,
        50.04719
       ],
       [
        8.97826,
        50.04575
       ],
       [
        8.97972,
        50.04432
       ],
       [
        8.98243,
        50.04244
       ],
       [
        8.98443,
        50.04189
       ],
       [
        8.98714,
        50.04167
       ],
       [
        8.99176,
        50.04173
       ],
       [
        8.99537,
        50.04238
       ],
       [
        8.99906,
        50.04346
       ],
       [
        9.00323,
        50.04449
       ],
       [
        9.00614,
        50.0452
       ],
       [
        9.01027,
        50.04538
       ],
       [
        9.01332,
        50.04523
       ],
       [
        9.02138,
        50.04356
       ],
       [
        9.02528,
        50.04262
       ],
       [
        9.02759,
        50.04156
       ],
       [
        9.02952,
        50.0403
       ],
       [
        9.03098,
        50.03926
       ],
       [
        9.03198,
        50.03837
       ],
       [
        9.03262,
        50.03732
       ],
       [
        9.03288,
        50.03614
       ],
       [
        9.03474,
        50.00342
       ],
       [
        9.02427,
        49.9963
       ],
       [
        9.02037,
        49.99102
       ],
       [
        9.02117,
        49.98513
       ],
       [
        9.01929,
        49.97643
       ],
       [
        9.03144,
        49.90943
       ],
       [
        9.03751,
        49.89192
       ],
       [
        9.04582,
        49.87166
       ],
       [
        9.04974,
        49.86611
       ],
       [
        9.04293,
        49.86728
       ],
       [
        9.03537,
        49.86744
       ],
       [
        9.03306,
        49.86596
       ],
       [
        9.03452,
        49.85933
       ],
       [
        9.04272,
        49.85486
       ],
       [
        9.04344,
        49.85022
       ],
       [
        9.03684,
        49.84594
       ],
       [
        9.03757,
        49.84259
       ],
       [
        9.03849,
        49.84114
       ],
       [
        9.05905,
        49.83306
       ],
       [
        9.06266,
        49.83186
       ],
       [
        9.06657,
        49.83191
       ],
       [
        9.08077,
        49.81376
       ],
       [
        9.08679,
        49.79927
       ],
       [
        9.09046,
        49.79053
       ],
       [
        9.09413,
        49.7899
       ],
       [
        9.10315,
        49.79449
       ],
       [
        9.1079,
        49.79809
       ],
       [
        9.13079,
        49.79552
       ],
       [
        9.13444,
        49.78269
       ],
       [
        9.13306,
        49.78117
       ],
       [
        9.12705,
        49.77706
       ],
       [
        9.11417,
        49.7741
       ],
       [
        9.10631,
        49.7588
       ],
       [
        9.11171,
        49.75703
       ],
       [
        9.12818,
        49.75558
       ],
       [
        9.14475,
        49.74784
       ],
       [
        9.15043,
        49.74285
       ],
       [
        9.12737,
        49.70669
       ],
       [
        9.09174,
        49.69491
       ],
       [
        9.09012,
        49.69349
       ],
       [
        9.08926,
        49.6927
       ],
       [
        9.08805,
        49.68903
       ],
       [
        9.08899,
        49.67076
       ],
       [
        9.09029,
        49.66766
       ],
       [
        9.10314,
        49.66036
       ],
       [
        9.10306,
        49.65815
       ],
       [
        9.10213,
        49.64206
       ],
       [
        9.09178,
        49.63544
       ],
       [
        9.08621,
        49.63582
       ],
       [
        9.08113,
        49.63282
       ],
       [
        9.06839,
        49.62294
       ],
       [
        9.06551,
        49.61749
       ],
       [
        9.06533,
        49.61595
       ],
       [
        9.06679,
        49.60292
       ],
       [
        9.06717,
        49.60225
       ],
       [
        9.07004,
        49.60135
       ],
       [
        9.07492,
        49.60093
       ],
       [
        9.08188,
        49.60097
       ],
       [
        9.08421,
        49.6
       ],
       [
        9.08456,
        49.59977
       ],
       [
        9.08722,
        49.59737
       ],
       [
        9.10295,
        49.57754
       ],
       [
        9.10025,
        49.57138
       ],
       [
        9.09376,
        49.54869
       ],
       [
        9.09436,
        49.54172
       ],
       [
        9.09666,
        49.54104
       ],
       [
        9.10964,
        49.53631
       ],
       [
        9.1151,
        49.53393
       ],
       [
        9.12623,
        49.52143
       ],
       [
        9.12636,
        49.51686
       ],
       [
        9.12263,
        49.51432
       ],
       [
        9.11971,
        49.51233
       ],
       [
        9.10667,
        49.50924
       ],
       [
        9.10461,
        49.51079
       ],
       [
        9.10568,
        49.51424
       ],
       [
        9.10564,
        49.51595
       ],
       [
        9.10491,
        49.51735
       ],
       [
        9.09995,
        49.52583
       ],
       [
        9.08377,
        49.52578
       ],
       [
        9.06837,
        49.52728
       ],
       [
        9.04976,
        49.51359
       ],
       [
        9.04982,
        49.51294
       ],
       [
        9.04969,
        49.51238
       ],
       [
        9.04927,
        49.51164
       ],
       [
        9.04319,
        49.50188
       ],
       [
        9.04176,
        49.50055
       ],
       [
        9.03454,
        49.49794
       ],
       [
        9.0335,
        49.49776
       ],
       [
        9.0162,
        49.49702
       ],
       [
        9.01258,
        49.4979
       ],
       [
        9.01158,
        49.49828
       ],
       [
        9.01139,
        49.4987
       ],
       [
        9.01407,
        49.50106
       ],
       [
        9.01218,
        49.50273
       ],
       [
        8.98602,
        49.50998
       ],
       [
        8.97901,
        49.50897
       ],
       [
        8.95837,
        49.50341
       ],
       [
        8.93413,
        49.47663
       ],
       [
        8.9312,
        49.46984
       ],
       [
        8.94221,
        49.46426
       ],
       [
        8.95093,
        49.45353
       ],
       [
        8.92501,
        49.43984
       ],
       [
        8.8898,
        49.41738
       ],
       [
        8.85781,
        49.39674
       ],
       [
        8.85678,
        49.39618
       ],
       [
        8.8559,
        49.39579
       ],
       [
        8.85464,
        49.39538
       ],
       [
        8.85271,
        49.39501
       ],
       [
        8.85009,
        49.39482
       ],
       [
        8.82346,
        49.39492
       ],
       [
        8.81446,
        49.39742
       ],
       [
        8.80356,
        49.40351
       ],
       [
        8.80187,
        49.41056
       ],
       [
        8.80651,
        49.41919
       ],
       [
        8.81411,
        49.42264
       ],
       [
        8.81697,
        49.42325
       ],
       [
        8.81924,
        49.42329
       ],
       [
        8.82142,
        49.42292
       ],
       [
        8.82578,
        49.4221
       ],
       [
        8.82902,
        49.4225
       ],
       [
        8.8309,
        49.42329
       ],
       [
        8.83234,
        49.42467
       ],
       [
        8.83714,
        49.43313
       ],
       [
        8.83425,
        49.45027
       ],
       [
        8.82818,
        49.46092
       ],
       [
        8.82686,
        49.4617
       ],
       [
        8.82475,
        49.46297
       ],
       [
        8.82682,
        49.47066
       ],
       [
        8.83635,
        49.47622
       ],
       [
        8.85183,
        49.48386
       ],
       [
        8.85911,
        49.4812
       ],
       [
        8.86621,
        49.47432
       ],
       [
        8.86228,
        49.46574
       ],
       [
        8.86771,
        49.46468
       ],
       [
        8.87711,
        49.46676
       ],
       [
        8.88935,
        49.47492
       ],
       [
        8.89952,
        49.48417
       ],
       [
        8.8983,
        49.50284
       ],
       [
        8.88583,
        49.50556
       ],
       [
        8.88069,
        49.50584
       ],
       [
        8.84346,
        49.49927
       ],
       [
        8.79651,
        49.51215
       ],
       [
        8.76755,
        49.51484
       ],
       [
        8.75927,
        49.51608
       ],
       [
        8.72496,
        49.52281
       ],
       [
        8.70242,
        49.5352
       ],
       [
        8.68485,
        49.5693
       ],
       [
        8.68341,
        49.57301
       ],
       [
        8.68342,
        49.5894
       ],
       [
        8.68634,
        49.59076
       ],
       [
        8.69479,
        49.58998
       ],
       [
        8.69767,
        49.6
       ],
       [
        8.69372,
        49.6222
       ],
       [
        8.69262,
        49.62309
       ],
       [
        8.67901,
        49.62523
       ],
       [
        8.65197,
        49.6206
       ],
       [
        8.59388,
        49.6097
       ],
       [
        8.59047,
        49.6046
       ],
       [
        8.59094,
        49.59529
       ],
       [
        8.59163,
        49.59388
       ],
       [
        8.59243,
        49.59309
       ],
       [
        8.59406,
        49.59216
       ],
       [
        8.59981,
        49.59271
       ],
       [
        8.60343,
        49.59279
       ],
       [
        8.61677,
        49.55428
       ],
       [
        8.61953,
        49.54296
       ],
       [
        8.60617,
        49.53172
       ],
       [
        8.59865,
        49.53105
       ],
       [
        8.59531,
        49.52946
       ],
       [
        8.58249,
        49.52161
       ],
       [
        8.58144,
        49.51964
       ],
       [
        8.56649,
        49.51863
       ],
       [
        8.56063,
        49.51837
       ],
       [
        8.54085,
        49.52858
       ],
       [
        8.53168,
        49.53662
       ],
       [
        8.52635,
        49.54795
       ],
       [
        8.49414,
        49.57261
       ],
       [
        8.47545,
        49.58455
       ],
       [
        8.46481,
        49.58911
       ],
       [
        8.44848,
        49.59001
       ],
       [
        8.44075,
        49.58886
       ],
       [
        8.42318,
        49.58334
       ],
       [
        8.41568,
        49.59491
       ],
       [
        8.41217,
        49.60237
       ],
       [
        8.411,
        49.60404
       ],
       [
        8.40673,
        49.60809
       ],
       [
        8.40488,
        49.60923
       ],
       [
        8.40418,
        49.60966
       ],
       [
        8.40303,
        49.61034
       ],
       [
        8.39537,
        49.61467
       ],
       [
        8.39133,
        49.61763
       ],
       [
        8.3875,
        49.62138
       ],
       [
        8.38442,
        49.62521
       ],
       [
        8.38233,
        49.6292
       ],
       [
        8.36124,
        49.6706
       ],
       [
        8.35743,
        49.67823
       ],
       [
        8.35697,
        49.67994
       ],
       [
        8.35637,
        49.68224
       ],
       [
        8.35648,
        49.68345
       ],
       [
        8.35752,
        49.68952
       ],
       [
        8.35935,
        49.69327
       ],
       [
        8.36261,
        49.69695
       ],
       [
        8.36872,
        49.701
       ],
       [
        8.37597,
        49.70449
       ],
       [
        8.385,
        49.70759
       ],
       [
        8.40154,
        49.71167
       ],
       [
        8.40321,
        49.71196
       ],
       [
        8.42018,
        49.71494
       ],
       [
        8.42659,
        49.71659
       ],
       [
        8.43277,
        49.71867
       ],
       [
        8.43623,
        49.72043
       ],
       [
        8.4392,
        49.72216
       ],
       [
        8.44138,
        49.72409
       ],
       [
        8.44433,
        49.72716
       ],
       [
        8.44698,
        49.73047
       ],
       [
        8.44857,
        49.73331
       ],
       [
        8.4651,
        49.74882
       ],
       [
        8.47321,
        49.75391
       ],
       [
        8.47572,
        49.75549
       ],
       [
        8.47742,
        49.75702
       ],
       [
        8.47889,
        49.7591
       ],
       [
        8.47957,
        49.76101
       ],
       [
        8.47928,
        49.76271
       ],
       [
        8.4776,
        49.76488
       ],
       [
        8.47632,
        49.76619
       ],
       [
        8.47481,
        49.76707
       ],
       [
        8.47286,
        49.76787
       ],
       [
        8.46923,
        49.76841
       ],
       [
        8.46387,
        49.76826
       ],
       [
        8.45166,
        49.7664
       ],
       [
        8.44164,
        49.76567
       ],
       [
        8.43665,
        49.76558
       ],
       [
        8.43197,
        49.76612
       ],
       [
        8.42935,
        49.76647
       ],
       [
        8.42739,
        49.76708
       ],
       [
        8.42451,
        49.76832
       ],
       [
        8.42065,
        49.77053
       ],
       [
        8.41743,
        49.7739
       ],
       [
        8.41636,
        49.77578
       ],
       [
        8.41572,
        49.77692
       ],
       [
        8.4143,
        49.78153
       ],
       [
        8.41351,
        49.78443
       ],
       [
        8.41194,
        49.78819
       ],
       [
        8.40858,
        49.79341
       ],
       [
        8.40613,
        49.79682
       ],
       [
        8.40047,
        49.80361
       ],
       [
        8.38653,
        49.81605
       ],
       [
        8.38544,
        49.81702
       ],
       [
        8.38433,
        49.81802
       ],
       [
        8.37851,
        49.82423
       ],
       [
        8.37784,
        49.82623
       ],
       [
        8.37788,
        49.82909
       ],
       [
        8.37894,
        49.83307
       ],
       [
        8.381,
        49.83776
       ],
       [
        8.3851,
        49.84779
       ],
       [
        8.38603,
        49.85112
       ],
       [
        8.38635,
        49.85268
       ],
       [
        8.38626,
        49.85397
       ],
       [
        8.38599,
        49.85507
       ],
       [
        8.38546,
        49.85635
       ],
       [
        8.3837,
        49.85816
       ],
       [
        8.38136,
        49.85961
       ],
       [
        8.37807,
        49.86078
       ],
       [
        8.3737,
        49.86211
       ],
       [
        8.37076,
        49.86263
       ],
       [
        8.36635,
        49.86333
       ],
       [
        8.36005,
        49.8644
       ],
       [
        8.35716,
        49.86523
       ],
       [
        8.35469,
        49.8666
       ],
       [
        8.3525,
        49.86883
       ],
       [
        8.34904,
        49.87258
       ],
       [
        8.34739,
        49.8746
       ],
       [
        8.34549,
        49.87727
       ],
       [
        8.3446,
        49.87964
       ],
       [
        8.34401,
        49.88167
       ],
       [
        8.34361,
        49.88436
       ],
       [
        8.34376,
        49.88695
       ],
       [
        8.3443,
        49.88972
       ],
       [
        8.34496,
        49.89192
       ],
       [
        8.34712,
        49.89631
       ],
       [
        8.34868,
        49.89906
       ],
       [
        8.35011,
        49.90103
       ],
       [
        8.35275,
        49.90465
       ],
       [
        8.35531,
        49.90956
       ],
       [
        8.35642,
        49.91382
       ],
       [
        8.35648,
        49.91619
       ],
       [
        8.35594,
        49.91832
       ],
       [
        8.34387,
        49.94125
       ],
       [
        8.34348,
        49.94788
       ],
       [
        8.34148,
        49.95264
       ],
       [
        8.33842,
        49.95711
       ],
       [
        8.33394,
        49.9626
       ],
       [
        8.32874,
        49.96764
       ],
       [
        8.32751,
        49.96868
       ],
       [
        8.326,
        49.96995
       ],
       [
        8.32279,
        49.97264
       ],
       [
        8.32122,
        49.97391
       ],
       [
        8.3113,
        49.98185
       ],
       [
        8.3053,
        49.98605
       ],
       [
        8.29016,
        49.99331
       ],
       [
        8.27435,
        50.00858
       ],
       [
        8.27075,
        50.0115
       ],
       [
        8.26188,
        50.01762
       ],
       [
        8.2465,
        50.02669
       ],
       [
        8.24315,
        50.02846
       ],
       [
        8.24227,
        50.02892
       ],
       [
        8.23903,
        50.03008
       ],
       [
        8.23596,
        50.03099
       ],
       [
        8.2323,
        50.03154
       ],
       [
        8.20349,
        50.03569
       ],
       [
        8.19738,
        50.0357
       ],
       [
        8.19504,
        50.03567
       ],
       [
        8.18971,
        50.03542
       ],
       [
        8.17665,
        50.03448
       ],
       [
        8.147,
        50.02677
       ],
       [
        7.97965,
        49.98114
       ],
       [
        7.9746,
        49.97936
       ],
       [
        7.97326,
        49.97897
       ],
       [
        7.97009,
        49.97809
       ],
       [
        7.94662,
        49.97464
       ],
       [
        7.88817,
        49.97165
       ],
       [
        7.87929,
        49.9727
       ],
       [
        7.87402,
        49.97428
       ],
       [
        7.86955,
        49.97667
       ],
       [
        7.86624,
        49.97986
       ],
       [
        7.86406,
        49.98447
       ],
       [
        7.85979,
        50.00169
       ],
       [
        7.85907,
        50.00455
       ],
       [
        7.8581,
        50.00695
       ],
       [
        7.8565,
        50.00978
       ],
       [
        7.85396,
        50.01213
       ],
       [
        7.85081,
        50.01408
       ],
       [
        7.82213,
        50.02693
       ],
       [
        7.78046,
        50.05074
       ],
       [
        7.7773,
        50.05331
       ],
       [
        7.77472,
        50.0562
       ],
       [
        7.77347,
        50.05889
       ],
       [
        7.77317,
        50.06196
       ],
       [
        7.7743,
        50.06734
       ],
       [
        7.78161,
        50.06654
       ],
       [
        7.8309,
        50.08139
       ],
       [
        7.83569,
        50.08304
       ],
       [
        7.84022,
        50.08562
       ],
       [
        7.84037,
        50.08716
       ],
       [
        7.83201,
        50.0944
       ],
       [
        7.83269,
        50.09943
       ],
       [
        7.83516,
        50.10578
       ],
       [
        7.83707,
        50.10967
       ],
       [
        7.84707,
        50.12481
       ],
       [
        7.84891,
        50.12601
       ],
       [
        7.85423,
        50.12823
       ],
       [
        7.89732,
        50.12147
       ],
       [
        7.91995,
        50.10883
       ],
       [
        7.9275,
        50.1052
       ],
       [
        7.9294,
        50.14222
       ],
       [
        7.92237,
        50.1467
       ],
       [
        7.89047,
        50.16277
       ],
       [
        7.88467,
        50.16803
       ],
       [
        7.88431,
        50.18096
       ],
       [
        7.90757,
        50.2004
       ],
       [
        7.91928,
        50.2075
       ],
       [
        7.95832,
        50.2198
       ],
       [
        7.98521,
        50.22725
       ],
       [
        8.00356,
        50.22391
       ],
       [
        8.01213,
        50.21774
       ],
       [
        8.02316,
        50.21758
       ],
       [
        8.0335,
        50.21896
       ],
       [
        8.04969,
        50.22728
       ],
       [
        8.05749,
        50.23202
       ],
       [
        8.05852,
        50.23268
       ],
       [
        8.05915,
        50.23349
       ],
       [
        8.05976,
        50.23446
       ],
       [
        8.04875,
        50.24039
       ],
       [
        8.044,
        50.24237
       ],
       [
        8.02511,
        50.25389
       ],
       [
        8.02135,
        50.25736
       ],
       [
        8.02515,
        50.26101
       ],
       [
        8.0357,
        50.27113
       ],
       [
        8.05122,
        50.27387
       ],
       [
        8.07174,
        50.27313
       ],
       [
        8.07377,
        50.27189
       ],
       [
        8.07355,
        50.26812
       ],
       [
        8.07432,
        50.26705
       ],
       [
        8.07954,
        50.26071
       ],
       [
        8.10279,
        50.25961
       ],
       [
        8.10521,
        50.26044
       ],
       [
        8.10764,
        50.26129
       ],
       [
        8.11161,
        50.27014
       ],
       [
        8.11184,
        50.27061
       ],
       [
        8.1216,
        50.27754
       ],
       [
        8.11967,
        50.2932
       ],
       [
        8.11656,
        50.30283
       ],
       [
        8.10735,
        50.32277
       ],
       [
        8.10267,
        50.32687
       ],
       [
        8.08302,
        50.33063
       ],
       [
        8.08204,
        50.33076
       ],
       [
        8.07605,
        50.34816
       ],
       [
        8.06578,
        50.36615
       ],
       [
        8.05824,
        50.37341
       ],
       [
        8.02335,
        50.39997
       ],
       [
        7.98379,
        50.4069
       ],
       [
        7.97046,
        50.40618
       ],
       [
        7.96886,
        50.40981
       ],
       [
        7.9889,
        50.4399
       ],
       [
        8.00117,
        50.46298
       ],
       [
        8.00013,
        50.4634
       ],
       [
        7.99943,
        50.46378
       ],
       [
        7.99426,
        50.46765
       ],
       [
        7.98747,
        50.47303
       ],
       [
        7.97823,
        50.48565
       ],
       [
        7.98297,
        50.51057
       ],
       [
        7.99206,
        50.52206
       ],
       [
        8.02859,
        50.55088
       ],
       [
        8.04205,
        50.55292
       ],
       [
        8.04828,
        50.55323
       ],
       [
        8.06582,
        50.54852
       ],
       [
        8.07013,
        50.53875
       ],
       [
        8.10376,
        50.53337
       ],
       [
        8.11828,
        50.53547
       ],
       [
        8.12142,
        50.5394
       ],
       [
        8.13975,
        50.57133
       ],
       [
        8.15176,
        50.59323
       ],
       [
        8.15157,
        50.59943
       ],
       [
        8.1464,
        50.60243
       ],
       [
        8.13862,
        50.61904
       ],
       [
        8.11735,
        50.64878
       ],
       [
        8.10987,
        50.65741
       ],
       [
        8.11004,
        50.66567
       ],
       [
        8.11215,
        50.67579
       ],
       [
        8.12632,
        50.68592
       ],
       [
        8.12697,
        50.6919
       ],
       [
        8.12716,
        50.69322
       ],
       [
        8.13172,
        50.69691
       ],
       [
        8.14199,
        50.69455
       ],
       [
        8.15065,
        50.70535
       ],
       [
        8.1674,
        50.7347
       ],
       [
        8.16439,
        50.74419
       ],
       [
        8.15282,
        50.75958
       ],
       [
        8.14115,
        50.77205
       ],
       [
        8.13071,
        50.77718
       ],
       [
        8.12836,
        50.78843
       ],
       [
        8.1454,
        50.79612
       ],
       [
        8.161,
        50.80196
       ],
       [
        8.16979,
        50.80825
       ],
       [
        8.1753,
        50.81876
       ],
       [
        8.18744,
        50.82863
       ],
       [
        8.23388,
        50.85684
       ],
       [
        8.26098,
        50.87627
       ],
       [
        8.27166,
        50.88178
       ],
       [
        8.29082,
        50.88131
       ],
       [
        8.29223,
        50.87706
       ],
       [
        8.29521,
        50.87082
       ],
       [
        8.30657,
        50.86166
       ],
       [
        8.31855,
        50.86197
       ],
       [
        8.33745,
        50.86567
       ],
       [
        8.33937,
        50.86561
       ],
       [
        8.35232,
        50.86516
       ],
       [
        8.35574,
        50.86186
       ],
       [
        8.35949,
        50.86106
       ],
       [
        8.36827,
        50.86422
       ],
       [
        8.38486,
        50.87584
       ],
       [
        8.38852,
        50.8856
       ],
       [
        8.39617,
        50.89406
       ],
       [
        8.40562,
        50.90234
       ],
       [
        8.43252,
        50.91739
       ],
       [
        8.45072,
        50.9332
       ],
       [
        8.45014,
        50.9416
       ],
       [
        8.46024,
        50.96586
       ],
       [
        8.46617,
        50.96848
       ],
       [
        8.47877,
        50.96922
       ],
       [
        8.47425,
        50.97339
       ],
       [
        8.47391,
        50.97579
       ],
       [
        8.50065,
        50.99857
       ],
       [
        8.51609,
        51.00575
       ],
       [
        8.52437,
        51.00974
       ],
       [
        8.53063,
        51.01347
       ],
       [
        8.53865,
        51.01965
       ],
       [
        8.53181,
        51.02908
       ],
       [
        8.52283,
        51.03647
       ],
       [
        8.52689,
        51.05947
       ],
       [
        8.52721,
        51.06368
       ],
       [
        8.52667,
        51.06471
       ],
       [
        8.52309,
        51.06816
       ],
       [
        8.51637,
        51.07135
       ],
       [
        8.51533,
        51.07162
       ],
       [
        8.51453,
        51.07165
       ],
       [
        8.51208,
        51.07105
       ],
       [
        8.50704,
        51.07312
       ],
       [
        8.50601,
        51.07366
       ],
       [
        8.50505,
        51.07437
       ],
       [
        8.50448,
        51.07509
       ],
       [
        8.5041,
        51.07584
       ],
       [
        8.50382,
        51.07673
       ],
       [
        8.50372,
        51.07768
       ],
       [
        8.50382,
        51.07854
       ],
       [
        8.50418,
        51.0793
       ],
       [
        8.5049,
        51.07998
       ],
       [
        8.50903,
        51.08389
       ],
       [
        8.5098,
        51.08454
       ],
       [
        8.52761,
        51.09599
       ],
       [
        8.54144,
        51.09498
       ],
       [
        8.54312,
        51.09516
       ],
       [
        8.54475,
        51.09558
       ],
       [
        8.54617,
        51.09638
       ],
       [
        8.55011,
        51.10087
       ],
       [
        8.55166,
        51.10182
       ],
       [
        8.55378,
        51.10233
       ],
       [
        8.59548,
        51.10162
       ],
       [
        8.61944,
        51.1002
       ],
       [
        8.66622,
        51.09861
       ],
       [
        8.71457,
        51.10881
       ],
       [
        8.71684,
        51.10962
       ],
       [
        8.7186,
        51.11107
       ],
       [
        8.72023,
        51.11514
       ],
       [
        8.71196,
        51.11711
       ],
       [
        8.70186,
        51.11647
       ],
       [
        8.69245,
        51.1293
       ],
       [
        8.69238,
        51.13247
       ],
       [
        8.69416,
        51.13566
       ],
       [
        8.71414,
        51.15163
       ],
       [
        8.71845,
        51.15176
       ],
       [
        8.71992,
        51.15226
       ],
       [
        8.73609,
        51.16071
       ],
       [
        8.75772,
        51.17671
       ],
       [
        8.75804,
        51.17758
       ],
       [
        8.75033,
        51.19893
       ],
       [
        8.73087,
        51.24023
       ],
       [
        8.72734,
        51.25011
       ],
       [
        8.73213,
        51.258
       ],
       [
        8.72195,
        51.27384
       ],
       [
        8.70716,
        51.27625
       ],
       [
        8.69382,
        51.27779
       ],
       [
        8.69008,
        51.27432
       ],
       [
        8.68436,
        51.2702
       ],
       [
        8.68339,
        51.26957
       ],
       [
        8.68203,
        51.26898
       ],
       [
        8.6094,
        51.24657
       ],
       [
        8.59766,
        51.2469
       ],
       [
        8.59328,
        51.24742
       ],
       [
        8.5892,
        51.24963
       ],
       [
        8.5563,
        51.27755
       ],
       [
        8.56505,
        51.28735
       ],
       [
        8.60413,
        51.32369
       ],
       [
        8.62079,
        51.33664
       ],
       [
        8.70679,
        51.37505
       ],
       [
        8.71098,
        51.37433
       ],
       [
        8.73101,
        51.37208
       ],
       [
        8.75769,
        51.37795
       ],
       [
        8.77191,
        51.38564
       ],
       [
        8.80418,
        51.39076
       ],
       [
        8.81134,
        51.39012
       ],
       [
        8.81942,
        51.38895
       ],
       [
        8.8378,
        51.38352
       ],
       [
        8.85433,
        51.37766
       ],
       [
        8.86205,
        51.37975
       ],
       [
        8.87584,
        51.3855
       ],
       [
        8.88728,
        51.39178
       ],
       [
        8.89047,
        51.39276
       ],
       [
        8.91205,
        51.39316
       ],
       [
        8.91571,
        51.39323
       ],
       [
        8.93604,
        51.38969
       ],
       [
        8.93733,
        51.38957
       ],
       [
        8.93754,
        51.38955
       ],
       [
        8.939,
        51.3898
       ],
       [
        8.94277,
        51.39692
       ],
       [
        8.94934,
        51.41225
       ],
       [
        8.94805,
        51.42981
       ],
       [
        8.93447,
        51.43135
       ],
       [
        8.89376,
        51.47147
       ],
       [
        8.89126,
        51.47757
       ],
       [
        8.89089,
        51.48191
       ],
       [
        8.89362,
        51.48512
       ],
       [
        8.89789,
        51.48705
       ],
       [
        8.91032,
        51.49107
       ],
       [
        8.94374,
        51.49921
       ],
       [
        8.96534,
        51.50432
       ],
       [
        8.96977,
        51.5053
       ],
       [
        8.9861,
        51.50857
       ],
       [
        9.01823,
        51.51678
       ],
       [
        9.02406,
        51.51137
       ],
       [
        9.03872,
        51.50245
       ],
       [
        9.05937,
        51.5005
       ],
       [
        9.07908,
        51.50385
       ],
       [
        9.09452,
        51.49567
       ],
       [
        9.09168,
        51.48745
       ],
       [
        9.08779,
        51.48159
       ],
       [
        9.07807,
        51.46691
       ],
       [
        9.07809,
        51.46508
       ],
       [
        9.08961,
        51.44603
       ],
       [
        9.10097,
        51.44367
       ],
       [
        9.1505,
        51.44225
       ],
       [
        9.157,
        51.44283
       ],
       [
        9.16246,
        51.44549
       ],
       [
        9.17273,
        51.46022
       ],
       [
        9.17502,
        51.46334
       ],
       [
        9.18576,
        51.46634
       ],
       [
        9.19795,
        51.46322
       ],
       [
        9.21512,
        51.45912
       ],
       [
        9.21696,
        51.46103
       ],
       [
        9.21719,
        51.48118
       ],
       [
        9.2254,
        51.48882
       ],
       [
        9.22632,
        51.48949
       ],
       [
        9.24136,
        51.49769
       ],
       [
        9.28457,
        51.51427
       ],
       [
        9.31131,
        51.53027
       ],
       [
        9.31335,
        51.53739
       ],
       [
        9.31379,
        51.53866
       ],
       [
        9.31466,
        51.54031
       ],
       [
        9.31912,
        51.54864
       ],
       [
        9.32591,
        51.55504
       ],
       [
        9.34526,
        51.57036
       ],
       [
        9.36801,
        51.59017
       ],
       [
        9.36322,
        51.59485
       ],
       [
        9.35611,
        51.59766
       ],
       [
        9.34945,
        51.60171
       ],
       [
        9.33657,
        51.61178
       ],
       [
        9.33684,
        51.61456
       ],
       [
        9.37183,
        51.62571
       ],
       [
        9.37697,
        51.62708
       ],
       [
        9.39133,
        51.62687
       ],
       [
        9.39857,
        51.62628
       ],
       [
        9.41612,
        51.62889
       ],
       [
        9.42417,
        51.63062
       ],
       [
        9.42963,
        51.63282
       ],
       [
        9.43367,
        51.63549
       ],
       [
        9.44424,
        51.64561
       ],
       [
        9.43896,
        51.65067
       ],
       [
        9.49751,
        51.65405
       ],
       [
        9.49331,
        51.6404
       ],
       [
        9.49279,
        51.63852
       ],
       [
        9.49249,
        51.63677
       ],
       [
        9.4927,
        51.6353
       ],
       [
        9.49316,
        51.63388
       ],
       [
        9.4941,
        51.63263
       ],
       [
        9.49507,
        51.63183
       ],
       [
        9.4966,
        51.63094
       ],
       [
        9.49779,
        51.63032
       ],
       [
        9.49888,
        51.62981
       ],
       [
        9.5008,
        51.62912
       ],
       [
        9.50199,
        51.62876
       ],
       [
        9.5026,
        51.62858
       ],
       [
        9.5056,
        51.62777
       ]
      ]
     ]
    ]
   }
  },
  {
   "type": "Feature",
   "properties": {
    "key": "rp",
    "name": "Rheinland-Pfalz",
    "bez": "Land",
    "ars": "07",
    "nuts": "DEB",
    "status": "lidar+alkis",
    "lidar_dgm1": true,
    "lidar_las": true,
    "lidar_script": "download_rlp_lidar.sh",
    "lidar_bbox": false,
    "lidar_note": "Downloader exists but is the only one without BBOX; its Metalink filenames already carry UTM km, so adding it is mechanical.",
    "alkis": "partial",
    "alkis_engine": "metalink",
    "alkis_spatial": "tile",
    "sample_bbox": "407,5553,412,5558",
    "sample_epsg": 25832,
    "sample_place": "St. Goarshausen"
   },
   "geometry": {
    "type": "MultiPolygon",
    "coordinates": [
     [
      [
       [
        7.84657,
        50.87861
       ],
       [
        7.85901,
        50.87733
       ],
       [
        7.87029,
        50.87788
       ],
       [
        7.88222,
        50.876
       ],
       [
        7.88387,
        50.87565
       ],
       [
        7.88531,
        50.87503
       ],
       [
        7.88641,
        50.87439
       ],
       [
        7.88725,
        50.87376
       ],
       [
        7.89404,
        50.86509
       ],
       [
        7.89432,
        50.85974
       ],
       [
        7.90567,
        50.84856
       ],
       [
        7.91819,
        50.84468
       ],
       [
        7.9266,
        50.845
       ],
       [
        7.92669,
        50.84502
       ],
       [
        7.93742,
        50.84796
       ],
       [
        7.95857,
        50.84862
       ],
       [
        7.96697,
        50.84654
       ],
       [
        7.97748,
        50.83169
       ],
       [
        7.97361,
        50.80398
       ],
       [
        7.96711,
        50.79803
       ],
       [
        7.96493,
        50.78704
       ],
       [
        7.96829,
        50.77399
       ],
       [
        7.98018,
        50.76447
       ],
       [
        7.98775,
        50.75926
       ],
       [
        7.99927,
        50.75527
       ],
       [
        8.03996,
        50.72695
       ],
       [
        8.04316,
        50.71045
       ],
       [
        8.04011,
        50.69723
       ],
       [
        8.05999,
        50.69546
       ],
       [
        8.06007,
        50.69547
       ],
       [
        8.07139,
        50.70071
       ],
       [
        8.07609,
        50.70574
       ],
       [
        8.07851,
        50.70584
       ],
       [
        8.0803,
        50.70588
       ],
       [
        8.09817,
        50.70383
       ],
       [
        8.11084,
        50.6971
       ],
       [
        8.12632,
        50.68592
       ],
       [
        8.11215,
        50.67579
       ],
       [
        8.11004,
        50.66567
       ],
       [
        8.10987,
        50.65741
       ],
       [
        8.11735,
        50.64878
       ],
       [
        8.13862,
        50.61904
       ],
       [
        8.1464,
        50.60243
       ],
       [
        8.15157,
        50.59943
       ],
       [
        8.15176,
        50.59323
       ],
       [
        8.13975,
        50.57133
       ],
       [
        8.12142,
        50.5394
       ],
       [
        8.11828,
        50.53547
       ],
       [
        8.10376,
        50.53337
       ],
       [
        8.07013,
        50.53875
       ],
       [
        8.06582,
        50.54852
       ],
       [
        8.04828,
        50.55323
       ],
       [
        8.04205,
        50.55292
       ],
       [
        8.02859,
        50.55088
       ],
       [
        7.99206,
        50.52206
       ],
       [
        7.98297,
        50.51057
       ],
       [
        7.97823,
        50.48565
       ],
       [
        7.98747,
        50.47303
       ],
       [
        7.99426,
        50.46765
       ],
       [
        7.99943,
        50.46378
       ],
       [
        8.00013,
        50.4634
       ],
       [
        8.00117,
        50.46298
       ],
       [
        7.9889,
        50.4399
       ],
       [
        7.96886,
        50.40981
       ],
       [
        7.97046,
        50.40618
       ],
       [
        7.98379,
        50.4069
       ],
       [
        8.02335,
        50.39997
       ],
       [
        8.05824,
        50.37341
       ],
       [
        8.06578,
        50.36615
       ],
       [
        8.07605,
        50.34816
       ],
       [
        8.08204,
        50.33076
       ],
       [
        8.08302,
        50.33063
       ],
       [
        8.10267,
        50.32687
       ],
       [
        8.10735,
        50.32277
       ],
       [
        8.11656,
        50.30283
       ],
       [
        8.11967,
        50.2932
       ],
       [
        8.1216,
        50.27754
       ],
       [
        8.11184,
        50.27061
       ],
       [
        8.11161,
        50.27014
       ],
       [
        8.10764,
        50.26129
       ],
       [
        8.10521,
        50.26044
       ],
       [
        8.10279,
        50.25961
       ],
       [
        8.07954,
        50.26071
       ],
       [
        8.07432,
        50.26705
       ],
       [
        8.07355,
        50.26812
       ],
       [
        8.07377,
        50.27189
       ],
       [
        8.07174,
        50.27313
       ],
       [
        8.05122,
        50.27387
       ],
       [
        8.0357,
        50.27113
       ],
       [
        8.02515,
        50.26101
       ],
       [
        8.02135,
        50.25736
       ],
       [
        8.02511,
        50.25389
       ],
       [
        8.044,
        50.24237
       ],
       [
        8.04875,
        50.24039
       ],
       [
        8.05976,
        50.23446
       ],
       [
        8.05915,
        50.23349
       ],
       [
        8.05852,
        50.23268
       ],
       [
        8.05749,
        50.23202
       ],
       [
        8.04969,
        50.22728
       ],
       [
        8.0335,
        50.21896
       ],
       [
        8.02316,
        50.21758
       ],
       [
        8.01213,
        50.21774
       ],
       [
        8.00356,
        50.22391
       ],
       [
        7.98521,
        50.22725
       ],
       [
        7.95832,
        50.2198
       ],
       [
        7.91928,
        50.2075
       ],
       [
        7.90757,
        50.2004
       ],
       [
        7.88431,
        50.18096
       ],
       [
        7.88467,
        50.16803
       ],
       [
        7.89047,
        50.16277
       ],
       [
        7.92237,
        50.1467
       ],
       [
        7.9294,
        50.14222
       ],
       [
        7.9275,
        50.1052
       ],
       [
        7.91995,
        50.10883
       ],
       [
        7.89732,
        50.12147
       ],
       [
        7.85423,
        50.12823
       ],
       [
        7.84891,
        50.12601
       ],
       [
        7.84707,
        50.12481
       ],
       [
        7.83707,
        50.10967
       ],
       [
        7.83516,
        50.10578
       ],
       [
        7.83269,
        50.09943
       ],
       [
        7.83201,
        50.0944
       ],
       [
        7.84037,
        50.08716
       ],
       [
        7.84022,
        50.08562
       ],
       [
        7.83569,
        50.08304
       ],
       [
        7.8309,
        50.08139
       ],
       [
        7.78161,
        50.06654
       ],
       [
        7.7743,
        50.06734
       ],
       [
        7.77317,
        50.06196
       ],
       [
        7.77347,
        50.05889
       ],
       [
        7.77472,
        50.0562
       ],
       [
        7.7773,
        50.05331
       ],
       [
        7.78046,
        50.05074
       ],
       [
        7.82213,
        50.02693
       ],
       [
        7.85081,
        50.01408
       ],
       [
        7.85396,
        50.01213
       ],
       [
        7.8565,
        50.00978
       ],
       [
        7.8581,
        50.00695
       ],
       [
        7.85907,
        50.00455
       ],
       [
        7.85979,
        50.00169
       ],
       [
        7.86406,
        49.98447
       ],
       [
        7.86624,
        49.97986
       ],
       [
        7.86955,
        49.97667
       ],
       [
        7.87402,
        49.97428
       ],
       [
        7.87929,
        49.9727
       ],
       [
        7.88817,
        49.97165
       ],
       [
        7.94662,
        49.97464
       ],
       [
        7.97009,
        49.97809
       ],
       [
        7.97326,
        49.97897
       ],
       [
        7.9746,
        49.97936
       ],
       [
        7.97965,
        49.98114
       ],
       [
        8.147,
        50.02677
       ],
       [
        8.17665,
        50.03448
       ],
       [
        8.18971,
        50.03542
       ],
       [
        8.19504,
        50.03567
       ],
       [
        8.19738,
        50.0357
       ],
       [
        8.20349,
        50.03569
       ],
       [
        8.2323,
        50.03154
       ],
       [
        8.23596,
        50.03099
       ],
       [
        8.23903,
        50.03008
       ],
       [
        8.24227,
        50.02892
       ],
       [
        8.24315,
        50.02846
       ],
       [
        8.2465,
        50.02669
       ],
       [
        8.26188,
        50.01762
       ],
       [
        8.27075,
        50.0115
       ],
       [
        8.27435,
        50.00858
       ],
       [
        8.29016,
        49.99331
       ],
       [
        8.3053,
        49.98605
       ],
       [
        8.3113,
        49.98185
       ],
       [
        8.32122,
        49.97391
       ],
       [
        8.32279,
        49.97264
       ],
       [
        8.326,
        49.96995
       ],
       [
        8.32751,
        49.96868
       ],
       [
        8.32874,
        49.96764
       ],
       [
        8.33394,
        49.9626
       ],
       [
        8.33842,
        49.95711
       ],
       [
        8.34148,
        49.95264
       ],
       [
        8.34348,
        49.94788
       ],
       [
        8.34387,
        49.94125
       ],
       [
        8.35594,
        49.91832
       ],
       [
        8.35648,
        49.91619
       ],
       [
        8.35642,
        49.91382
       ],
       [
        8.35531,
        49.90956
       ],
       [
        8.35275,
        49.90465
       ],
       [
        8.35011,
        49.90103
       ],
       [
        8.34868,
        49.89906
       ],
       [
        8.34712,
        49.89631
       ],
       [
        8.34496,
        49.89192
       ],
       [
        8.3443,
        49.88972
       ],
       [
        8.34376,
        49.88695
       ],
       [
        8.34361,
        49.88436
       ],
       [
        8.34401,
        49.88167
       ],
       [
        8.3446,
        49.87964
       ],
       [
        8.34549,
        49.87727
       ],
       [
        8.34739,
        49.8746
       ],
       [
        8.34904,
        49.87258
       ],
       [
        8.3525,
        49.86883
       ],
       [
        8.35469,
        49.8666
       ],
       [
        8.35716,
        49.86523
       ],
       [
        8.36005,
        49.8644
       ],
       [
        8.36635,
        49.86333
       ],
       [
        8.37076,
        49.86263
       ],
       [
        8.3737,
        49.86211
       ],
       [
        8.37807,
        49.86078
       ],
       [
        8.38136,
        49.85961
       ],
       [
        8.3837,
        49.85816
       ],
       [
        8.38546,
        49.85635
       ],
       [
        8.38599,
        49.85507
       ],
       [
        8.38626,
        49.85397
       ],
       [
        8.38635,
        49.85268
       ],
       [
        8.38603,
        49.85112
       ],
       [
        8.3851,
        49.84779
       ],
       [
        8.381,
        49.83776
       ],
       [
        8.37894,
        49.83307
       ],
       [
        8.37788,
        49.82909
       ],
       [
        8.37784,
        49.82623
       ],
       [
        8.37851,
        49.82423
       ],
       [
        8.38433,
        49.81802
       ],
       [
        8.38544,
        49.81702
       ],
       [
        8.38653,
        49.81605
       ],
       [
        8.40047,
        49.80361
       ],
       [
        8.40613,
        49.79682
       ],
       [
        8.40858,
        49.79341
       ],
       [
        8.41194,
        49.78819
       ],
       [
        8.41351,
        49.78443
       ],
       [
        8.4143,
        49.78153
       ],
       [
        8.41572,
        49.77692
       ],
       [
        8.41636,
        49.77578
       ],
       [
        8.41743,
        49.7739
       ],
       [
        8.42065,
        49.77053
       ],
       [
        8.42451,
        49.76832
       ],
       [
        8.42739,
        49.76708
       ],
       [
        8.42935,
        49.76647
       ],
       [
        8.43197,
        49.76612
       ],
       [
        8.43665,
        49.76558
       ],
       [
        8.44164,
        49.76567
       ],
       [
        8.45166,
        49.7664
       ],
       [
        8.46387,
        49.76826
       ],
       [
        8.46923,
        49.76841
       ],
       [
        8.47286,
        49.76787
       ],
       [
        8.47481,
        49.76707
       ],
       [
        8.47632,
        49.76619
       ],
       [
        8.4776,
        49.76488
       ],
       [
        8.47928,
        49.76271
       ],
       [
        8.47957,
        49.76101
       ],
       [
        8.47889,
        49.7591
       ],
       [
        8.47742,
        49.75702
       ],
       [
        8.47572,
        49.75549
       ],
       [
        8.47321,
        49.75391
       ],
       [
        8.4651,
        49.74882
       ],
       [
        8.44857,
        49.73331
       ],
       [
        8.44698,
        49.73047
       ],
       [
        8.44433,
        49.72716
       ],
       [
        8.44138,
        49.72409
       ],
       [
        8.4392,
        49.72216
       ],
       [
        8.43623,
        49.72043
       ],
       [
        8.43277,
        49.71867
       ],
       [
        8.42659,
        49.71659
       ],
       [
        8.42018,
        49.71494
       ],
       [
        8.40321,
        49.71196
       ],
       [
        8.40154,
        49.71167
       ],
       [
        8.385,
        49.70759
       ],
       [
        8.37597,
        49.70449
       ],
       [
        8.36872,
        49.701
       ],
       [
        8.36261,
        49.69695
       ],
       [
        8.35935,
        49.69327
       ],
       [
        8.35752,
        49.68952
       ],
       [
        8.35648,
        49.68345
       ],
       [
        8.35637,
        49.68224
       ],
       [
        8.35697,
        49.67994
       ],
       [
        8.35743,
        49.67823
       ],
       [
        8.36124,
        49.6706
       ],
       [
        8.38233,
        49.6292
       ],
       [
        8.38442,
        49.62521
       ],
       [
        8.3875,
        49.62138
       ],
       [
        8.39133,
        49.61763
       ],
       [
        8.39537,
        49.61467
       ],
       [
        8.40303,
        49.61034
       ],
       [
        8.40418,
        49.60966
       ],
       [
        8.40488,
        49.60923
       ],
       [
        8.40673,
        49.60809
       ],
       [
        8.411,
        49.60404
       ],
       [
        8.41217,
        49.60237
       ],
       [
        8.41568,
        49.59491
       ],
       [
        8.42318,
        49.58334
       ],
       [
        8.42271,
        49.57195
       ],
       [
        8.42038,
        49.56927
       ],
       [
        8.41734,
        49.56544
       ],
       [
        8.41645,
        49.56358
       ],
       [
        8.41564,
        49.56152
       ],
       [
        8.41526,
        49.56011
       ],
       [
        8.41486,
        49.55719
       ],
       [
        8.41485,
        49.55464
       ],
       [
        8.41579,
        49.55144
       ],
       [
        8.41668,
        49.54966
       ],
       [
        8.41777,
        49.54815
       ],
       [
        8.4186,
        49.54701
       ],
       [
        8.42282,
        49.54182
       ],
       [
        8.43249,
        49.52043
       ],
       [
        8.45914,
        49.47786
       ],
       [
        8.46115,
        49.47542
       ],
       [
        8.4632,
        49.47272
       ],
       [
        8.4645,
        49.47011
       ],
       [
        8.46446,
        49.46811
       ],
       [
        8.46401,
        49.46662
       ],
       [
        8.46297,
        49.46515
       ],
       [
        8.46096,
        49.46392
       ],
       [
        8.4596,
        49.46342
       ],
       [
        8.45832,
        49.46303
       ],
       [
        8.4527,
        49.46152
       ],
       [
        8.44984,
        49.46068
       ],
       [
        8.44758,
        49.45989
       ],
       [
        8.44502,
        49.45835
       ],
       [
        8.44334,
        49.45627
       ],
       [
        8.44258,
        49.45444
       ],
       [
        8.4422,
        49.45242
       ],
       [
        8.44244,
        49.45061
       ],
       [
        8.44336,
        49.44914
       ],
       [
        8.44471,
        49.44748
       ],
       [
        8.44539,
        49.44693
       ],
       [
        8.44616,
        49.44631
       ],
       [
        8.44909,
        49.44489
       ],
       [
        8.45189,
        49.44372
       ],
       [
        8.45425,
        49.44303
       ],
       [
        8.45711,
        49.44269
       ],
       [
        8.46034,
        49.44251
       ],
       [
        8.47417,
        49.44277
       ],
       [
        8.48325,
        49.44302
       ],
       [
        8.48527,
        49.44307
       ],
       [
        8.48898,
        49.44316
       ],
       [
        8.49389,
        49.44284
       ],
       [
        8.49822,
        49.44206
       ],
       [
        8.50146,
        49.44109
       ],
       [
        8.50499,
        49.43943
       ],
       [
        8.50571,
        49.43875
       ],
       [
        8.50688,
        49.43764
       ],
       [
        8.50833,
        49.43461
       ],
       [
        8.50848,
        49.43401
       ],
       [
        8.50826,
        49.43225
       ],
       [
        8.50714,
        49.42928
       ],
       [
        8.49791,
        49.41085
       ],
       [
        8.49658,
        49.40276
       ],
       [
        8.50105,
        49.38702
       ],
       [
        8.50188,
        49.38314
       ],
       [
        8.50198,
        49.37989
       ],
       [
        8.50198,
        49.37654
       ],
       [
        8.50166,
        49.37345
       ],
       [
        8.50111,
        49.37102
       ],
       [
        8.50061,
        49.36919
       ],
       [
        8.49962,
        49.36675
       ],
       [
        8.49871,
        49.36455
       ],
       [
        8.49834,
        49.36368
       ],
       [
        8.49672,
        49.36023
       ],
       [
        8.49351,
        49.35583
       ],
       [
        8.4904,
        49.3524
       ],
       [
        8.48742,
        49.34956
       ],
       [
        8.48348,
        49.34652
       ],
       [
        8.47957,
        49.34402
       ],
       [
        8.47562,
        49.34199
       ],
       [
        8.47336,
        49.34084
       ],
       [
        8.47015,
        49.33927
       ],
       [
        8.46972,
        49.33906
       ],
       [
        8.46589,
        49.33721
       ],
       [
        8.4585,
        49.33293
       ],
       [
        8.4562,
        49.33116
       ],
       [
        8.45456,
        49.32943
       ],
       [
        8.45305,
        49.32753
       ],
       [
        8.4518,
        49.3249
       ],
       [
        8.45169,
        49.32393
       ],
       [
        8.45152,
        49.32223
       ],
       [
        8.45199,
        49.31914
       ],
       [
        8.45223,
        49.31868
       ],
       [
        8.45343,
        49.3164
       ],
       [
        8.45521,
        49.31468
       ],
       [
        8.45833,
        49.31296
       ],
       [
        8.46208,
        49.31171
       ],
       [
        8.47546,
        49.30868
       ],
       [
        8.4788,
        49.30752
       ],
       [
        8.48171,
        49.30607
       ],
       [
        8.48477,
        49.30369
       ],
       [
        8.48663,
        49.30135
       ],
       [
        8.48852,
        49.29787
       ],
       [
        8.48896,
        49.2953
       ],
       [
        8.48879,
        49.294
       ],
       [
        8.48861,
        49.29271
       ],
       [
        8.48764,
        49.29047
       ],
       [
        8.48686,
        49.28923
       ],
       [
        8.467,
        49.2824
       ],
       [
        8.4165,
        49.25073
       ],
       [
        8.40862,
        49.24691
       ],
       [
        8.40034,
        49.2426
       ],
       [
        8.39631,
        49.23996
       ],
       [
        8.39281,
        49.23687
       ],
       [
        8.39022,
        49.234
       ],
       [
        8.38804,
        49.2305
       ],
       [
        8.38689,
        49.22791
       ],
       [
        8.3866,
        49.22721
       ],
       [
        8.38578,
        49.22339
       ],
       [
        8.38573,
        49.22072
       ],
       [
        8.38944,
        49.22035
       ],
       [
        8.39265,
        49.22364
       ],
       [
        8.39728,
        49.2243
       ],
       [
        8.40099,
        49.22365
       ],
       [
        8.40485,
        49.2223
       ],
       [
        8.40497,
        49.2193
       ],
       [
        8.40461,
        49.21851
       ],
       [
        8.39814,
        49.20675
       ],
       [
        8.38289,
        49.18885
       ],
       [
        8.36958,
        49.16969
       ],
       [
        8.36836,
        49.16751
       ],
       [
        8.36789,
        49.16562
       ],
       [
        8.36789,
        49.16326
       ],
       [
        8.36888,
        49.16076
       ],
       [
        8.36917,
        49.16027
       ],
       [
        8.3717,
        49.15617
       ],
       [
        8.37209,
        49.15553
       ],
       [
        8.37255,
        49.15398
       ],
       [
        8.37274,
        49.15191
       ],
       [
        8.37243,
        49.14998
       ],
       [
        8.37153,
        49.14507
       ],
       [
        8.36107,
        49.1044
       ],
       [
        8.35823,
        49.09716
       ],
       [
        8.35409,
        49.09154
       ],
       [
        8.35076,
        49.08766
       ],
       [
        8.34579,
        49.08376
       ],
       [
        8.34145,
        49.08051
       ],
       [
        8.3405,
        49.07985
       ],
       [
        8.33508,
        49.07608
       ],
       [
        8.32578,
        49.06892
       ],
       [
        8.32424,
        49.06737
       ],
       [
        8.3173,
        49.06035
       ],
       [
        8.31256,
        49.05386
       ],
       [
        8.30889,
        49.04803
       ],
       [
        8.30667,
        49.0439
       ],
       [
        8.30579,
        49.04191
       ],
       [
        8.30439,
        49.03874
       ],
       [
        8.30274,
        49.0316
       ],
       [
        8.30126,
        49.02366
       ],
       [
        8.3008,
        49.02186
       ],
       [
        8.29922,
        49.01557
       ],
       [
        8.29735,
        49.01207
       ],
       [
        8.28864,
        48.99825
       ],
       [
        8.2879,
        48.99732
       ],
       [
        8.28626,
        48.99525
       ],
       [
        8.28333,
        48.99276
       ],
       [
        8.27791,
        48.98919
       ],
       [
        8.26298,
        48.98121
       ],
       [
        8.23263,
        48.96627
       ],
       [
        8.23057,
        48.96865
       ],
       [
        8.22546,
        48.97433
       ],
       [
        8.22442,
        48.97508
       ],
       [
        8.22396,
        48.97538
       ],
       [
        8.22211,
        48.97588
       ],
       [
        8.17103,
        48.97891
       ],
       [
        8.1258,
        48.98482
       ],
       [
        8.09295,
        48.98922
       ],
       [
        8.09154,
        48.98958
       ],
       [
        8.07194,
        48.99662
       ],
       [
        8.07023,
        48.9973
       ],
       [
        8.06777,
        48.99856
       ],
       [
        8.06418,
        49.00445
       ],
       [
        8.06326,
        49.00536
       ],
       [
        8.05198,
        49.01274
       ],
       [
        8.05077,
        49.0134
       ],
       [
        8.04928,
        49.01402
       ],
       [
        7.99819,
        49.02837
       ],
       [
        7.94567,
        49.05517
       ],
       [
        7.9323,
        49.05746
       ],
       [
        7.92552,
        49.04685
       ],
       [
        7.92395,
        49.04461
       ],
       [
        7.92272,
        49.04348
       ],
       [
        7.92079,
        49.04252
       ],
       [
        7.91382,
        49.04027
       ],
       [
        7.90737,
        49.04477
       ],
       [
        7.89001,
        49.04786
       ],
       [
        7.88887,
        49.04771
       ],
       [
        7.88802,
        49.04751
       ],
       [
        7.88707,
        49.04713
       ],
       [
        7.88166,
        49.04469
       ],
       [
        7.87519,
        49.04102
       ],
       [
        7.87368,
        49.03979
       ],
       [
        7.87117,
        49.03715
       ],
       [
        7.86692,
        49.0327
       ],
       [
        7.85438,
        49.03528
       ],
       [
        7.83043,
        49.04722
       ],
       [
        7.81491,
        49.05532
       ],
       [
        7.81379,
        49.05598
       ],
       [
        7.81313,
        49.05671
       ],
       [
        7.81133,
        49.06001
       ],
       [
        7.81058,
        49.06081
       ],
       [
        7.8091,
        49.06154
       ],
       [
        7.79443,
        49.06541
       ],
       [
        7.77733,
        49.05728
       ],
       [
        7.77559,
        49.056
       ],
       [
        7.7746,
        49.05476
       ],
       [
        7.77278,
        49.05241
       ],
       [
        7.76895,
        49.04748
       ],
       [
        7.76778,
        49.04664
       ],
       [
        7.76647,
        49.04612
       ],
       [
        7.76366,
        49.04562
       ],
       [
        7.75805,
        49.0451
       ],
       [
        7.73282,
        49.04395
       ],
       [
        7.69279,
        49.05394
       ],
       [
        7.67564,
        49.04517
       ],
       [
        7.63272,
        49.0547
       ],
       [
        7.63076,
        49.07308
       ],
       [
        7.60316,
        49.08244
       ],
       [
        7.60112,
        49.08282
       ],
       [
        7.59836,
        49.0829
       ],
       [
        7.56966,
        49.08005
       ],
       [
        7.56649,
        49.08007
       ],
       [
        7.56366,
        49.08041
       ],
       [
        7.56077,
        49.08114
       ],
       [
        7.55781,
        49.08216
       ],
       [
        7.55386,
        49.08381
       ],
       [
        7.54903,
        49.08645
       ],
       [
        7.53069,
        49.09718
       ],
       [
        7.52271,
        49.10584
       ],
       [
        7.49746,
        49.13483
       ],
       [
        7.50595,
        49.15079
       ],
       [
        7.50634,
        49.15472
       ],
       [
        7.49352,
        49.16859
       ],
       [
        7.44427,
        49.18404
       ],
       [
        7.38129,
        49.17516
       ],
       [
        7.36468,
        49.17174
       ],
       [
        7.36351,
        49.15773
       ],
       [
        7.32114,
        49.18821
       ],
       [
        7.30396,
        49.20537
       ],
       [
        7.30072,
        49.20936
       ],
       [
        7.28932,
        49.23042
       ],
       [
        7.28934,
        49.23661
       ],
       [
        7.29055,
        49.23925
       ],
       [
        7.30609,
        49.25517
       ],
       [
        7.31143,
        49.25684
       ],
       [
        7.32136,
        49.2475
       ],
       [
        7.32452,
        49.24824
       ],
       [
        7.33819,
        49.26384
       ],
       [
        7.34501,
        49.27225
       ],
       [
        7.35911,
        49.27871
       ],
       [
        7.3644,
        49.27836
       ],
       [
        7.37256,
        49.28035
       ],
       [
        7.38524,
        49.29345
       ],
       [
        7.39495,
        49.31456
       ],
       [
        7.39434,
        49.31706
       ],
       [
        7.38579,
        49.32017
       ],
       [
        7.40181,
        49.33677
       ],
       [
        7.40289,
        49.34123
       ],
       [
        7.40349,
        49.34601
       ],
       [
        7.40237,
        49.36807
       ],
       [
        7.39335,
        49.37073
       ],
       [
        7.36767,
        49.36359
       ],
       [
        7.29073,
        49.38922
       ],
       [
        7.29078,
        49.39342
       ],
       [
        7.29705,
        49.39744
       ],
       [
        7.29808,
        49.3981
       ],
       [
        7.29647,
        49.40375
       ],
       [
        7.29308,
        49.40761
       ],
       [
        7.28093,
        49.41736
       ],
       [
        7.26143,
        49.42372
       ],
       [
        7.25344,
        49.43128
       ],
       [
        7.25107,
        49.43544
       ],
       [
        7.2463,
        49.44615
       ],
       [
        7.25356,
        49.44918
       ],
       [
        7.25442,
        49.44945
       ],
       [
        7.27507,
        49.45526
       ],
       [
        7.28696,
        49.45741
       ],
       [
        7.30009,
        49.46626
       ],
       [
        7.30482,
        49.47461
       ],
       [
        7.29643,
        49.48209
       ],
       [
        7.27968,
        49.48498
       ],
       [
        7.28097,
        49.50525
       ],
       [
        7.28226,
        49.50988
       ],
       [
        7.2789,
        49.53655
       ],
       [
        7.27654,
        49.54861
       ],
       [
        7.27343,
        49.5627
       ],
       [
        7.26213,
        49.57528
       ],
       [
        7.25883,
        49.5783
       ],
       [
        7.25314,
        49.57452
       ],
       [
        7.23699,
        49.56734
       ],
       [
        7.22468,
        49.56481
       ],
       [
        7.21454,
        49.56528
       ],
       [
        7.18796,
        49.57609
       ],
       [
        7.1726,
        49.58639
       ],
       [
        7.17563,
        49.59468
       ],
       [
        7.17581,
        49.59599
       ],
       [
        7.17478,
        49.59813
       ],
       [
        7.15224,
        49.60385
       ],
       [
        7.15151,
        49.60396
       ],
       [
        7.1508,
        49.60394
       ],
       [
        7.15017,
        49.60386
       ],
       [
        7.14143,
        49.60268
       ],
       [
        7.14055,
        49.602
       ],
       [
        7.14052,
        49.60177
       ],
       [
        7.14032,
        49.59886
       ],
       [
        7.14014,
        49.59618
       ],
       [
        7.13901,
        49.59564
       ],
       [
        7.12208,
        49.59539
       ],
       [
        7.08758,
        49.60047
       ],
       [
        7.08023,
        49.61196
       ],
       [
        7.06853,
        49.62349
       ],
       [
        7.05751,
        49.63107
       ],
       [
        7.02793,
        49.63935
       ],
       [
        7.01208,
        49.62837
       ],
       [
        6.98918,
        49.62132
       ],
       [
        6.98598,
        49.62088
       ],
       [
        6.98596,
        49.62438
       ],
       [
        6.98803,
        49.62935
       ],
       [
        6.99157,
        49.63409
       ],
       [
        6.97838,
        49.63553
       ],
       [
        6.94337,
        49.63606
       ],
       [
        6.89586,
        49.61589
       ],
       [
        6.8919,
        49.61323
       ],
       [
        6.88688,
        49.61305
       ],
       [
        6.86621,
        49.60829
       ],
       [
        6.8574,
        49.60494
       ],
       [
        6.85142,
        49.59998
       ],
       [
        6.84052,
        49.58948
       ],
       [
        6.82484,
        49.58886
       ],
       [
        6.81297,
        49.59198
       ],
       [
        6.79717,
        49.58604
       ],
       [
        6.78086,
        49.5723
       ],
       [
        6.7765,
        49.56858
       ],
       [
        6.74729,
        49.55773
       ],
       [
        6.70785,
        49.55204
       ],
       [
        6.63232,
        49.54159
       ],
       [
        6.61741,
        49.5353
       ],
       [
        6.60746,
        49.52454
       ],
       [
        6.57973,
        49.52827
       ],
       [
        6.57353,
        49.53498
       ],
       [
        6.56372,
        49.54069
       ],
       [
        6.54002,
        49.5391
       ],
       [
        6.52321,
        49.52891
       ],
       [
        6.5157,
        49.52799
       ],
       [
        6.49455,
        49.53076
       ],
       [
        6.48519,
        49.53447
       ],
       [
        6.48152,
        49.53952
       ],
       [
        6.47144,
        49.544
       ],
       [
        6.4301,
        49.5489
       ],
       [
        6.41414,
        49.54695
       ],
       [
        6.39829,
        49.54762
       ],
       [
        6.39003,
        49.54816
       ],
       [
        6.38779,
        49.54855
       ],
       [
        6.38031,
        49.55086
       ],
       [
        6.38182,
        49.55312
       ],
       [
        6.38215,
        49.55391
       ],
       [
        6.38237,
        49.55444
       ],
       [
        6.38242,
        49.5546
       ],
       [
        6.38251,
        49.5552
       ],
       [
        6.38253,
        49.55611
       ],
       [
        6.38243,
        49.5568
       ],
       [
        6.38235,
        49.55712
       ],
       [
        6.38199,
        49.55783
       ],
       [
        6.38167,
        49.55833
       ],
       [
        6.38122,
        49.55872
       ],
       [
        6.38078,
        49.5591
       ],
       [
        6.37958,
        49.55982
       ],
       [
        6.37083,
        49.56419
       ],
       [
        6.36146,
        49.56891
       ],
       [
        6.36053,
        49.56946
       ],
       [
        6.35972,
        49.57016
       ],
       [
        6.35927,
        49.57084
       ],
       [
        6.35916,
        49.57145
       ],
       [
        6.35914,
        49.57209
       ],
       [
        6.35927,
        49.57274
       ],
       [
        6.35959,
        49.57328
       ],
       [
        6.3762,
        49.59317
       ],
       [
        6.37782,
        49.59479
       ],
       [
        6.37944,
        49.59615
       ],
       [
        6.38212,
        49.59836
       ],
       [
        6.38316,
        49.59909
       ],
       [
        6.38411,
        49.59951
       ],
       [
        6.38527,
        49.6
       ],
       [
        6.38547,
        49.60008
       ],
       [
        6.38814,
        49.60057
       ],
       [
        6.39001,
        49.60082
       ],
       [
        6.39199,
        49.60105
       ],
       [
        6.39319,
        49.60117
       ],
       [
        6.39436,
        49.60137
       ],
       [
        6.39525,
        49.60154
       ],
       [
        6.39682,
        49.60196
       ],
       [
        6.39852,
        49.60255
       ],
       [
        6.3994,
        49.60312
       ],
       [
        6.40028,
        49.60377
       ],
       [
        6.40138,
        49.6046
       ],
       [
        6.42018,
        49.61893
       ],
       [
        6.42072,
        49.61951
       ],
       [
        6.42102,
        49.61986
       ],
       [
        6.42141,
        49.62045
       ],
       [
        6.42258,
        49.62243
       ],
       [
        6.43906,
        49.65188
       ],
       [
        6.43941,
        49.65264
       ],
       [
        6.43973,
        49.65347
       ],
       [
        6.43992,
        49.65432
       ],
       [
        6.44013,
        49.65555
       ],
       [
        6.44007,
        49.65639
       ],
       [
        6.44001,
        49.65716
       ],
       [
        6.43991,
        49.658
       ],
       [
        6.43958,
        49.65858
       ],
       [
        6.43924,
        49.65903
       ],
       [
        6.4388,
        49.65941
       ],
       [
        6.43837,
        49.65972
       ],
       [
        6.43757,
        49.66002
       ],
       [
        6.43683,
        49.6602
       ],
       [
        6.43624,
        49.66032
       ],
       [
        6.43474,
        49.66038
       ],
       [
        6.43154,
        49.66015
       ],
       [
        6.43032,
        49.66008
       ],
       [
        6.42913,
        49.66007
       ],
       [
        6.4282,
        49.66024
       ],
       [
        6.42749,
        49.66044
       ],
       [
        6.42695,
        49.66075
       ],
       [
        6.42642,
        49.66118
       ],
       [
        6.42604,
        49.66167
       ],
       [
        6.42587,
        49.66216
       ],
       [
        6.42575,
        49.6626
       ],
       [
        6.42578,
        49.66303
       ],
       [
        6.42579,
        49.66309
       ],
       [
        6.42599,
        49.66387
       ],
       [
        6.42632,
        49.66456
       ],
       [
        6.42741,
        49.66604
       ],
       [
        6.42827,
        49.66691
       ],
       [
        6.42928,
        49.66791
       ],
       [
        6.43057,
        49.66889
       ],
       [
        6.43228,
        49.67
       ],
       [
        6.43341,
        49.67072
       ],
       [
        6.45103,
        49.6815
       ],
       [
        6.47306,
        49.69445
       ],
       [
        6.47608,
        49.69519
       ],
       [
        6.47726,
        49.69554
       ],
       [
        6.47811,
        49.6958
       ],
       [
        6.47864,
        49.69596
       ],
       [
        6.47959,
        49.69635
       ],
       [
        6.48075,
        49.69691
       ],
       [
        6.48176,
        49.69748
       ],
       [
        6.48246,
        49.69795
       ],
       [
        6.49976,
        49.7111
       ],
       [
        6.49854,
        49.72552
       ],
       [
        6.50126,
        49.74995
       ],
       [
        6.50134,
        49.75061
       ],
       [
        6.50161,
        49.7519
       ],
       [
        6.50197,
        49.75271
       ],
       [
        6.50232,
        49.75336
       ],
       [
        6.50287,
        49.75391
       ],
       [
        6.50385,
        49.75459
       ],
       [
        6.51689,
        49.76911
       ],
       [
        6.51138,
        49.79352
       ],
       [
        6.50555,
        49.80856
       ],
       [
        6.49805,
        49.81128
       ],
       [
        6.48214,
        49.81783
       ],
       [
        6.47552,
        49.82185
       ],
       [
        6.45457,
        49.8117
       ],
       [
        6.45312,
        49.81139
       ],
       [
        6.45303,
        49.81139
       ],
       [
        6.44514,
        49.81132
       ],
       [
        6.43076,
        49.81137
       ],
       [
        6.42948,
        49.81158
       ],
       [
        6.40483,
        49.81932
       ],
       [
        6.40222,
        49.82022
       ],
       [
        6.40105,
        49.8207
       ],
       [
        6.40023,
        49.82118
       ],
       [
        6.39878,
        49.82212
       ],
       [
        6.39724,
        49.82339
       ],
       [
        6.37759,
        49.84028
       ],
       [
        6.34111,
        49.84833
       ],
       [
        6.32315,
        49.85053
       ],
       [
        6.29323,
        49.87067
       ],
       [
        6.2622,
        49.88084
       ],
       [
        6.26123,
        49.88146
       ],
       [
        6.23676,
        49.898
       ],
       [
        6.23441,
        49.89958
       ],
       [
        6.23387,
        49.90017
       ],
       [
        6.23341,
        49.90083
       ],
       [
        6.22784,
        49.91003
       ],
       [
        6.22769,
        49.91041
       ],
       [
        6.22796,
        49.91099
       ],
       [
        6.22838,
        49.91122
       ],
       [
        6.22882,
        49.91135
       ],
       [
        6.22943,
        49.91151
       ],
       [
        6.23023,
        49.91162
       ],
       [
        6.22676,
        49.93671
       ],
       [
        6.22187,
        49.94912
       ],
       [
        6.20483,
        49.95482
       ],
       [
        6.18767,
        49.95666
       ],
       [
        6.18769,
        49.95613
       ],
       [
        6.18732,
        49.95574
       ],
       [
        6.18673,
        49.95534
       ],
       [
        6.18564,
        49.95486
       ],
       [
        6.18426,
        49.95427
       ],
       [
        6.18261,
        49.9537
       ],
       [
        6.18183,
        49.95354
       ],
       [
        6.18092,
        49.9535
       ],
       [
        6.1801,
        49.95359
       ],
       [
        6.17953,
        49.95375
       ],
       [
        6.17903,
        49.95403
       ],
       [
        6.1786,
        49.95447
       ],
       [
        6.1697,
        49.96439
       ],
       [
        6.16757,
        49.96725
       ],
       [
        6.14967,
        49.99449
       ],
       [
        6.1468,
        49.99895
       ],
       [
        6.1476,
        49.99993
       ],
       [
        6.14965,
        50.00355
       ],
       [
        6.15051,
        50.00539
       ],
       [
        6.15081,
        50.00635
       ],
       [
        6.15097,
        50.00714
       ],
       [
        6.15093,
        50.00789
       ],
       [
        6.1509,
        50.00815
       ],
       [
        6.14638,
        50.02294
       ],
       [
        6.14598,
        50.02377
       ],
       [
        6.13469,
        50.04106
       ],
       [
        6.13383,
        50.04232
       ],
       [
        6.13308,
        50.04332
       ],
       [
        6.13249,
        50.04398
       ],
       [
        6.11989,
        50.05663
       ],
       [
        6.11736,
        50.06545
       ],
       [
        6.13548,
        50.11185
       ],
       [
        6.13962,
        50.11841
       ],
       [
        6.14575,
        50.12815
       ],
       [
        6.14853,
        50.13254
       ],
       [
        6.15441,
        50.14187
       ],
       [
        6.15307,
        50.15003
       ],
       [
        6.14746,
        50.15946
       ],
       [
        6.14156,
        50.16641
       ],
       [
        6.14108,
        50.16723
       ],
       [
        6.14093,
        50.16802
       ],
       [
        6.14121,
        50.16864
       ],
       [
        6.14538,
        50.17575
       ],
       [
        6.14601,
        50.17669
       ],
       [
        6.14734,
        50.17842
       ],
       [
        6.16938,
        50.17931
       ],
       [
        6.17537,
        50.17869
       ],
       [
        6.18135,
        50.17806
       ],
       [
        6.18306,
        50.17798
       ],
       [
        6.18507,
        50.17826
       ],
       [
        6.18675,
        50.1788
       ],
       [
        6.19204,
        50.18158
       ],
       [
        6.1921,
        50.18162
       ],
       [
        6.18822,
        50.20486
       ],
       [
        6.17702,
        50.21647
       ],
       [
        6.17615,
        50.21716
       ],
       [
        6.17512,
        50.21776
       ],
       [
        6.17399,
        50.2182
       ],
       [
        6.17206,
        50.21856
       ],
       [
        6.17085,
        50.21863
       ],
       [
        6.17065,
        50.21864
       ],
       [
        6.16944,
        50.21872
       ],
       [
        6.16839,
        50.21893
       ],
       [
        6.16778,
        50.21916
       ],
       [
        6.16751,
        50.21966
       ],
       [
        6.16739,
        50.22025
       ],
       [
        6.16752,
        50.22204
       ],
       [
        6.16762,
        50.22295
       ],
       [
        6.16783,
        50.22364
       ],
       [
        6.17507,
        50.23353
       ],
       [
        6.17614,
        50.23463
       ],
       [
        6.17691,
        50.23514
       ],
       [
        6.20884,
        50.25354
       ],
       [
        6.21506,
        50.25562
       ],
       [
        6.23701,
        50.26194
       ],
       [
        6.25919,
        50.26722
       ],
       [
        6.28699,
        50.28251
       ],
       [
        6.28619,
        50.28334
       ],
       [
        6.28555,
        50.28451
       ],
       [
        6.28556,
        50.28563
       ],
       [
        6.28669,
        50.29391
       ],
       [
        6.30621,
        50.31925
       ],
       [
        6.32746,
        50.32399
       ],
       [
        6.33321,
        50.32317
       ],
       [
        6.33891,
        50.31729
       ],
       [
        6.34107,
        50.31527
       ],
       [
        6.35578,
        50.30793
       ],
       [
        6.36281,
        50.30558
       ],
       [
        6.37554,
        50.3133
       ],
       [
        6.3762,
        50.31388
       ],
       [
        6.38262,
        50.32139
       ],
       [
        6.40389,
        50.32327
       ],
       [
        6.42663,
        50.3227
       ],
       [
        6.41541,
        50.33233
       ],
       [
        6.40392,
        50.3457
       ],
       [
        6.3895,
        50.37138
       ],
       [
        6.38522,
        50.38383
       ],
       [
        6.38549,
        50.38425
       ],
       [
        6.39728,
        50.38635
       ],
       [
        6.41198,
        50.38887
       ],
       [
        6.44902,
        50.37179
       ],
       [
        6.46081,
        50.36088
       ],
       [
        6.45747,
        50.34753
       ],
       [
        6.45004,
        50.33886
       ],
       [
        6.45198,
        50.33532
       ],
       [
        6.48454,
        50.33803
       ],
       [
        6.48819,
        50.34023
       ],
       [
        6.50407,
        50.35165
       ],
       [
        6.51233,
        50.3597
       ],
       [
        6.5292,
        50.36929
       ],
       [
        6.60389,
        50.38748
       ],
       [
        6.6243,
        50.3749
       ],
       [
        6.6266,
        50.37193
       ],
       [
        6.62344,
        50.36101
       ],
       [
        6.62159,
        50.35462
       ],
       [
        6.63656,
        50.3448
       ],
       [
        6.65032,
        50.34794
       ],
       [
        6.65675,
        50.35655
       ],
       [
        6.65544,
        50.3677
       ],
       [
        6.65613,
        50.36811
       ],
       [
        6.6572,
        50.36867
       ],
       [
        6.65986,
        50.36972
       ],
       [
        6.66095,
        50.37011
       ],
       [
        6.66236,
        50.3705
       ],
       [
        6.66512,
        50.37119
       ],
       [
        6.66827,
        50.37197
       ],
       [
        6.68587,
        50.35835
       ],
       [
        6.6958,
        50.3463
       ],
       [
        6.73158,
        50.35148
       ],
       [
        6.77925,
        50.36246
       ],
       [
        6.78279,
        50.36309
       ],
       [
        6.80251,
        50.36202
       ],
       [
        6.80027,
        50.36344
       ],
       [
        6.78529,
        50.37546
       ],
       [
        6.76985,
        50.39249
       ],
       [
        6.76989,
        50.39645
       ],
       [
        6.77312,
        50.39994
       ],
       [
        6.77915,
        50.40517
       ],
       [
        6.78432,
        50.42091
       ],
       [
        6.76878,
        50.4317
       ],
       [
        6.74392,
        50.46759
       ],
       [
        6.74412,
        50.47247
       ],
       [
        6.77061,
        50.48558
       ],
       [
        6.80073,
        50.49131
       ],
       [
        6.80668,
        50.48764
       ],
       [
        6.80801,
        50.48091
       ],
       [
        6.81252,
        50.4715
       ],
       [
        6.85518,
        50.45301
       ],
       [
        6.85765,
        50.45278
       ],
       [
        6.85909,
        50.45296
       ],
       [
        6.90089,
        50.46833
       ],
       [
        6.90428,
        50.48299
       ],
       [
        6.90545,
        50.49997
       ],
       [
        6.90531,
        50.50183
       ],
       [
        6.90115,
        50.50454
       ],
       [
        6.88871,
        50.50712
       ],
       [
        6.8837,
        50.52306
       ],
       [
        6.88292,
        50.52579
       ],
       [
        6.88409,
        50.52819
       ],
       [
        6.88599,
        50.52914
       ],
       [
        6.9,
        50.53064
       ],
       [
        6.92318,
        50.55326
       ],
       [
        6.92749,
        50.55916
       ],
       [
        6.93784,
        50.56066
       ],
       [
        6.96183,
        50.556
       ],
       [
        6.97393,
        50.5556
       ],
       [
        6.99957,
        50.56519
       ],
       [
        7.00242,
        50.567
       ],
       [
        7.01301,
        50.57564
       ],
       [
        7.02348,
        50.58549
       ],
       [
        7.03644,
        50.59555
       ],
       [
        7.04918,
        50.60437
       ],
       [
        7.05621,
        50.60632
       ],
       [
        7.06641,
        50.60058
       ],
       [
        7.06661,
        50.59978
       ],
       [
        7.06815,
        50.59374
       ],
       [
        7.08471,
        50.58628
       ],
       [
        7.09407,
        50.58583
       ],
       [
        7.10293,
        50.59015
       ],
       [
        7.11172,
        50.60438
       ],
       [
        7.11246,
        50.60599
       ],
       [
        7.12643,
        50.60586
       ],
       [
        7.14101,
        50.60063
       ],
       [
        7.14725,
        50.60037
       ],
       [
        7.17347,
        50.61277
       ],
       [
        7.18387,
        50.623
       ],
       [
        7.18891,
        50.62879
       ],
       [
        7.19543,
        50.64337
       ],
       [
        7.21189,
        50.64903
       ],
       [
        7.21185,
        50.62497
       ],
       [
        7.2288,
        50.62741
       ],
       [
        7.24003,
        50.62901
       ],
       [
        7.24013,
        50.62901
       ],
       [
        7.25173,
        50.62689
       ],
       [
        7.254,
        50.62516
       ],
       [
        7.25494,
        50.62464
       ],
       [
        7.25582,
        50.62442
       ],
       [
        7.25692,
        50.62448
       ],
       [
        7.27083,
        50.62625
       ],
       [
        7.29511,
        50.63141
       ],
       [
        7.32568,
        50.63985
       ],
       [
        7.33554,
        50.64273
       ],
       [
        7.35936,
        50.64986
       ],
       [
        7.36929,
        50.67273
       ],
       [
        7.36958,
        50.68324
       ],
       [
        7.36765,
        50.69723
       ],
       [
        7.36636,
        50.69736
       ],
       [
        7.36315,
        50.69766
       ],
       [
        7.36049,
        50.69776
       ],
       [
        7.36029,
        50.69776
       ],
       [
        7.3591,
        50.69783
       ],
       [
        7.36643,
        50.70983
       ],
       [
        7.36958,
        50.71494
       ],
       [
        7.37243,
        50.71771
       ],
       [
        7.37414,
        50.71858
       ],
       [
        7.378,
        50.71625
       ],
       [
        7.38112,
        50.71664
       ],
       [
        7.3995,
        50.71818
       ],
       [
        7.41032,
        50.71891
       ],
       [
        7.42511,
        50.71022
       ],
       [
        7.42924,
        50.71021
       ],
       [
        7.43722,
        50.71021
       ],
       [
        7.45721,
        50.71845
       ],
       [
        7.47897,
        50.71842
       ],
       [
        7.51995,
        50.73394
       ],
       [
        7.54926,
        50.74653
       ],
       [
        7.56381,
        50.74323
       ],
       [
        7.58511,
        50.73747
       ],
       [
        7.59278,
        50.74133
       ],
       [
        7.59388,
        50.74189
       ],
       [
        7.59416,
        50.74232
       ],
       [
        7.59392,
        50.7492
       ],
       [
        7.5931,
        50.75526
       ],
       [
        7.59279,
        50.75592
       ],
       [
        7.5929,
        50.75657
       ],
       [
        7.59313,
        50.75722
       ],
       [
        7.60084,
        50.76552
       ],
       [
        7.60146,
        50.76578
       ],
       [
        7.6169,
        50.76929
       ],
       [
        7.63782,
        50.77014
       ],
       [
        7.6466,
        50.77012
       ],
       [
        7.65747,
        50.76833
       ],
       [
        7.65878,
        50.76826
       ],
       [
        7.65966,
        50.76828
       ],
       [
        7.66082,
        50.76842
       ],
       [
        7.66193,
        50.76876
       ],
       [
        7.66263,
        50.76916
       ],
       [
        7.68061,
        50.78
       ],
       [
        7.682,
        50.79013
       ],
       [
        7.68175,
        50.7965
       ],
       [
        7.67582,
        50.80735
       ],
       [
        7.67199,
        50.81215
       ],
       [
        7.66104,
        50.82039
       ],
       [
        7.6751,
        50.81897
       ],
       [
        7.69927,
        50.82558
       ],
       [
        7.74631,
        50.84663
       ],
       [
        7.75423,
        50.86535
       ],
       [
        7.75391,
        50.87578
       ],
       [
        7.74686,
        50.90521
       ],
       [
        7.75028,
        50.91914
       ],
       [
        7.77596,
        50.92955
       ],
       [
        7.78621,
        50.94044
       ],
       [
        7.8286,
        50.92887
       ],
       [
        7.85001,
        50.92484
       ],
       [
        7.83368,
        50.90741
       ],
       [
        7.82785,
        50.89068
       ],
       [
        7.82929,
        50.88314
       ],
       [
        7.83764,
        50.88095
       ],
       [
        7.84657,
        50.87861
       ]
      ]
     ]
    ]
   }
  },
  {
   "type": "Feature",
   "properties": {
    "key": "bw",
    "name": "Baden-Württemberg",
    "bez": "Land",
    "ars": "08",
    "nuts": "DE1",
    "status": "lidar+alkis",
    "lidar_dgm1": true,
    "lidar_las": false,
    "lidar_script": "download_bw_lidar.sh",
    "lidar_bbox": true,
    "lidar_note": null,
    "alkis": "full",
    "alkis_engine": "aria2",
    "alkis_spatial": "gemarkung",
    "sample_bbox": "476,5471,481,5476",
    "sample_epsg": 25832,
    "sample_place": "Heidelberg"
   },
   "geometry": {
    "type": "MultiPolygon",
    "coordinates": [
     [
      [
       [
        8.66981,
        47.68563
       ],
       [
        8.66567,
        47.68554
       ],
       [
        8.66405,
        47.68574
       ],
       [
        8.66012,
        47.68987
       ],
       [
        8.65994,
        47.69025
       ],
       [
        8.65994,
        47.69096
       ],
       [
        8.66001,
        47.69123
       ],
       [
        8.67364,
        47.70507
       ],
       [
        8.68995,
        47.71184
       ],
       [
        8.7031,
        47.71465
       ],
       [
        8.71182,
        47.70114
       ],
       [
        8.70529,
        47.69035
       ],
       [
        8.67242,
        47.68594
       ],
       [
        8.66981,
        47.68563
       ]
      ]
     ],
     [
      [
       [
        9.64634,
        49.77782
       ],
       [
        9.63806,
        49.75499
       ],
       [
        9.63848,
        49.75286
       ],
       [
        9.63611,
        49.73227
       ],
       [
        9.63249,
        49.71675
       ],
       [
        9.62634,
        49.70702
       ],
       [
        9.62558,
        49.7031
       ],
       [
        9.63302,
        49.69777
       ],
       [
        9.65294,
        49.68741
       ],
       [
        9.67531,
        49.69339
       ],
       [
        9.67638,
        49.7032
       ],
       [
        9.67774,
        49.71647
       ],
       [
        9.70952,
        49.72732
       ],
       [
        9.71111,
        49.72678
       ],
       [
        9.7138,
        49.72026
       ],
       [
        9.7142,
        49.71109
       ],
       [
        9.71507,
        49.70901
       ],
       [
        9.72755,
        49.68731
       ],
       [
        9.73563,
        49.68749
       ],
       [
        9.74984,
        49.69547
       ],
       [
        9.75119,
        49.69951
       ],
       [
        9.75121,
        49.69957
       ],
       [
        9.75075,
        49.70324
       ],
       [
        9.75266,
        49.70964
       ],
       [
        9.75284,
        49.71018
       ],
       [
        9.76848,
        49.719
       ],
       [
        9.79068,
        49.73047
       ],
       [
        9.79589,
        49.72709
       ],
       [
        9.8314,
        49.70307
       ],
       [
        9.84013,
        49.68329
       ],
       [
        9.84035,
        49.68176
       ],
       [
        9.83246,
        49.68066
       ],
       [
        9.8312,
        49.67953
       ],
       [
        9.82433,
        49.67294
       ],
       [
        9.82232,
        49.66637
       ],
       [
        9.83156,
        49.64919
       ],
       [
        9.83418,
        49.64694
       ],
       [
        9.83755,
        49.64565
       ],
       [
        9.84183,
        49.64465
       ],
       [
        9.8543,
        49.64338
       ],
       [
        9.86359,
        49.62934
       ],
       [
        9.86668,
        49.62314
       ],
       [
        9.86719,
        49.61939
       ],
       [
        9.86742,
        49.60782
       ],
       [
        9.84837,
        49.57748
       ],
       [
        9.83821,
        49.56925
       ],
       [
        9.8093,
        49.5569
       ],
       [
        9.81165,
        49.55508
       ],
       [
        9.84345,
        49.54738
       ],
       [
        9.8591,
        49.5463
       ],
       [
        9.86607,
        49.55528
       ],
       [
        9.86471,
        49.56746
       ],
       [
        9.87518,
        49.57818
       ],
       [
        9.89935,
        49.58588
       ],
       [
        9.91217,
        49.58529
       ],
       [
        9.92479,
        49.55962
       ],
       [
        9.92658,
        49.54905
       ],
       [
        9.92613,
        49.5357
       ],
       [
        9.92487,
        49.50866
       ],
       [
        9.92467,
        49.50749
       ],
       [
        9.91605,
        49.4997
       ],
       [
        9.91355,
        49.493
       ],
       [
        9.92977,
        49.4842
       ],
       [
        9.95515,
        49.48105
       ],
       [
        10.01061,
        49.48338
       ],
       [
        10.01388,
        49.48385
       ],
       [
        10.01752,
        49.48502
       ],
       [
        10.01893,
        49.48551
       ],
       [
        10.06044,
        49.51885
       ],
       [
        10.06023,
        49.51937
       ],
       [
        10.05119,
        49.52065
       ],
       [
        10.04286,
        49.52482
       ],
       [
        10.03799,
        49.52847
       ],
       [
        10.03758,
        49.52921
       ],
       [
        10.06928,
        49.54475
       ],
       [
        10.08376,
        49.54332
       ],
       [
        10.09163,
        49.53101
       ],
       [
        10.0775,
        49.52571
       ],
       [
        10.07698,
        49.52005
       ],
       [
        10.08402,
        49.51206
       ],
       [
        10.11718,
        49.50324
       ],
       [
        10.11588,
        49.47832
       ],
       [
        10.11828,
        49.47204
       ],
       [
        10.10464,
        49.46266
       ],
       [
        10.09716,
        49.45673
       ],
       [
        10.09456,
        49.44658
       ],
       [
        10.11115,
        49.43946
       ],
       [
        10.118,
        49.443
       ],
       [
        10.13292,
        49.43709
       ],
       [
        10.16152,
        49.39496
       ],
       [
        10.16057,
        49.39007
       ],
       [
        10.14459,
        49.38369
       ],
       [
        10.12625,
        49.38784
       ],
       [
        10.11189,
        49.38467
       ],
       [
        10.10769,
        49.37914
       ],
       [
        10.10293,
        49.34434
       ],
       [
        10.10498,
        49.33844
       ],
       [
        10.11014,
        49.32908
       ],
       [
        10.12037,
        49.32531
       ],
       [
        10.13894,
        49.3268
       ],
       [
        10.14286,
        49.32051
       ],
       [
        10.14548,
        49.31622
       ],
       [
        10.1321,
        49.30527
       ],
       [
        10.13251,
        49.30155
       ],
       [
        10.13482,
        49.29614
       ],
       [
        10.13811,
        49.29173
       ],
       [
        10.14252,
        49.28748
       ],
       [
        10.15292,
        49.28033
       ],
       [
        10.14882,
        49.26936
       ],
       [
        10.13426,
        49.26291
       ],
       [
        10.12028,
        49.24774
       ],
       [
        10.12441,
        49.20092
       ],
       [
        10.12937,
        49.19525
       ],
       [
        10.14232,
        49.19561
       ],
       [
        10.15542,
        49.19297
       ],
       [
        10.2252,
        49.16121
       ],
       [
        10.24821,
        49.14859
       ],
       [
        10.25469,
        49.13714
       ],
       [
        10.25529,
        49.13165
       ],
       [
        10.25133,
        49.12604
       ],
       [
        10.24721,
        49.12676
       ],
       [
        10.22556,
        49.11993
       ],
       [
        10.20494,
        49.09804
       ],
       [
        10.20819,
        49.09614
       ],
       [
        10.21337,
        49.09445
       ],
       [
        10.22715,
        49.0903
       ],
       [
        10.22976,
        49.08971
       ],
       [
        10.23845,
        49.09206
       ],
       [
        10.25053,
        49.09221
       ],
       [
        10.26324,
        49.06117
       ],
       [
        10.25696,
        49.05928
       ],
       [
        10.25226,
        49.04919
       ],
       [
        10.24991,
        49.0425
       ],
       [
        10.25051,
        49.03977
       ],
       [
        10.2525,
        49.03905
       ],
       [
        10.26581,
        49.04507
       ],
       [
        10.33398,
        49.03188
       ],
       [
        10.34912,
        49.02793
       ],
       [
        10.3818,
        48.99924
       ],
       [
        10.41045,
        48.97717
       ],
       [
        10.4035,
        48.97529
       ],
       [
        10.40204,
        48.97393
       ],
       [
        10.4039,
        48.96677
       ],
       [
        10.40916,
        48.96673
       ],
       [
        10.42491,
        48.96082
       ],
       [
        10.44339,
        48.9454
       ],
       [
        10.45134,
        48.93862
       ],
       [
        10.45681,
        48.92055
       ],
       [
        10.45699,
        48.91677
       ],
       [
        10.45368,
        48.85999
       ],
       [
        10.44811,
        48.81307
       ],
       [
        10.43359,
        48.77602
       ],
       [
        10.42977,
        48.77098
       ],
       [
        10.42087,
        48.77267
       ],
       [
        10.41728,
        48.74816
       ],
       [
        10.42088,
        48.74628
       ],
       [
        10.42412,
        48.7446
       ],
       [
        10.43859,
        48.73817
       ],
       [
        10.46322,
        48.72163
       ],
       [
        10.47377,
        48.71277
       ],
       [
        10.48086,
        48.70591
       ],
       [
        10.48703,
        48.69679
       ],
       [
        10.49182,
        48.68613
       ],
       [
        10.46496,
        48.67066
       ],
       [
        10.4498,
        48.66609
       ],
       [
        10.41072,
        48.6612
       ],
       [
        10.40828,
        48.66764
       ],
       [
        10.42478,
        48.6806
       ],
       [
        10.43483,
        48.68702
       ],
       [
        10.43772,
        48.69109
       ],
       [
        10.43732,
        48.69394
       ],
       [
        10.43711,
        48.69481
       ],
       [
        10.43516,
        48.69644
       ],
       [
        10.43198,
        48.69813
       ],
       [
        10.41361,
        48.69872
       ],
       [
        10.4078,
        48.69829
       ],
       [
        10.39267,
        48.68854
       ],
       [
        10.39163,
        48.68686
       ],
       [
        10.39148,
        48.68568
       ],
       [
        10.39208,
        48.67898
       ],
       [
        10.38954,
        48.66762
       ],
       [
        10.3629,
        48.65382
       ],
       [
        10.35225,
        48.65433
       ],
       [
        10.34723,
        48.66588
       ],
       [
        10.35023,
        48.66591
       ],
       [
        10.35194,
        48.66627
       ],
       [
        10.34755,
        48.67736
       ],
       [
        10.34636,
        48.67906
       ],
       [
        10.33847,
        48.68699
       ],
       [
        10.33484,
        48.68976
       ],
       [
        10.33271,
        48.69054
       ],
       [
        10.33006,
        48.69093
       ],
       [
        10.3281,
        48.69093
       ],
       [
        10.32592,
        48.69062
       ],
       [
        10.30955,
        48.68787
       ],
       [
        10.30398,
        48.68582
       ],
       [
        10.29269,
        48.69249
       ],
       [
        10.27745,
        48.70171
       ],
       [
        10.26905,
        48.70344
       ],
       [
        10.2565,
        48.68052
       ],
       [
        10.25421,
        48.66482
       ],
       [
        10.25527,
        48.66352
       ],
       [
        10.26876,
        48.64716
       ],
       [
        10.2946,
        48.63037
       ],
       [
        10.32267,
        48.60902
       ],
       [
        10.31955,
        48.60387
       ],
       [
        10.30882,
        48.60502
       ],
       [
        10.30158,
        48.60513
       ],
       [
        10.29682,
        48.60398
       ],
       [
        10.2939,
        48.59011
       ],
       [
        10.30636,
        48.58338
       ],
       [
        10.31042,
        48.57674
       ],
       [
        10.31473,
        48.55569
       ],
       [
        10.31377,
        48.52642
       ],
       [
        10.31214,
        48.523
       ],
       [
        10.29763,
        48.51698
       ],
       [
        10.27622,
        48.51603
       ],
       [
        10.23073,
        48.5103
       ],
       [
        10.23372,
        48.50541
       ],
       [
        10.24055,
        48.49184
       ],
       [
        10.23542,
        48.48851
       ],
       [
        10.21804,
        48.48851
       ],
       [
        10.18582,
        48.477
       ],
       [
        10.17478,
        48.46948
       ],
       [
        10.15823,
        48.4582
       ],
       [
        10.13433,
        48.45498
       ],
       [
        10.12767,
        48.45615
       ],
       [
        10.11847,
        48.47037
       ],
       [
        10.10015,
        48.47089
       ],
       [
        10.08711,
        48.46439
       ],
       [
        10.07294,
        48.46035
       ],
       [
        10.06206,
        48.45787
       ],
       [
        10.05684,
        48.45731
       ],
       [
        10.05142,
        48.45719
       ],
       [
        10.03432,
        48.45801
       ],
       [
        10.03064,
        48.45279
       ],
       [
        10.02806,
        48.43715
       ],
       [
        10.02934,
        48.43513
       ],
       [
        10.02812,
        48.42405
       ],
       [
        9.99186,
        48.39391
       ],
       [
        9.9714,
        48.37992
       ],
       [
        9.97135,
        48.37987
       ],
       [
        9.96974,
        48.37835
       ],
       [
        9.9686,
        48.37704
       ],
       [
        9.96749,
        48.3754
       ],
       [
        9.96725,
        48.37392
       ],
       [
        9.96768,
        48.37221
       ],
       [
        9.96886,
        48.37062
       ],
       [
        9.97899,
        48.36189
       ],
       [
        9.97999,
        48.36158
       ],
       [
        9.9816,
        48.36147
       ],
       [
        9.98415,
        48.362
       ],
       [
        9.98528,
        48.36258
       ],
       [
        9.98544,
        48.36334
       ],
       [
        9.98279,
        48.36753
       ],
       [
        9.98281,
        48.36761
       ],
       [
        9.98321,
        48.36848
       ],
       [
        9.9882,
        48.37033
       ],
       [
        9.9894,
        48.37009
       ],
       [
        9.99029,
        48.36981
       ],
       [
        9.99116,
        48.3691
       ],
       [
        9.99236,
        48.368
       ],
       [
        9.99285,
        48.36756
       ],
       [
        9.9947,
        48.36072
       ],
       [
        9.99574,
        48.35075
       ],
       [
        10.01221,
        48.33129
       ],
       [
        10.04426,
        48.29291
       ],
       [
        10.063,
        48.26989
       ],
       [
        10.06196,
        48.25782
       ],
       [
        10.06222,
        48.24413
       ],
       [
        10.06318,
        48.23467
       ],
       [
        10.06348,
        48.23377
       ],
       [
        10.06792,
        48.22353
       ],
       [
        10.06844,
        48.22289
       ],
       [
        10.08483,
        48.19306
       ],
       [
        10.0976,
        48.16208
       ],
       [
        10.10165,
        48.15222
       ],
       [
        10.11144,
        48.12903
       ],
       [
        10.11246,
        48.12736
       ],
       [
        10.11529,
        48.12277
       ],
       [
        10.11606,
        48.12173
       ],
       [
        10.11726,
        48.12063
       ],
       [
        10.13586,
        48.10776
       ],
       [
        10.13689,
        48.10629
       ],
       [
        10.13714,
        48.10545
       ],
       [
        10.13941,
        48.09558
       ],
       [
        10.1428,
        48.07553
       ],
       [
        10.1433,
        48.06365
       ],
       [
        10.14262,
        48.05591
       ],
       [
        10.14198,
        48.05214
       ],
       [
        10.14125,
        48.0495
       ],
       [
        10.13674,
        48.0387
       ],
       [
        10.13202,
        48.03733
       ],
       [
        10.12617,
        48.03514
       ],
       [
        10.12605,
        48.03319
       ],
       [
        10.12676,
        48.03163
       ],
       [
        10.12761,
        48.03058
       ],
       [
        10.1368,
        48.02333
       ],
       [
        10.13217,
        48.01437
       ],
       [
        10.12737,
        48.01098
       ],
       [
        10.12584,
        48.00959
       ],
       [
        10.12005,
        48.00433
       ],
       [
        10.11973,
        48.00342
       ],
       [
        10.11484,
        47.98906
       ],
       [
        10.11555,
        47.97564
       ],
       [
        10.10592,
        47.97445
       ],
       [
        10.09518,
        47.97182
       ],
       [
        10.09308,
        47.97111
       ],
       [
        10.09126,
        47.97006
       ],
       [
        10.0899,
        47.96902
       ],
       [
        10.08883,
        47.96768
       ],
       [
        10.08795,
        47.96603
       ],
       [
        10.08733,
        47.96485
       ],
       [
        10.08692,
        47.96362
       ],
       [
        10.08676,
        47.9616
       ],
       [
        10.0873,
        47.95252
       ],
       [
        10.08782,
        47.9507
       ],
       [
        10.08899,
        47.94881
       ],
       [
        10.08985,
        47.94747
       ],
       [
        10.09136,
        47.94589
       ],
       [
        10.09327,
        47.94467
       ],
       [
        10.09509,
        47.94365
       ],
       [
        10.09709,
        47.94282
       ],
       [
        10.11028,
        47.9378
       ],
       [
        10.11101,
        47.937
       ],
       [
        10.11112,
        47.93677
       ],
       [
        10.1115,
        47.93573
       ],
       [
        10.11152,
        47.93426
       ],
       [
        10.10494,
        47.88303
       ],
       [
        10.08436,
        47.86923
       ],
       [
        10.10967,
        47.84014
       ],
       [
        10.12548,
        47.82286
       ],
       [
        10.13207,
        47.82011
       ],
       [
        10.13367,
        47.81498
       ],
       [
        10.1108,
        47.80595
       ],
       [
        10.08639,
        47.79667
       ],
       [
        10.07011,
        47.78902
       ],
       [
        10.07588,
        47.78043
       ],
       [
        10.08303,
        47.7721
       ],
       [
        10.11885,
        47.76117
       ],
       [
        10.11927,
        47.76043
       ],
       [
        10.11779,
        47.74996
       ],
       [
        10.11761,
        47.74917
       ],
       [
        10.11382,
        47.74158
       ],
       [
        10.11367,
        47.74053
       ],
       [
        10.1167,
        47.72084
       ],
       [
        10.11725,
        47.71952
       ],
       [
        10.12007,
        47.71458
       ],
       [
        10.12106,
        47.71329
       ],
       [
        10.12509,
        47.71038
       ],
       [
        10.1283,
        47.70848
       ],
       [
        10.13137,
        47.70715
       ],
       [
        10.13871,
        47.70393
       ],
       [
        10.14004,
        47.69922
       ],
       [
        10.13046,
        47.67692
       ],
       [
        10.12284,
        47.67324
       ],
       [
        10.10934,
        47.66741
       ],
       [
        10.09317,
        47.6645
       ],
       [
        10.08014,
        47.6546
       ],
       [
        10.07683,
        47.63947
       ],
       [
        10.07413,
        47.64062
       ],
       [
        10.07174,
        47.6438
       ],
       [
        10.07187,
        47.65034
       ],
       [
        10.07515,
        47.65828
       ],
       [
        10.06408,
        47.67478
       ],
       [
        10.05868,
        47.68047
       ],
       [
        10.02742,
        47.68571
       ],
       [
        10.00439,
        47.68205
       ],
       [
        10.00284,
        47.68165
       ],
       [
        9.98944,
        47.67496
       ],
       [
        9.98235,
        47.66821
       ],
       [
        9.97789,
        47.66151
       ],
       [
        9.97594,
        47.65682
       ],
       [
        9.97032,
        47.65354
       ],
       [
        9.95931,
        47.65229
       ],
       [
        9.95847,
        47.65221
       ],
       [
        9.93026,
        47.65395
       ],
       [
        9.9276,
        47.65467
       ],
       [
        9.89621,
        47.66392
       ],
       [
        9.89509,
        47.66433
       ],
       [
        9.88867,
        47.66667
       ],
       [
        9.88731,
        47.66749
       ],
       [
        9.88489,
        47.66939
       ],
       [
        9.88415,
        47.67022
       ],
       [
        9.88331,
        47.67187
       ],
       [
        9.88288,
        47.67233
       ],
       [
        9.88158,
        47.67299
       ],
       [
        9.87947,
        47.6738
       ],
       [
        9.87477,
        47.67511
       ],
       [
        9.87418,
        47.67523
       ],
       [
        9.85217,
        47.67861
       ],
       [
        9.84415,
        47.6777
       ],
       [
        9.84331,
        47.67755
       ],
       [
        9.83427,
        47.67373
       ],
       [
        9.83299,
        47.67315
       ],
       [
        9.83164,
        47.67232
       ],
       [
        9.83035,
        47.67136
       ],
       [
        9.82965,
        47.67058
       ],
       [
        9.82904,
        47.66948
       ],
       [
        9.82863,
        47.66804
       ],
       [
        9.82805,
        47.66186
       ],
       [
        9.82751,
        47.65817
       ],
       [
        9.82707,
        47.65744
       ],
       [
        9.82608,
        47.65651
       ],
       [
        9.8171,
        47.65002
       ],
       [
        9.7469,
        47.60357
       ],
       [
        9.70593,
        47.60146
       ],
       [
        9.69955,
        47.60251
       ],
       [
        9.69421,
        47.60526
       ],
       [
        9.69212,
        47.61051
       ],
       [
        9.65704,
        47.61213
       ],
       [
        9.65624,
        47.61203
       ],
       [
        9.65582,
        47.61178
       ],
       [
        9.64088,
        47.60105
       ],
       [
        9.63365,
        47.59374
       ],
       [
        9.60227,
        47.58412
       ],
       [
        9.60126,
        47.58538
       ],
       [
        9.59998,
        47.58643
       ],
       [
        9.59851,
        47.5872
       ],
       [
        9.59682,
        47.58761
       ],
       [
        9.59481,
        47.58778
       ],
       [
        9.59448,
        47.5878
       ],
       [
        9.59376,
        47.58778
       ],
       [
        9.59182,
        47.5877
       ],
       [
        9.59172,
        47.58769
       ],
       [
        9.57937,
        47.58583
       ],
       [
        9.57797,
        47.58554
       ],
       [
        9.57709,
        47.58519
       ],
       [
        9.57702,
        47.58516
       ],
       [
        9.57553,
        47.58457
       ],
       [
        9.57405,
        47.58418
       ],
       [
        9.57117,
        47.58402
       ],
       [
        9.56213,
        47.5844
       ],
       [
        9.5614,
        47.58449
       ],
       [
        9.55356,
        47.58691
       ],
       [
        9.54811,
        47.58881
       ],
       [
        9.54743,
        47.5892
       ],
       [
        9.53586,
        47.5968
       ],
       [
        9.52992,
        47.60319
       ],
       [
        9.52861,
        47.60496
       ],
       [
        9.51839,
        47.62034
       ],
       [
        9.51749,
        47.62186
       ],
       [
        9.5156,
        47.62902
       ],
       [
        9.51549,
        47.62999
       ],
       [
        9.51145,
        47.63559
       ],
       [
        9.50214,
        47.64526
       ],
       [
        9.50068,
        47.64647
       ],
       [
        9.49482,
        47.64951
       ],
       [
        9.49095,
        47.6505
       ],
       [
        9.48908,
        47.65066
       ],
       [
        9.487,
        47.65046
       ],
       [
        9.44806,
        47.65542
       ],
       [
        9.42034,
        47.66533
       ],
       [
        9.41862,
        47.66574
       ],
       [
        9.41739,
        47.66604
       ],
       [
        9.40364,
        47.66792
       ],
       [
        9.40132,
        47.66822
       ],
       [
        9.39773,
        47.66819
       ],
       [
        9.39309,
        47.66738
       ],
       [
        9.36076,
        47.66174
       ],
       [
        9.35883,
        47.66122
       ],
       [
        9.35794,
        47.66103
       ],
       [
        9.35461,
        47.66054
       ],
       [
        9.3514,
        47.66077
       ],
       [
        9.34771,
        47.66164
       ],
       [
        9.3476,
        47.66166
       ],
       [
        9.31277,
        47.67278
       ],
       [
        9.31043,
        47.67358
       ],
       [
        9.26354,
        47.69354
       ],
       [
        9.2583,
        47.6965
       ],
       [
        9.25194,
        47.70015
       ],
       [
        9.24578,
        47.70415
       ],
       [
        9.24219,
        47.70664
       ],
       [
        9.23164,
        47.71626
       ],
       [
        9.22934,
        47.71909
       ],
       [
        9.22721,
        47.72215
       ],
       [
        9.22616,
        47.72469
       ],
       [
        9.22586,
        47.72602
       ],
       [
        9.22556,
        47.72736
       ],
       [
        9.2257,
        47.73276
       ],
       [
        9.22591,
        47.7354
       ],
       [
        9.22566,
        47.73701
       ],
       [
        9.2249,
        47.73818
       ],
       [
        9.22341,
        47.73958
       ],
       [
        9.21989,
        47.74145
       ],
       [
        9.21826,
        47.74226
       ],
       [
        9.2166,
        47.74307
       ],
       [
        9.21362,
        47.74446
       ],
       [
        9.15675,
        47.76511
       ],
       [
        9.15364,
        47.76604
       ],
       [
        9.15151,
        47.76652
       ],
       [
        9.14917,
        47.76683
       ],
       [
        9.14794,
        47.76682
       ],
       [
        9.14125,
        47.76672
       ],
       [
        9.12548,
        47.7803
       ],
       [
        9.1081,
        47.78989
       ],
       [
        9.09638,
        47.79348
       ],
       [
        9.06967,
        47.80641
       ],
       [
        9.06421,
        47.81248
       ],
       [
        9.06332,
        47.81322
       ],
       [
        9.06304,
        47.81346
       ],
       [
        9.06114,
        47.81401
       ],
       [
        9.04121,
        47.81671
       ],
       [
        9.04025,
        47.81666
       ],
       [
        9.03953,
        47.8165
       ],
       [
        9.03508,
        47.81196
       ],
       [
        9.03192,
        47.80838
       ],
       [
        9.03156,
        47.80738
       ],
       [
        9.0316,
        47.80614
       ],
       [
        9.03188,
        47.80524
       ],
       [
        9.03281,
        47.80414
       ],
       [
        9.03381,
        47.80339
       ],
       [
        9.06918,
        47.7783
       ],
       [
        9.07491,
        47.77472
       ],
       [
        9.08035,
        47.7719
       ],
       [
        9.08513,
        47.76969
       ],
       [
        9.09033,
        47.76733
       ],
       [
        9.13021,
        47.74977
       ],
       [
        9.13288,
        47.74889
       ],
       [
        9.1356,
        47.74833
       ],
       [
        9.13879,
        47.74805
       ],
       [
        9.14092,
        47.74798
       ],
       [
        9.15245,
        47.74571
       ],
       [
        9.17252,
        47.73494
       ],
       [
        9.17404,
        47.73391
       ],
       [
        9.1747,
        47.7333
       ],
       [
        9.17488,
        47.73313
       ],
       [
        9.17529,
        47.73272
       ],
       [
        9.20943,
        47.68669
       ],
       [
        9.21061,
        47.68494
       ],
       [
        9.21125,
        47.68347
       ],
       [
        9.2167,
        47.66852
       ],
       [
        9.21661,
        47.66703
       ],
       [
        9.21514,
        47.66585
       ],
       [
        9.21091,
        47.66421
       ],
       [
        9.20894,
        47.6635
       ],
       [
        9.20722,
        47.66317
       ],
       [
        9.20548,
        47.66333
       ],
       [
        9.20373,
        47.66388
       ],
       [
        9.20367,
        47.66392
       ],
       [
        9.20167,
        47.66443
       ],
       [
        9.1988,
        47.66498
       ],
       [
        9.19474,
        47.66575
       ],
       [
        9.18812,
        47.6666
       ],
       [
        9.18129,
        47.66724
       ],
       [
        9.18054,
        47.66608
       ],
       [
        9.17961,
        47.66459
       ],
       [
        9.17985,
        47.65728
       ],
       [
        9.18025,
        47.65554
       ],
       [
        9.17759,
        47.65481
       ],
       [
        9.16915,
        47.65583
       ],
       [
        9.12182,
        47.66725
       ],
       [
        9.11884,
        47.66805
       ],
       [
        9.11277,
        47.67097
       ],
       [
        9.10927,
        47.67311
       ],
       [
        9.10468,
        47.67594
       ],
       [
        9.09901,
        47.67803
       ],
       [
        9.09126,
        47.6794
       ],
       [
        9.05462,
        47.68436
       ],
       [
        9.02423,
        47.68664
       ],
       [
        9.01968,
        47.68644
       ],
       [
        8.99986,
        47.68102
       ],
       [
        8.97981,
        47.67368
       ],
       [
        8.96907,
        47.66695
       ],
       [
        8.94033,
        47.65632
       ],
       [
        8.89934,
        47.64812
       ],
       [
        8.89348,
        47.64833
       ],
       [
        8.84971,
        47.68127
       ],
       [
        8.85094,
        47.69713
       ],
       [
        8.85788,
        47.69885
       ],
       [
        8.86317,
        47.69852
       ],
       [
        8.86455,
        47.69764
       ],
       [
        8.86493,
        47.69739
       ],
       [
        8.86573,
        47.69688
       ],
       [
        8.86524,
        47.69383
       ],
       [
        8.87359,
        47.69416
       ],
       [
        8.87385,
        47.69418
       ],
       [
        8.87632,
        47.69659
       ],
       [
        8.87264,
        47.70388
       ],
       [
        8.8701,
        47.70544
       ],
       [
        8.84545,
        47.71144
       ],
       [
        8.8331,
        47.71431
       ],
       [
        8.81189,
        47.72887
       ],
       [
        8.80711,
        47.73737
       ],
       [
        8.79653,
        47.73467
       ],
       [
        8.77012,
        47.71815
       ],
       [
        8.76936,
        47.70722
       ],
       [
        8.79116,
        47.70499
       ],
       [
        8.79774,
        47.70288
       ],
       [
        8.80731,
        47.69642
       ],
       [
        8.80957,
        47.69413
       ],
       [
        8.80995,
        47.69355
       ],
       [
        8.80961,
        47.69309
       ],
       [
        8.79616,
        47.67589
       ],
       [
        8.79426,
        47.67561
       ],
       [
        8.79162,
        47.67542
       ],
       [
        8.78997,
        47.67569
       ],
       [
        8.78567,
        47.67678
       ],
       [
        8.73548,
        47.69259
       ],
       [
        8.71153,
        47.72941
       ],
       [
        8.71474,
        47.73812
       ],
       [
        8.72215,
        47.74433
       ],
       [
        8.72875,
        47.74678
       ],
       [
        8.73923,
        47.74647
       ],
       [
        8.74154,
        47.74808
       ],
       [
        8.74003,
        47.75288
       ],
       [
        8.72723,
        47.76172
       ],
       [
        8.72136,
        47.76335
       ],
       [
        8.71331,
        47.76559
       ],
       [
        8.70458,
        47.76144
       ],
       [
        8.68793,
        47.77367
       ],
       [
        8.67444,
        47.7863
       ],
       [
        8.65732,
        47.7997
       ],
       [
        8.65663,
        47.79993
       ],
       [
        8.65579,
        47.79994
       ],
       [
        8.65499,
        47.79981
       ],
       [
        8.64955,
        47.79814
       ],
       [
        8.64932,
        47.798
       ],
       [
        8.64898,
        47.79761
       ],
       [
        8.64563,
        47.78949
       ],
       [
        8.64545,
        47.78819
       ],
       [
        8.64551,
        47.78641
       ],
       [
        8.64585,
        47.786
       ],
       [
        8.64911,
        47.78367
       ],
       [
        8.6496,
        47.78308
       ],
       [
        8.65203,
        47.77332
       ],
       [
        8.65204,
        47.773
       ],
       [
        8.65198,
        47.7727
       ],
       [
        8.65177,
        47.7724
       ],
       [
        8.65126,
        47.77194
       ],
       [
        8.64123,
        47.7648
       ],
       [
        8.63159,
        47.75834
       ],
       [
        8.62921,
        47.75887
       ],
       [
        8.62761,
        47.75971
       ],
       [
        8.61935,
        47.76749
       ],
       [
        8.61912,
        47.77851
       ],
       [
        8.62001,
        47.78814
       ],
       [
        8.61382,
        47.80116
       ],
       [
        8.59955,
        47.80276
       ],
       [
        8.56808,
        47.80794
       ],
       [
        8.56333,
        47.80452
       ],
       [
        8.56191,
        47.79265
       ],
       [
        8.55538,
        47.78413
       ],
       [
        8.51586,
        47.77331
       ],
       [
        8.51035,
        47.77577
       ],
       [
        8.49119,
        47.77148
       ],
       [
        8.47585,
        47.76129
       ],
       [
        8.45048,
        47.74022
       ],
       [
        8.41175,
        47.6939
       ],
       [
        8.40605,
        47.67524
       ],
       [
        8.41222,
        47.66637
       ],
       [
        8.47001,
        47.63888
       ],
       [
        8.47061,
        47.63874
       ],
       [
        8.4759,
        47.63861
       ],
       [
        8.52851,
        47.6448
       ],
       [
        8.52952,
        47.64518
       ],
       [
        8.53045,
        47.64585
       ],
       [
        8.53416,
        47.64918
       ],
       [
        8.53315,
        47.65127
       ],
       [
        8.53187,
        47.65286
       ],
       [
        8.52913,
        47.65625
       ],
       [
        8.52635,
        47.65995
       ],
       [
        8.5327,
        47.66228
       ],
       [
        8.54987,
        47.66794
       ],
       [
        8.56378,
        47.67045
       ],
       [
        8.6049,
        47.66928
       ],
       [
        8.62299,
        47.65674
       ],
       [
        8.62658,
        47.65383
       ],
       [
        8.62751,
        47.6528
       ],
       [
        8.62801,
        47.65176
       ],
       [
        8.62811,
        47.65071
       ],
       [
        8.62812,
        47.64968
       ],
       [
        8.62775,
        47.64833
       ],
       [
        8.62526,
        47.64415
       ],
       [
        8.62374,
        47.64167
       ],
       [
        8.62268,
        47.64065
       ],
       [
        8.62095,
        47.63949
       ],
       [
        8.61951,
        47.63876
       ],
       [
        8.61729,
        47.63798
       ],
       [
        8.61502,
        47.63749
       ],
       [
        8.61213,
        47.63708
       ],
       [
        8.60839,
        47.63695
       ],
       [
        8.60617,
        47.63701
       ],
       [
        8.60481,
        47.63734
       ],
       [
        8.60393,
        47.63797
       ],
       [
        8.6037,
        47.63856
       ],
       [
        8.60352,
        47.63907
       ],
       [
        8.60372,
        47.64016
       ],
       [
        8.60474,
        47.64092
       ],
       [
        8.60598,
        47.6412
       ],
       [
        8.60822,
        47.64138
       ],
       [
        8.61092,
        47.6418
       ],
       [
        8.61236,
        47.64238
       ],
       [
        8.61365,
        47.64336
       ],
       [
        8.61415,
        47.64456
       ],
       [
        8.61409,
        47.64624
       ],
       [
        8.61334,
        47.64794
       ],
       [
        8.61209,
        47.64953
       ],
       [
        8.61025,
        47.65098
       ],
       [
        8.60958,
        47.65144
       ],
       [
        8.60886,
        47.65183
       ],
       [
        8.60772,
        47.65219
       ],
       [
        8.60651,
        47.6523
       ],
       [
        8.6052,
        47.65227
       ],
       [
        8.60511,
        47.65224
       ],
       [
        8.60431,
        47.65188
       ],
       [
        8.60366,
        47.65138
       ],
       [
        8.59568,
        47.64336
       ],
       [
        8.59503,
        47.64268
       ],
       [
        8.59479,
        47.64189
       ],
       [
        8.59482,
        47.64099
       ],
       [
        8.59499,
        47.63999
       ],
       [
        8.59677,
        47.62961
       ],
       [
        8.59699,
        47.62843
       ],
       [
        8.59756,
        47.62667
       ],
       [
        8.59889,
        47.62385
       ],
       [
        8.59992,
        47.62229
       ],
       [
        8.60433,
        47.61688
       ],
       [
        8.60474,
        47.6161
       ],
       [
        8.60484,
        47.61505
       ],
       [
        8.60467,
        47.61394
       ],
       [
        8.60443,
        47.61347
       ],
       [
        8.60411,
        47.61282
       ],
       [
        8.60308,
        47.61136
       ],
       [
        8.60166,
        47.61024
       ],
       [
        8.58234,
        47.59613
       ],
       [
        8.57553,
        47.59467
       ],
       [
        8.56622,
        47.59698
       ],
       [
        8.56162,
        47.60111
       ],
       [
        8.56681,
        47.60895
       ],
       [
        8.57324,
        47.61146
       ],
       [
        8.56891,
        47.61704
       ],
       [
        8.558,
        47.62424
       ],
       [
        8.53873,
        47.63092
       ],
       [
        8.52174,
        47.6343
       ],
       [
        8.51597,
        47.63327
       ],
       [
        8.45707,
        47.60191
       ],
       [
        8.45711,
        47.59672
       ],
       [
        8.46016,
        47.5927
       ],
       [
        8.46722,
        47.58375
       ],
       [
        8.48053,
        47.58441
       ],
       [
        8.4818,
        47.58466
       ],
       [
        8.4826,
        47.58525
       ],
       [
        8.48488,
        47.58756
       ],
       [
        8.48897,
        47.58843
       ],
       [
        8.49407,
        47.58117
       ],
       [
        8.48964,
        47.57893
       ],
       [
        8.48585,
        47.57738
       ],
       [
        8.46713,
        47.5731
       ],
       [
        8.4359,
        47.56668
       ],
       [
        8.4337,
        47.56647
       ],
       [
        8.43154,
        47.56636
       ],
       [
        8.37473,
        47.56788
       ],
       [
        8.33501,
        47.57065
       ],
       [
        8.33212,
        47.57092
       ],
       [
        8.33098,
        47.5711
       ],
       [
        8.32971,
        47.57132
       ],
       [
        8.32702,
        47.57199
       ],
       [
        8.32485,
        47.5727
       ],
       [
        8.32312,
        47.57351
       ],
       [
        8.32141,
        47.57452
       ],
       [
        8.29871,
        47.58834
       ],
       [
        8.29718,
        47.58983
       ],
       [
        8.29638,
        47.59085
       ],
       [
        8.29573,
        47.5922
       ],
       [
        8.29522,
        47.59394
       ],
       [
        8.29516,
        47.59537
       ],
       [
        8.2953,
        47.5972
       ],
       [
        8.29621,
        47.60104
       ],
       [
        8.29654,
        47.60321
       ],
       [
        8.29615,
        47.60554
       ],
       [
        8.2952,
        47.60691
       ],
       [
        8.2925,
        47.60868
       ],
       [
        8.29015,
        47.6098
       ],
       [
        8.28813,
        47.61068
       ],
       [
        8.28627,
        47.61114
       ],
       [
        8.28364,
        47.61164
       ],
       [
        8.25939,
        47.61522
       ],
       [
        8.25825,
        47.61534
       ],
       [
        8.21774,
        47.61831
       ],
       [
        8.11164,
        47.58354
       ],
       [
        8.11022,
        47.58296
       ],
       [
        8.10887,
        47.58225
       ],
       [
        8.10761,
        47.58133
       ],
       [
        8.10611,
        47.58009
       ],
       [
        8.104,
        47.57739
       ],
       [
        8.10291,
        47.57552
       ],
       [
        8.10245,
        47.57453
       ],
       [
        8.10208,
        47.57322
       ],
       [
        8.10042,
        47.56729
       ],
       [
        8.10001,
        47.56604
       ],
       [
        8.0994,
        47.56484
       ],
       [
        8.09829,
        47.56353
       ],
       [
        8.09719,
        47.5624
       ],
       [
        8.09579,
        47.56141
       ],
       [
        8.09404,
        47.56043
       ],
       [
        8.09194,
        47.55946
       ],
       [
        8.09012,
        47.55879
       ],
       [
        8.08845,
        47.55844
       ],
       [
        8.08685,
        47.55821
       ],
       [
        8.0255,
        47.55115
       ],
       [
        8.02245,
        47.5508
       ],
       [
        8.02154,
        47.55083
       ],
       [
        8.01814,
        47.55096
       ],
       [
        8.0152,
        47.55131
       ],
       [
        8.0136,
        47.55169
       ],
       [
        8.01348,
        47.55175
       ],
       [
        8.01213,
        47.55243
       ],
       [
        8.00877,
        47.55416
       ],
       [
        8.00717,
        47.55486
       ],
       [
        8.00362,
        47.55582
       ],
       [
        8.00127,
        47.55625
       ],
       [
        7.99931,
        47.55641
       ],
       [
        7.96009,
        47.55727
       ],
       [
        7.95847,
        47.5572
       ],
       [
        7.95716,
        47.55681
       ],
       [
        7.95513,
        47.55582
       ],
       [
        7.95377,
        47.5549
       ],
       [
        7.95288,
        47.55378
       ],
       [
        7.95006,
        47.54716
       ],
       [
        7.94916,
        47.546
       ],
       [
        7.94877,
        47.54571
       ],
       [
        7.94796,
        47.54515
       ],
       [
        7.9467,
        47.5446
       ],
       [
        7.945,
        47.54437
       ],
       [
        7.94358,
        47.54439
       ],
       [
        7.9422,
        47.54459
       ],
       [
        7.92217,
        47.54748
       ],
       [
        7.91934,
        47.54806
       ],
       [
        7.91657,
        47.54896
       ],
       [
        7.91387,
        47.55015
       ],
       [
        7.91159,
        47.5515
       ],
       [
        7.90951,
        47.55322
       ],
       [
        7.90814,
        47.55495
       ],
       [
        7.90751,
        47.55617
       ],
       [
        7.90715,
        47.55748
       ],
       [
        7.9069,
        47.55899
       ],
       [
        7.90713,
        47.56033
       ],
       [
        7.9074,
        47.56135
       ],
       [
        7.9078,
        47.56227
       ],
       [
        7.90859,
        47.56329
       ],
       [
        7.91044,
        47.56627
       ],
       [
        7.91072,
        47.56715
       ],
       [
        7.91067,
        47.56823
       ],
       [
        7.9104,
        47.56952
       ],
       [
        7.90978,
        47.57119
       ],
       [
        7.90911,
        47.57279
       ],
       [
        7.90574,
        47.57822
       ],
       [
        7.90484,
        47.57939
       ],
       [
        7.90332,
        47.58073
       ],
       [
        7.89486,
        47.5857
       ],
       [
        7.89307,
        47.58673
       ],
       [
        7.89152,
        47.58729
       ],
       [
        7.88996,
        47.5877
       ],
       [
        7.88761,
        47.58812
       ],
       [
        7.88569,
        47.58823
       ],
       [
        7.86962,
        47.58856
       ],
       [
        7.8218,
        47.58736
       ],
       [
        7.82053,
        47.58722
       ],
       [
        7.81952,
        47.5869
       ],
       [
        7.81881,
        47.58649
       ],
       [
        7.81803,
        47.58567
       ],
       [
        7.81537,
        47.58137
       ],
       [
        7.81462,
        47.57952
       ],
       [
        7.81416,
        47.57822
       ],
       [
        7.81329,
        47.57375
       ],
       [
        7.8129,
        47.57218
       ],
       [
        7.81219,
        47.571
       ],
       [
        7.8112,
        47.56992
       ],
       [
        7.80996,
        47.56885
       ],
       [
        7.79611,
        47.55799
       ],
       [
        7.7942,
        47.55695
       ],
       [
        7.78981,
        47.55537
       ],
       [
        7.78373,
        47.55365
       ],
       [
        7.75156,
        47.54493
       ],
       [
        7.69643,
        47.53428
       ],
       [
        7.69277,
        47.53405
       ],
       [
        7.69027,
        47.53394
       ],
       [
        7.68588,
        47.53383
       ],
       [
        7.68336,
        47.5338
       ],
       [
        7.68114,
        47.53397
       ],
       [
        7.67711,
        47.53444
       ],
       [
        7.67526,
        47.53477
       ],
       [
        7.67338,
        47.53511
       ],
       [
        7.67146,
        47.53557
       ],
       [
        7.66775,
        47.53685
       ],
       [
        7.66594,
        47.53764
       ],
       [
        7.64916,
        47.54811
       ],
       [
        7.64805,
        47.54895
       ],
       [
        7.63403,
        47.56094
       ],
       [
        7.63553,
        47.56277
       ],
       [
        7.63714,
        47.56473
       ],
       [
        7.63778,
        47.56546
       ],
       [
        7.65875,
        47.5637
       ],
       [
        7.68563,
        47.5658
       ],
       [
        7.68631,
        47.56591
       ],
       [
        7.68671,
        47.56619
       ],
       [
        7.68687,
        47.56649
       ],
       [
        7.68918,
        47.57137
       ],
       [
        7.68923,
        47.57183
       ],
       [
        7.68061,
        47.58221
       ],
       [
        7.66768,
        47.59177
       ],
       [
        7.65706,
        47.59463
       ],
       [
        7.65366,
        47.59549
       ],
       [
        7.64623,
        47.59607
       ],
       [
        7.64423,
        47.5962
       ],
       [
        7.64364,
        47.5943
       ],
       [
        7.64195,
        47.5907
       ],
       [
        7.64075,
        47.58917
       ],
       [
        7.63968,
        47.58827
       ],
       [
        7.6258,
        47.58058
       ],
       [
        7.62166,
        47.57858
       ],
       [
        7.61939,
        47.57787
       ],
       [
        7.61899,
        47.57787
       ],
       [
        7.60875,
        47.57794
       ],
       [
        7.59292,
        47.59873
       ],
       [
        7.59286,
        47.5988
       ],
       [
        7.5929,
        47.60003
       ],
       [
        7.59256,
        47.60154
       ],
       [
        7.59173,
        47.60359
       ],
       [
        7.59074,
        47.60508
       ],
       [
        7.57278,
        47.62516
       ],
       [
        7.56657,
        47.63211
       ],
       [
        7.56419,
        47.63412
       ],
       [
        7.55973,
        47.63701
       ],
       [
        7.53948,
        47.64755
       ],
       [
        7.53753,
        47.64868
       ],
       [
        7.53594,
        47.64977
       ],
       [
        7.53435,
        47.65095
       ],
       [
        7.52431,
        47.6592
       ],
       [
        7.52266,
        47.66064
       ],
       [
        7.52048,
        47.6628
       ],
       [
        7.51962,
        47.66401
       ],
       [
        7.51896,
        47.66525
       ],
       [
        7.51839,
        47.66676
       ],
       [
        7.51159,
        47.69647
       ],
       [
        7.51139,
        47.69736
       ],
       [
        7.51147,
        47.69857
       ],
       [
        7.51162,
        47.6995
       ],
       [
        7.51264,
        47.70164
       ],
       [
        7.51388,
        47.70314
       ],
       [
        7.51521,
        47.70432
       ],
       [
        7.51839,
        47.70666
       ],
       [
        7.51857,
        47.7068
       ],
       [
        7.53786,
        47.71864
       ],
       [
        7.53954,
        47.7198
       ],
       [
        7.54126,
        47.72145
       ],
       [
        7.54325,
        47.72388
       ],
       [
        7.54444,
        47.72556
       ],
       [
        7.54566,
        47.72793
       ],
       [
        7.54652,
        47.7301
       ],
       [
        7.54707,
        47.73245
       ],
       [
        7.54738,
        47.73487
       ],
       [
        7.54746,
        47.73669
       ],
       [
        7.54727,
        47.73981
       ],
       [
        7.54692,
        47.7415
       ],
       [
        7.54653,
        47.74263
       ],
       [
        7.54614,
        47.7437
       ],
       [
        7.53296,
        47.76827
       ],
       [
        7.53149,
        47.77133
       ],
       [
        7.53079,
        47.7738
       ],
       [
        7.53019,
        47.77664
       ],
       [
        7.52996,
        47.77883
       ],
       [
        7.53009,
        47.78131
       ],
       [
        7.53045,
        47.78314
       ],
       [
        7.53076,
        47.78445
       ],
       [
        7.53135,
        47.78656
       ],
       [
        7.53234,
        47.78879
       ],
       [
        7.53368,
        47.79163
       ],
       [
        7.54932,
        47.81965
       ],
       [
        7.55621,
        47.83139
       ],
       [
        7.55851,
        47.83398
       ],
       [
        7.55983,
        47.83593
       ],
       [
        7.56115,
        47.8386
       ],
       [
        7.5619,
        47.84129
       ],
       [
        7.56233,
        47.8439
       ],
       [
        7.56245,
        47.84667
       ],
       [
        7.56239,
        47.84939
       ],
       [
        7.56197,
        47.85265
       ],
       [
        7.56169,
        47.85465
       ],
       [
        7.56108,
        47.85643
       ],
       [
        7.55999,
        47.8588
       ],
       [
        7.55852,
        47.86104
       ],
       [
        7.55745,
        47.86281
       ],
       [
        7.5567,
        47.86431
       ],
       [
        7.55592,
        47.86614
       ],
       [
        7.55547,
        47.86798
       ],
       [
        7.55519,
        47.86934
       ],
       [
        7.55516,
        47.87126
       ],
       [
        7.55532,
        47.87354
       ],
       [
        7.5555,
        47.87526
       ],
       [
        7.55585,
        47.87698
       ],
       [
        7.55631,
        47.87885
       ],
       [
        7.55706,
        47.88036
       ],
       [
        7.55792,
        47.88166
       ],
       [
        7.55918,
        47.88314
       ],
       [
        7.56098,
        47.88446
       ],
       [
        7.56292,
        47.88559
       ],
       [
        7.56502,
        47.88649
       ],
       [
        7.56692,
        47.88715
       ],
       [
        7.56907,
        47.88791
       ],
       [
        7.57116,
        47.88867
       ],
       [
        7.57311,
        47.88943
       ],
       [
        7.57515,
        47.89036
       ],
       [
        7.57676,
        47.89148
       ],
       [
        7.57752,
        47.89233
       ],
       [
        7.57887,
        47.89394
       ],
       [
        7.57971,
        47.89554
       ],
       [
        7.58109,
        47.89876
       ],
       [
        7.58157,
        47.90035
       ],
       [
        7.58198,
        47.90205
       ],
       [
        7.58219,
        47.90486
       ],
       [
        7.582,
        47.90967
       ],
       [
        7.58189,
        47.91151
       ],
       [
        7.58163,
        47.91595
       ],
       [
        7.58087,
        47.92098
       ],
       [
        7.58076,
        47.92315
       ],
       [
        7.58101,
        47.92525
       ],
       [
        7.58153,
        47.92712
       ],
       [
        7.58271,
        47.92999
       ],
       [
        7.5841,
        47.93256
       ],
       [
        7.58541,
        47.93432
       ],
       [
        7.58727,
        47.93632
       ],
       [
        7.59135,
        47.93948
       ],
       [
        7.60436,
        47.94928
       ],
       [
        7.60662,
        47.95113
       ],
       [
        7.60943,
        47.95362
       ],
       [
        7.61865,
        47.96486
       ],
       [
        7.62009,
        47.96682
       ],
       [
        7.62105,
        47.96873
       ],
       [
        7.62148,
        47.97044
       ],
       [
        7.62198,
        47.97314
       ],
       [
        7.62188,
        47.97479
       ],
       [
        7.62138,
        47.97739
       ],
       [
        7.62013,
        47.98137
       ],
       [
        7.61786,
        47.9865
       ],
       [
        7.61533,
        47.99142
       ],
       [
        7.60912,
        47.99998
       ],
       [
        7.60697,
        48.00251
       ],
       [
        7.60401,
        48.00568
       ],
       [
        7.60095,
        48.00818
       ],
       [
        7.58714,
        48.01943
       ],
       [
        7.58563,
        48.02063
       ],
       [
        7.58205,
        48.0234
       ],
       [
        7.57605,
        48.02773
       ],
       [
        7.57435,
        48.02885
       ],
       [
        7.57169,
        48.03117
       ],
       [
        7.57031,
        48.03255
       ],
       [
        7.56942,
        48.03377
       ],
       [
        7.56873,
        48.03498
       ],
       [
        7.56871,
        48.03505
       ],
       [
        7.56857,
        48.03577
       ],
       [
        7.56849,
        48.03633
       ],
       [
        7.56848,
        48.03707
       ],
       [
        7.56984,
        48.08015
       ],
       [
        7.57582,
        48.09294
       ],
       [
        7.57793,
        48.09627
       ],
       [
        7.57882,
        48.09768
       ],
       [
        7.58011,
        48.10098
       ],
       [
        7.58031,
        48.10196
       ],
       [
        7.58053,
        48.1048
       ],
       [
        7.58043,
        48.10689
       ],
       [
        7.57956,
        48.11123
       ],
       [
        7.57819,
        48.115
       ],
       [
        7.5799,
        48.12427
       ],
       [
        7.60107,
        48.15808
       ],
       [
        7.60243,
        48.15985
       ],
       [
        7.6414,
        48.20285
       ],
       [
        7.64297,
        48.20458
       ],
       [
        7.64592,
        48.20737
       ],
       [
        7.6486,
        48.2096
       ],
       [
        7.65137,
        48.21158
       ],
       [
        7.65411,
        48.21297
       ],
       [
        7.65544,
        48.21354
       ],
       [
        7.65955,
        48.21532
       ],
       [
        7.66124,
        48.21631
       ],
       [
        7.66269,
        48.21716
       ],
       [
        7.66555,
        48.21956
       ],
       [
        7.667,
        48.22107
       ],
       [
        7.66796,
        48.22256
       ],
       [
        7.66911,
        48.22483
       ],
       [
        7.67885,
        48.25045
       ],
       [
        7.68127,
        48.2569
       ],
       [
        7.6894,
        48.28315
       ],
       [
        7.68953,
        48.29321
       ],
       [
        7.68982,
        48.29545
       ],
       [
        7.69047,
        48.29751
       ],
       [
        7.69153,
        48.29972
       ],
       [
        7.69319,
        48.30196
       ],
       [
        7.69468,
        48.30348
       ],
       [
        7.69586,
        48.30442
       ],
       [
        7.70031,
        48.30748
       ],
       [
        7.70226,
        48.30861
       ],
       [
        7.70392,
        48.30939
       ],
       [
        7.71169,
        48.31169
       ],
       [
        7.71491,
        48.31248
       ],
       [
        7.72876,
        48.31606
       ],
       [
        7.73296,
        48.31748
       ],
       [
        7.73613,
        48.31874
       ],
       [
        7.73734,
        48.31943
       ],
       [
        7.73987,
        48.32105
       ],
       [
        7.74066,
        48.32174
       ],
       [
        7.74263,
        48.32378
       ],
       [
        7.74312,
        48.32438
       ],
       [
        7.74364,
        48.32502
       ],
       [
        7.74425,
        48.32616
       ],
       [
        7.74534,
        48.32903
       ],
       [
        7.74572,
        48.33107
       ],
       [
        7.74584,
        48.33335
       ],
       [
        7.74537,
        48.33548
       ],
       [
        7.74344,
        48.34098
       ],
       [
        7.74079,
        48.34784
       ],
       [
        7.73633,
        48.35935
       ],
       [
        7.73569,
        48.36117
       ],
       [
        7.73493,
        48.36342
       ],
       [
        7.732,
        48.37762
       ],
       [
        7.7314,
        48.38352
       ],
       [
        7.73106,
        48.38915
       ],
       [
        7.73148,
        48.39244
       ],
       [
        7.73252,
        48.3964
       ],
       [
        7.73397,
        48.4
       ],
       [
        7.73539,
        48.40307
       ],
       [
        7.74064,
        48.41196
       ],
       [
        7.74257,
        48.41518
       ],
       [
        7.74621,
        48.42138
       ],
       [
        7.76446,
        48.45322
       ],
       [
        7.7657,
        48.45644
       ],
       [
        7.76629,
        48.4589
       ],
       [
        7.76756,
        48.46461
       ],
       [
        7.76813,
        48.47382
       ],
       [
        7.76794,
        48.48731
       ],
       [
        7.76789,
        48.48821
       ],
       [
        7.76822,
        48.48925
       ],
       [
        7.76825,
        48.48931
       ],
       [
        7.76931,
        48.49067
       ],
       [
        7.77091,
        48.49205
       ],
       [
        7.77217,
        48.49307
       ],
       [
        7.77546,
        48.49485
       ],
       [
        7.77851,
        48.49608
       ],
       [
        7.78252,
        48.49756
       ],
       [
        7.78413,
        48.49815
       ],
       [
        7.78676,
        48.49911
       ],
       [
        7.7903,
        48.5003
       ],
       [
        7.79452,
        48.50184
       ],
       [
        7.79737,
        48.50317
       ],
       [
        7.79875,
        48.50408
       ],
       [
        7.79975,
        48.50511
       ],
       [
        7.80041,
        48.5059
       ],
       [
        7.80245,
        48.50877
       ],
       [
        7.80329,
        48.51017
       ],
       [
        7.80537,
        48.51513
       ],
       [
        7.80632,
        48.51805
       ],
       [
        7.8065,
        48.51899
       ],
       [
        7.80656,
        48.51933
       ],
       [
        7.80659,
        48.52029
       ],
       [
        7.80667,
        48.52408
       ],
       [
        7.80578,
        48.55807
       ],
       [
        7.80559,
        48.56133
       ],
       [
        7.80484,
        48.56452
       ],
       [
        7.80358,
        48.56925
       ],
       [
        7.80096,
        48.57569
       ],
       [
        7.80055,
        48.57741
       ],
       [
        7.80022,
        48.57915
       ],
       [
        7.8001,
        48.58096
       ],
       [
        7.8002,
        48.584
       ],
       [
        7.80053,
        48.58538
       ],
       [
        7.80095,
        48.58661
       ],
       [
        7.80198,
        48.58834
       ],
       [
        7.80323,
        48.58994
       ],
       [
        7.80621,
        48.59276
       ],
       [
        7.81474,
        48.60217
       ],
       [
        7.82451,
        48.61301
       ],
       [
        7.82617,
        48.6149
       ],
       [
        7.82773,
        48.61673
       ],
       [
        7.82941,
        48.61903
       ],
       [
        7.83184,
        48.62247
       ],
       [
        7.83422,
        48.62908
       ],
       [
        7.83723,
        48.6378
       ],
       [
        7.83826,
        48.64005
       ],
       [
        7.83891,
        48.64101
       ],
       [
        7.84031,
        48.64273
       ],
       [
        7.84109,
        48.64345
       ],
       [
        7.84298,
        48.6447
       ],
       [
        7.84412,
        48.64533
       ],
       [
        7.84581,
        48.64598
       ],
       [
        7.84749,
        48.64649
       ],
       [
        7.85039,
        48.64734
       ],
       [
        7.85994,
        48.64991
       ],
       [
        7.86309,
        48.65089
       ],
       [
        7.88354,
        48.65869
       ],
       [
        7.88604,
        48.65982
       ],
       [
        7.8898,
        48.66231
       ],
       [
        7.89653,
        48.66758
       ],
       [
        7.94547,
        48.70803
       ],
       [
        7.95478,
        48.71571
       ],
       [
        7.95785,
        48.71852
       ],
       [
        7.96461,
        48.72463
       ],
       [
        7.96612,
        48.72601
       ],
       [
        7.96701,
        48.72709
       ],
       [
        7.96754,
        48.72816
       ],
       [
        7.96775,
        48.72953
       ],
       [
        7.96781,
        48.73128
       ],
       [
        7.96688,
        48.7355
       ],
       [
        7.96662,
        48.74054
       ],
       [
        7.9671,
        48.74667
       ],
       [
        7.96799,
        48.75032
       ],
       [
        7.96888,
        48.75323
       ],
       [
        7.9697,
        48.7551
       ],
       [
        7.97052,
        48.75633
       ],
       [
        7.9713,
        48.75732
       ],
       [
        7.97243,
        48.75811
       ],
       [
        7.97364,
        48.75887
       ],
       [
        7.97493,
        48.75939
       ],
       [
        7.9762,
        48.75985
       ],
       [
        7.97821,
        48.76019
       ],
       [
        7.97976,
        48.76042
       ],
       [
        7.98292,
        48.76075
       ],
       [
        7.98514,
        48.76074
       ],
       [
        7.98757,
        48.76046
       ],
       [
        7.99214,
        48.75962
       ],
       [
        7.99575,
        48.75902
       ],
       [
        7.99937,
        48.75843
       ],
       [
        8.00253,
        48.75812
       ],
       [
        8.00574,
        48.75821
       ],
       [
        8.00891,
        48.75869
       ],
       [
        8.01288,
        48.75979
       ],
       [
        8.01731,
        48.76191
       ],
       [
        8.0201,
        48.76424
       ],
       [
        8.02222,
        48.76689
       ],
       [
        8.02342,
        48.76915
       ],
       [
        8.02445,
        48.77282
       ],
       [
        8.02526,
        48.77973
       ],
       [
        8.02625,
        48.78297
       ],
       [
        8.02736,
        48.78442
       ],
       [
        8.03023,
        48.78642
       ],
       [
        8.0328,
        48.78773
       ],
       [
        8.0392,
        48.78996
       ],
       [
        8.04239,
        48.79052
       ],
       [
        8.0451,
        48.79046
       ],
       [
        8.04708,
        48.79039
       ],
       [
        8.05108,
        48.78979
       ],
       [
        8.05912,
        48.78847
       ],
       [
        8.06221,
        48.78851
       ],
       [
        8.06458,
        48.78897
       ],
       [
        8.06515,
        48.78909
       ],
       [
        8.06565,
        48.78919
       ],
       [
        8.06894,
        48.79019
       ],
       [
        8.07587,
        48.79378
       ],
       [
        8.08213,
        48.79723
       ],
       [
        8.08706,
        48.80036
       ],
       [
        8.08908,
        48.80204
       ],
       [
        8.09276,
        48.80535
       ],
       [
        8.09901,
        48.81122
       ],
       [
        8.10169,
        48.81401
       ],
       [
        8.10388,
        48.81665
       ],
       [
        8.1047,
        48.81785
       ],
       [
        8.10544,
        48.81922
       ],
       [
        8.10649,
        48.82221
       ],
       [
        8.10952,
        48.83324
       ],
       [
        8.11678,
        48.85158
       ],
       [
        8.12253,
        48.86425
       ],
       [
        8.12766,
        48.87412
       ],
       [
        8.12848,
        48.87565
       ],
       [
        8.12903,
        48.87663
       ],
       [
        8.13033,
        48.87848
       ],
       [
        8.13682,
        48.88752
       ],
       [
        8.13992,
        48.89174
       ],
       [
        8.14185,
        48.89414
       ],
       [
        8.14562,
        48.89883
       ],
       [
        8.1595,
        48.91517
       ],
       [
        8.19604,
        48.95547
       ],
       [
        8.19662,
        48.95593
       ],
       [
        8.19795,
        48.95694
       ],
       [
        8.19915,
        48.95763
       ],
       [
        8.20026,
        48.95814
       ],
       [
        8.20162,
        48.95863
       ],
       [
        8.20394,
        48.95944
       ],
       [
        8.20769,
        48.96045
       ],
       [
        8.23263,
        48.96627
       ],
       [
        8.26298,
        48.98121
       ],
       [
        8.27791,
        48.98919
       ],
       [
        8.28333,
        48.99276
       ],
       [
        8.28626,
        48.99525
       ],
       [
        8.2879,
        48.99732
       ],
       [
        8.28864,
        48.99825
       ],
       [
        8.29735,
        49.01207
       ],
       [
        8.29922,
        49.01557
       ],
       [
        8.3008,
        49.02186
       ],
       [
        8.30126,
        49.02366
       ],
       [
        8.30274,
        49.0316
       ],
       [
        8.30439,
        49.03874
       ],
       [
        8.30579,
        49.04191
       ],
       [
        8.30667,
        49.0439
       ],
       [
        8.30889,
        49.04803
       ],
       [
        8.31256,
        49.05386
       ],
       [
        8.3173,
        49.06035
       ],
       [
        8.32424,
        49.06737
       ],
       [
        8.32578,
        49.06892
       ],
       [
        8.33508,
        49.07608
       ],
       [
        8.3405,
        49.07985
       ],
       [
        8.34145,
        49.08051
       ],
       [
        8.34579,
        49.08376
       ],
       [
        8.35076,
        49.08766
       ],
       [
        8.35409,
        49.09154
       ],
       [
        8.35823,
        49.09716
       ],
       [
        8.36107,
        49.1044
       ],
       [
        8.37153,
        49.14507
       ],
       [
        8.37243,
        49.14998
       ],
       [
        8.37274,
        49.15191
       ],
       [
        8.37255,
        49.15398
       ],
       [
        8.37209,
        49.15553
       ],
       [
        8.3717,
        49.15617
       ],
       [
        8.36917,
        49.16027
       ],
       [
        8.36888,
        49.16076
       ],
       [
        8.36789,
        49.16326
       ],
       [
        8.36789,
        49.16562
       ],
       [
        8.36836,
        49.16751
       ],
       [
        8.36958,
        49.16969
       ],
       [
        8.38289,
        49.18885
       ],
       [
        8.39814,
        49.20675
       ],
       [
        8.40461,
        49.21851
       ],
       [
        8.40497,
        49.2193
       ],
       [
        8.40485,
        49.2223
       ],
       [
        8.40099,
        49.22365
       ],
       [
        8.39728,
        49.2243
       ],
       [
        8.39265,
        49.22364
       ],
       [
        8.38944,
        49.22035
       ],
       [
        8.38573,
        49.22072
       ],
       [
        8.38578,
        49.22339
       ],
       [
        8.3866,
        49.22721
       ],
       [
        8.38689,
        49.22791
       ],
       [
        8.38804,
        49.2305
       ],
       [
        8.39022,
        49.234
       ],
       [
        8.39281,
        49.23687
       ],
       [
        8.39631,
        49.23996
       ],
       [
        8.40034,
        49.2426
       ],
       [
        8.40862,
        49.24691
       ],
       [
        8.4165,
        49.25073
       ],
       [
        8.467,
        49.2824
       ],
       [
        8.48686,
        49.28923
       ],
       [
        8.48764,
        49.29047
       ],
       [
        8.48861,
        49.29271
       ],
       [
        8.48879,
        49.294
       ],
       [
        8.48896,
        49.2953
       ],
       [
        8.48852,
        49.29787
       ],
       [
        8.48663,
        49.30135
       ],
       [
        8.48477,
        49.30369
       ],
       [
        8.48171,
        49.30607
       ],
       [
        8.4788,
        49.30752
       ],
       [
        8.47546,
        49.30868
       ],
       [
        8.46208,
        49.31171
       ],
       [
        8.45833,
        49.31296
       ],
       [
        8.45521,
        49.31468
       ],
       [
        8.45343,
        49.3164
       ],
       [
        8.45223,
        49.31868
       ],
       [
        8.45199,
        49.31914
       ],
       [
        8.45152,
        49.32223
       ],
       [
        8.45169,
        49.32393
       ],
       [
        8.4518,
        49.3249
       ],
       [
        8.45305,
        49.32753
       ],
       [
        8.45456,
        49.32943
       ],
       [
        8.4562,
        49.33116
       ],
       [
        8.4585,
        49.33293
       ],
       [
        8.46589,
        49.33721
       ],
       [
        8.46972,
        49.33906
       ],
       [
        8.47015,
        49.33927
       ],
       [
        8.47336,
        49.34084
       ],
       [
        8.47562,
        49.34199
       ],
       [
        8.47957,
        49.34402
       ],
       [
        8.48348,
        49.34652
       ],
       [
        8.48742,
        49.34956
       ],
       [
        8.4904,
        49.3524
       ],
       [
        8.49351,
        49.35583
       ],
       [
        8.49672,
        49.36023
       ],
       [
        8.49834,
        49.36368
       ],
       [
        8.49871,
        49.36455
       ],
       [
        8.49962,
        49.36675
       ],
       [
        8.50061,
        49.36919
       ],
       [
        8.50111,
        49.37102
       ],
       [
        8.50166,
        49.37345
       ],
       [
        8.50198,
        49.37654
       ],
       [
        8.50198,
        49.37989
       ],
       [
        8.50188,
        49.38314
       ],
       [
        8.50105,
        49.38702
       ],
       [
        8.49658,
        49.40276
       ],
       [
        8.49791,
        49.41085
       ],
       [
        8.50714,
        49.42928
       ],
       [
        8.50826,
        49.43225
       ],
       [
        8.50848,
        49.43401
       ],
       [
        8.50833,
        49.43461
       ],
       [
        8.50688,
        49.43764
       ],
       [
        8.50571,
        49.43875
       ],
       [
        8.50499,
        49.43943
       ],
       [
        8.50146,
        49.44109
       ],
       [
        8.49822,
        49.44206
       ],
       [
        8.49389,
        49.44284
       ],
       [
        8.48898,
        49.44316
       ],
       [
        8.48527,
        49.44307
       ],
       [
        8.48325,
        49.44302
       ],
       [
        8.47417,
        49.44277
       ],
       [
        8.46034,
        49.44251
       ],
       [
        8.45711,
        49.44269
       ],
       [
        8.45425,
        49.44303
       ],
       [
        8.45189,
        49.44372
       ],
       [
        8.44909,
        49.44489
       ],
       [
        8.44616,
        49.44631
       ],
       [
        8.44539,
        49.44693
       ],
       [
        8.44471,
        49.44748
       ],
       [
        8.44336,
        49.44914
       ],
       [
        8.44244,
        49.45061
       ],
       [
        8.4422,
        49.45242
       ],
       [
        8.44258,
        49.45444
       ],
       [
        8.44334,
        49.45627
       ],
       [
        8.44502,
        49.45835
       ],
       [
        8.44758,
        49.45989
       ],
       [
        8.44984,
        49.46068
       ],
       [
        8.4527,
        49.46152
       ],
       [
        8.45832,
        49.46303
       ],
       [
        8.4596,
        49.46342
       ],
       [
        8.46096,
        49.46392
       ],
       [
        8.46297,
        49.46515
       ],
       [
        8.46401,
        49.46662
       ],
       [
        8.46446,
        49.46811
       ],
       [
        8.4645,
        49.47011
       ],
       [
        8.4632,
        49.47272
       ],
       [
        8.46115,
        49.47542
       ],
       [
        8.45914,
        49.47786
       ],
       [
        8.43249,
        49.52043
       ],
       [
        8.42282,
        49.54182
       ],
       [
        8.4186,
        49.54701
       ],
       [
        8.41777,
        49.54815
       ],
       [
        8.41668,
        49.54966
       ],
       [
        8.41579,
        49.55144
       ],
       [
        8.41485,
        49.55464
       ],
       [
        8.41486,
        49.55719
       ],
       [
        8.41526,
        49.56011
       ],
       [
        8.41564,
        49.56152
       ],
       [
        8.41645,
        49.56358
       ],
       [
        8.41734,
        49.56544
       ],
       [
        8.42038,
        49.56927
       ],
       [
        8.42271,
        49.57195
       ],
       [
        8.42318,
        49.58334
       ],
       [
        8.44075,
        49.58886
       ],
       [
        8.44848,
        49.59001
       ],
       [
        8.46481,
        49.58911
       ],
       [
        8.47545,
        49.58455
       ],
       [
        8.49414,
        49.57261
       ],
       [
        8.52635,
        49.54795
       ],
       [
        8.53168,
        49.53662
       ],
       [
        8.54085,
        49.52858
       ],
       [
        8.56063,
        49.51837
       ],
       [
        8.56649,
        49.51863
       ],
       [
        8.58144,
        49.51964
       ],
       [
        8.58249,
        49.52161
       ],
       [
        8.59531,
        49.52946
       ],
       [
        8.59865,
        49.53105
       ],
       [
        8.60617,
        49.53172
       ],
       [
        8.61953,
        49.54296
       ],
       [
        8.61677,
        49.55428
       ],
       [
        8.60343,
        49.59279
       ],
       [
        8.59981,
        49.59271
       ],
       [
        8.59406,
        49.59216
       ],
       [
        8.59243,
        49.59309
       ],
       [
        8.59163,
        49.59388
       ],
       [
        8.59094,
        49.59529
       ],
       [
        8.59047,
        49.6046
       ],
       [
        8.59388,
        49.6097
       ],
       [
        8.65197,
        49.6206
       ],
       [
        8.67901,
        49.62523
       ],
       [
        8.69262,
        49.62309
       ],
       [
        8.69372,
        49.6222
       ],
       [
        8.69767,
        49.6
       ],
       [
        8.69479,
        49.58998
       ],
       [
        8.68634,
        49.59076
       ],
       [
        8.68342,
        49.5894
       ],
       [
        8.68341,
        49.57301
       ],
       [
        8.68485,
        49.5693
       ],
       [
        8.70242,
        49.5352
       ],
       [
        8.72496,
        49.52281
       ],
       [
        8.75927,
        49.51608
       ],
       [
        8.76755,
        49.51484
       ],
       [
        8.79651,
        49.51215
       ],
       [
        8.84346,
        49.49927
       ],
       [
        8.88069,
        49.50584
       ],
       [
        8.88583,
        49.50556
       ],
       [
        8.8983,
        49.50284
       ],
       [
        8.89952,
        49.48417
       ],
       [
        8.88935,
        49.47492
       ],
       [
        8.87711,
        49.46676
       ],
       [
        8.86771,
        49.46468
       ],
       [
        8.86228,
        49.46574
       ],
       [
        8.86621,
        49.47432
       ],
       [
        8.85911,
        49.4812
       ],
       [
        8.85183,
        49.48386
       ],
       [
        8.83635,
        49.47622
       ],
       [
        8.82682,
        49.47066
       ],
       [
        8.82475,
        49.46297
       ],
       [
        8.82686,
        49.4617
       ],
       [
        8.82818,
        49.46092
       ],
       [
        8.83425,
        49.45027
       ],
       [
        8.83714,
        49.43313
       ],
       [
        8.83234,
        49.42467
       ],
       [
        8.8309,
        49.42329
       ],
       [
        8.82902,
        49.4225
       ],
       [
        8.82578,
        49.4221
       ],
       [
        8.82142,
        49.42292
       ],
       [
        8.81924,
        49.42329
       ],
       [
        8.81697,
        49.42325
       ],
       [
        8.81411,
        49.42264
       ],
       [
        8.80651,
        49.41919
       ],
       [
        8.80187,
        49.41056
       ],
       [
        8.80356,
        49.40351
       ],
       [
        8.81446,
        49.39742
       ],
       [
        8.82346,
        49.39492
       ],
       [
        8.85009,
        49.39482
       ],
       [
        8.85271,
        49.39501
       ],
       [
        8.85464,
        49.39538
       ],
       [
        8.8559,
        49.39579
       ],
       [
        8.85678,
        49.39618
       ],
       [
        8.85781,
        49.39674
       ],
       [
        8.8898,
        49.41738
       ],
       [
        8.92501,
        49.43984
       ],
       [
        8.95093,
        49.45353
       ],
       [
        8.94221,
        49.46426
       ],
       [
        8.9312,
        49.46984
       ],
       [
        8.93413,
        49.47663
       ],
       [
        8.95837,
        49.50341
       ],
       [
        8.97901,
        49.50897
       ],
       [
        8.98602,
        49.50998
       ],
       [
        9.01218,
        49.50273
       ],
       [
        9.01407,
        49.50106
       ],
       [
        9.01139,
        49.4987
       ],
       [
        9.01158,
        49.49828
       ],
       [
        9.01258,
        49.4979
       ],
       [
        9.0162,
        49.49702
       ],
       [
        9.0335,
        49.49776
       ],
       [
        9.03454,
        49.49794
       ],
       [
        9.04176,
        49.50055
       ],
       [
        9.04319,
        49.50188
       ],
       [
        9.04927,
        49.51164
       ],
       [
        9.04969,
        49.51238
       ],
       [
        9.04982,
        49.51294
       ],
       [
        9.04976,
        49.51359
       ],
       [
        9.06837,
        49.52728
       ],
       [
        9.08377,
        49.52578
       ],
       [
        9.09995,
        49.52583
       ],
       [
        9.10491,
        49.51735
       ],
       [
        9.10564,
        49.51595
       ],
       [
        9.10568,
        49.51424
       ],
       [
        9.10461,
        49.51079
       ],
       [
        9.10667,
        49.50924
       ],
       [
        9.11971,
        49.51233
       ],
       [
        9.12263,
        49.51432
       ],
       [
        9.12636,
        49.51686
       ],
       [
        9.12623,
        49.52143
       ],
       [
        9.1151,
        49.53393
       ],
       [
        9.10964,
        49.53631
       ],
       [
        9.09666,
        49.54104
       ],
       [
        9.09436,
        49.54172
       ],
       [
        9.09376,
        49.54869
       ],
       [
        9.10025,
        49.57138
       ],
       [
        9.10295,
        49.57754
       ],
       [
        9.10853,
        49.57943
       ],
       [
        9.1521,
        49.57904
       ],
       [
        9.16045,
        49.57871
       ],
       [
        9.17375,
        49.57771
       ],
       [
        9.18127,
        49.57378
       ],
       [
        9.19446,
        49.57388
       ],
       [
        9.21254,
        49.57537
       ],
       [
        9.24015,
        49.58111
       ],
       [
        9.24955,
        49.58459
       ],
       [
        9.28465,
        49.61487
       ],
       [
        9.28367,
        49.61721
       ],
       [
        9.27064,
        49.62652
       ],
       [
        9.26858,
        49.63175
       ],
       [
        9.26974,
        49.63252
       ],
       [
        9.27855,
        49.63775
       ],
       [
        9.29937,
        49.64832
       ],
       [
        9.31733,
        49.6506
       ],
       [
        9.34821,
        49.64855
       ],
       [
        9.38287,
        49.64316
       ],
       [
        9.40602,
        49.64506
       ],
       [
        9.41585,
        49.65284
       ],
       [
        9.41965,
        49.65831
       ],
       [
        9.41152,
        49.66207
       ],
       [
        9.41042,
        49.66221
       ],
       [
        9.40707,
        49.66318
       ],
       [
        9.40083,
        49.66689
       ],
       [
        9.39858,
        49.66829
       ],
       [
        9.39783,
        49.67112
       ],
       [
        9.40067,
        49.67391
       ],
       [
        9.40701,
        49.67942
       ],
       [
        9.40978,
        49.68175
       ],
       [
        9.41781,
        49.68751
       ],
       [
        9.42019,
        49.6908
       ],
       [
        9.42234,
        49.69597
       ],
       [
        9.41397,
        49.71383
       ],
       [
        9.40005,
        49.72873
       ],
       [
        9.38695,
        49.73077
       ],
       [
        9.38133,
        49.72598
       ],
       [
        9.38283,
        49.70935
       ],
       [
        9.38219,
        49.70707
       ],
       [
        9.38053,
        49.7061
       ],
       [
        9.37445,
        49.7042
       ],
       [
        9.36819,
        49.70371
       ],
       [
        9.35762,
        49.70398
       ],
       [
        9.35273,
        49.70719
       ],
       [
        9.34374,
        49.7172
       ],
       [
        9.34781,
        49.72031
       ],
       [
        9.34984,
        49.72137
       ],
       [
        9.35184,
        49.7219
       ],
       [
        9.36158,
        49.72314
       ],
       [
        9.37128,
        49.72589
       ],
       [
        9.37357,
        49.72837
       ],
       [
        9.36402,
        49.73133
       ],
       [
        9.34006,
        49.73438
       ],
       [
        9.33444,
        49.73401
       ],
       [
        9.32877,
        49.73168
       ],
       [
        9.32661,
        49.73121
       ],
       [
        9.32348,
        49.73118
       ],
       [
        9.29752,
        49.73797
       ],
       [
        9.29526,
        49.74045
       ],
       [
        9.314,
        49.76578
       ],
       [
        9.31522,
        49.76697
       ],
       [
        9.31739,
        49.76805
       ],
       [
        9.32054,
        49.76865
       ],
       [
        9.36124,
        49.77149
       ],
       [
        9.38943,
        49.76934
       ],
       [
        9.39104,
        49.76933
       ],
       [
        9.39249,
        49.76977
       ],
       [
        9.40361,
        49.77547
       ],
       [
        9.40882,
        49.77895
       ],
       [
        9.4432,
        49.77499
       ],
       [
        9.46163,
        49.76948
       ],
       [
        9.47359,
        49.78119
       ],
       [
        9.47602,
        49.78338
       ],
       [
        9.47722,
        49.78442
       ],
       [
        9.47929,
        49.78586
       ],
       [
        9.48089,
        49.78645
       ],
       [
        9.48436,
        49.78699
       ],
       [
        9.49997,
        49.78803
       ],
       [
        9.50283,
        49.78784
       ],
       [
        9.50433,
        49.78757
       ],
       [
        9.50758,
        49.7859
       ],
       [
        9.50993,
        49.78426
       ],
       [
        9.51163,
        49.7829
       ],
       [
        9.51287,
        49.78138
       ],
       [
        9.51326,
        49.78015
       ],
       [
        9.51319,
        49.77848
       ],
       [
        9.51286,
        49.77739
       ],
       [
        9.51282,
        49.7773
       ],
       [
        9.51179,
        49.77535
       ],
       [
        9.51099,
        49.77291
       ],
       [
        9.51022,
        49.77046
       ],
       [
        9.51038,
        49.76812
       ],
       [
        9.511,
        49.7666
       ],
       [
        9.51179,
        49.76532
       ],
       [
        9.51399,
        49.76328
       ],
       [
        9.51734,
        49.7613
       ],
       [
        9.51965,
        49.76069
       ],
       [
        9.52282,
        49.76027
       ],
       [
        9.54925,
        49.7641
       ],
       [
        9.62575,
        49.78467
       ],
       [
        9.63877,
        49.78839
       ],
       [
        9.64824,
        49.79137
       ],
       [
        9.65153,
        49.77991
       ],
       [
        9.64634,
        49.77782
       ]
      ]
     ]
    ]
   }
  },
  {
   "type": "Feature",
   "properties": {
    "key": "by",
    "name": "Bayern",
    "bez": "Freistaat",
    "ars": "09",
    "nuts": "DE2",
    "status": "lidar+alkis",
    "lidar_dgm1": true,
    "lidar_las": true,
    "lidar_script": "download_by_lidar.sh",
    "lidar_bbox": true,
    "lidar_note": null,
    "alkis": "partial",
    "alkis_engine": "aria2",
    "alkis_spatial": "package",
    "sample_bbox": "656,5260,661,5265",
    "sample_epsg": 25832,
    "sample_place": "Garmisch-Partenkirchen"
   },
   "geometry": {
    "type": "MultiPolygon",
    "coordinates": [
     [
      [
       [
        10.45458,
        47.55586
       ],
       [
        10.43923,
        47.52421
       ],
       [
        10.43632,
        47.51643
       ],
       [
        10.43157,
        47.50372
       ],
       [
        10.44022,
        47.48669
       ],
       [
        10.4433,
        47.48473
       ],
       [
        10.44621,
        47.48437
       ],
       [
        10.45166,
        47.48531
       ],
       [
        10.46317,
        47.48253
       ],
       [
        10.46813,
        47.47686
       ],
       [
        10.46862,
        47.47465
       ],
       [
        10.47003,
        47.46837
       ],
       [
        10.47584,
        47.43328
       ],
       [
        10.47496,
        47.43185
       ],
       [
        10.45478,
        47.4189
       ],
       [
        10.44639,
        47.41497
       ],
       [
        10.42597,
        47.38311
       ],
       [
        10.38613,
        47.35655
       ],
       [
        10.35722,
        47.33657
       ],
       [
        10.34607,
        47.3205
       ],
       [
        10.28215,
        47.28856
       ],
       [
        10.25929,
        47.28147
       ],
       [
        10.2421,
        47.27735
       ],
       [
        10.17401,
        47.27036
       ],
       [
        10.17246,
        47.27425
       ],
       [
        10.17517,
        47.2879
       ],
       [
        10.17566,
        47.28961
       ],
       [
        10.17827,
        47.29506
       ],
       [
        10.17975,
        47.29597
       ],
       [
        10.18152,
        47.29598
       ],
       [
        10.18395,
        47.29448
       ],
       [
        10.18547,
        47.29399
       ],
       [
        10.18807,
        47.29405
       ],
       [
        10.19918,
        47.29777
       ],
       [
        10.21032,
        47.30616
       ],
       [
        10.21522,
        47.31166
       ],
       [
        10.21067,
        47.3189
       ],
       [
        10.20031,
        47.32601
       ],
       [
        10.20059,
        47.32754
       ],
       [
        10.2049,
        47.33764
       ],
       [
        10.21792,
        47.35404
       ],
       [
        10.23516,
        47.3711
       ],
       [
        10.23648,
        47.37353
       ],
       [
        10.23587,
        47.38176
       ],
       [
        10.22731,
        47.38904
       ],
       [
        10.18254,
        47.39258
       ],
       [
        10.18179,
        47.39258
       ],
       [
        10.16972,
        47.38589
       ],
       [
        10.1694,
        47.38278
       ],
       [
        10.16891,
        47.37761
       ],
       [
        10.16913,
        47.37516
       ],
       [
        10.1697,
        47.37134
       ],
       [
        10.16585,
        47.36894
       ],
       [
        10.15586,
        47.36767
       ],
       [
        10.14328,
        47.36702
       ],
       [
        10.13789,
        47.368
       ],
       [
        10.11936,
        47.37546
       ],
       [
        10.10043,
        47.35492
       ],
       [
        10.09942,
        47.35506
       ],
       [
        10.08301,
        47.39362
       ],
       [
        10.07133,
        47.40721
       ],
       [
        10.06954,
        47.4095
       ],
       [
        10.07455,
        47.41448
       ],
       [
        10.0789,
        47.41478
       ],
       [
        10.0842,
        47.41439
       ],
       [
        10.08564,
        47.4144
       ],
       [
        10.09515,
        47.41756
       ],
       [
        10.10527,
        47.42836
       ],
       [
        10.09316,
        47.44741
       ],
       [
        10.08342,
        47.45722
       ],
       [
        10.04454,
        47.48741
       ],
       [
        10.04049,
        47.48848
       ],
       [
        10.03791,
        47.48873
       ],
       [
        10.03415,
        47.48819
       ],
       [
        10.02279,
        47.48437
       ],
       [
        10.01232,
        47.48277
       ],
       [
        10.00912,
        47.4824
       ],
       [
        10.00652,
        47.48222
       ],
       [
        10.0042,
        47.48247
       ],
       [
        10.00111,
        47.48283
       ],
       [
        10.0,
        47.48354
       ],
       [
        9.99552,
        47.48647
       ],
       [
        9.96519,
        47.52072
       ],
       [
        9.96455,
        47.52302
       ],
       [
        9.96754,
        47.54602
       ],
       [
        9.96212,
        47.53614
       ],
       [
        9.96071,
        47.53447
       ],
       [
        9.92253,
        47.5297
       ],
       [
        9.91802,
        47.53066
       ],
       [
        9.91697,
        47.53088
       ],
       [
        9.91529,
        47.53164
       ],
       [
        9.91344,
        47.53283
       ],
       [
        9.87775,
        47.54012
       ],
       [
        9.87688,
        47.53702
       ],
       [
        9.87499,
        47.53049
       ],
       [
        9.87465,
        47.52948
       ],
       [
        9.87392,
        47.52854
       ],
       [
        9.85839,
        47.53416
       ],
       [
        9.83945,
        47.54265
       ],
       [
        9.82132,
        47.55486
       ],
       [
        9.82539,
        47.55902
       ],
       [
        9.82576,
        47.5601
       ],
       [
        9.82682,
        47.57786
       ],
       [
        9.82665,
        47.57887
       ],
       [
        9.82625,
        47.58032
       ],
       [
        9.82406,
        47.58669
       ],
       [
        9.80222,
        47.59547
       ],
       [
        9.79947,
        47.59548
       ],
       [
        9.77597,
        47.59409
       ],
       [
        9.76581,
        47.58848
       ],
       [
        9.76522,
        47.58808
       ],
       [
        9.75662,
        47.57901
       ],
       [
        9.7409,
        47.55324
       ],
       [
        9.73565,
        47.54413
       ],
       [
        9.72977,
        47.53327
       ],
       [
        9.72925,
        47.53445
       ],
       [
        9.72885,
        47.5353
       ],
       [
        9.72747,
        47.53757
       ],
       [
        9.72565,
        47.54018
       ],
       [
        9.72407,
        47.54204
       ],
       [
        9.72154,
        47.54442
       ],
       [
        9.71788,
        47.54687
       ],
       [
        9.71581,
        47.5478
       ],
       [
        9.71307,
        47.54901
       ],
       [
        9.71056,
        47.54969
       ],
       [
        9.70805,
        47.54988
       ],
       [
        9.68173,
        47.5531
       ],
       [
        9.65475,
        47.55686
       ],
       [
        9.65264,
        47.55739
       ],
       [
        9.6523,
        47.5575
       ],
       [
        9.61473,
        47.56952
       ],
       [
        9.61284,
        47.5702
       ],
       [
        9.61043,
        47.57131
       ],
       [
        9.60874,
        47.57226
       ],
       [
        9.60748,
        47.5733
       ],
       [
        9.60665,
        47.57447
       ],
       [
        9.60567,
        47.5764
       ],
       [
        9.60227,
        47.58412
       ],
       [
        9.63365,
        47.59374
       ],
       [
        9.64088,
        47.60105
       ],
       [
        9.65582,
        47.61178
       ],
       [
        9.65624,
        47.61203
       ],
       [
        9.65704,
        47.61213
       ],
       [
        9.69212,
        47.61051
       ],
       [
        9.69421,
        47.60526
       ],
       [
        9.69955,
        47.60251
       ],
       [
        9.70593,
        47.60146
       ],
       [
        9.7469,
        47.60357
       ],
       [
        9.8171,
        47.65002
       ],
       [
        9.82608,
        47.65651
       ],
       [
        9.82707,
        47.65744
       ],
       [
        9.82751,
        47.65817
       ],
       [
        9.82805,
        47.66186
       ],
       [
        9.82863,
        47.66804
       ],
       [
        9.82904,
        47.66948
       ],
       [
        9.82965,
        47.67058
       ],
       [
        9.83035,
        47.67136
       ],
       [
        9.83164,
        47.67232
       ],
       [
        9.83299,
        47.67315
       ],
       [
        9.83427,
        47.67373
       ],
       [
        9.84331,
        47.67755
       ],
       [
        9.84415,
        47.6777
       ],
       [
        9.85217,
        47.67861
       ],
       [
        9.87418,
        47.67523
       ],
       [
        9.87477,
        47.67511
       ],
       [
        9.87947,
        47.6738
       ],
       [
        9.88158,
        47.67299
       ],
       [
        9.88288,
        47.67233
       ],
       [
        9.88331,
        47.67187
       ],
       [
        9.88415,
        47.67022
       ],
       [
        9.88489,
        47.66939
       ],
       [
        9.88731,
        47.66749
       ],
       [
        9.88867,
        47.66667
       ],
       [
        9.89509,
        47.66433
       ],
       [
        9.89621,
        47.66392
       ],
       [
        9.9276,
        47.65467
       ],
       [
        9.93026,
        47.65395
       ],
       [
        9.95847,
        47.65221
       ],
       [
        9.95931,
        47.65229
       ],
       [
        9.97032,
        47.65354
       ],
       [
        9.97594,
        47.65682
       ],
       [
        9.97789,
        47.66151
       ],
       [
        9.98235,
        47.66821
       ],
       [
        9.98944,
        47.67496
       ],
       [
        10.00284,
        47.68165
       ],
       [
        10.00439,
        47.68205
       ],
       [
        10.02742,
        47.68571
       ],
       [
        10.05868,
        47.68047
       ],
       [
        10.06408,
        47.67478
       ],
       [
        10.07515,
        47.65828
       ],
       [
        10.07187,
        47.65034
       ],
       [
        10.07174,
        47.6438
       ],
       [
        10.07413,
        47.64062
       ],
       [
        10.07683,
        47.63947
       ],
       [
        10.08014,
        47.6546
       ],
       [
        10.09317,
        47.6645
       ],
       [
        10.10934,
        47.66741
       ],
       [
        10.12284,
        47.67324
       ],
       [
        10.13046,
        47.67692
       ],
       [
        10.14004,
        47.69922
       ],
       [
        10.13871,
        47.70393
       ],
       [
        10.13137,
        47.70715
       ],
       [
        10.1283,
        47.70848
       ],
       [
        10.12509,
        47.71038
       ],
       [
        10.12106,
        47.71329
       ],
       [
        10.12007,
        47.71458
       ],
       [
        10.11725,
        47.71952
       ],
       [
        10.1167,
        47.72084
       ],
       [
        10.11367,
        47.74053
       ],
       [
        10.11382,
        47.74158
       ],
       [
        10.11761,
        47.74917
       ],
       [
        10.11779,
        47.74996
       ],
       [
        10.11927,
        47.76043
       ],
       [
        10.11885,
        47.76117
       ],
       [
        10.08303,
        47.7721
       ],
       [
        10.07588,
        47.78043
       ],
       [
        10.07011,
        47.78902
       ],
       [
        10.08639,
        47.79667
       ],
       [
        10.1108,
        47.80595
       ],
       [
        10.13367,
        47.81498
       ],
       [
        10.13207,
        47.82011
       ],
       [
        10.12548,
        47.82286
       ],
       [
        10.10967,
        47.84014
       ],
       [
        10.08436,
        47.86923
       ],
       [
        10.10494,
        47.88303
       ],
       [
        10.11152,
        47.93426
       ],
       [
        10.1115,
        47.93573
       ],
       [
        10.11112,
        47.93677
       ],
       [
        10.11101,
        47.937
       ],
       [
        10.11028,
        47.9378
       ],
       [
        10.09709,
        47.94282
       ],
       [
        10.09509,
        47.94365
       ],
       [
        10.09327,
        47.94467
       ],
       [
        10.09136,
        47.94589
       ],
       [
        10.08985,
        47.94747
       ],
       [
        10.08899,
        47.94881
       ],
       [
        10.08782,
        47.9507
       ],
       [
        10.0873,
        47.95252
       ],
       [
        10.08676,
        47.9616
       ],
       [
        10.08692,
        47.96362
       ],
       [
        10.08733,
        47.96485
       ],
       [
        10.08795,
        47.96603
       ],
       [
        10.08883,
        47.96768
       ],
       [
        10.0899,
        47.96902
       ],
       [
        10.09126,
        47.97006
       ],
       [
        10.09308,
        47.97111
       ],
       [
        10.09518,
        47.97182
       ],
       [
        10.10592,
        47.97445
       ],
       [
        10.11555,
        47.97564
       ],
       [
        10.11484,
        47.98906
       ],
       [
        10.11973,
        48.00342
       ],
       [
        10.12005,
        48.00433
       ],
       [
        10.12584,
        48.00959
       ],
       [
        10.12737,
        48.01098
       ],
       [
        10.13217,
        48.01437
       ],
       [
        10.1368,
        48.02333
       ],
       [
        10.12761,
        48.03058
       ],
       [
        10.12676,
        48.03163
       ],
       [
        10.12605,
        48.03319
       ],
       [
        10.12617,
        48.03514
       ],
       [
        10.13202,
        48.03733
       ],
       [
        10.13674,
        48.0387
       ],
       [
        10.14125,
        48.0495
       ],
       [
        10.14198,
        48.05214
       ],
       [
        10.14262,
        48.05591
       ],
       [
        10.1433,
        48.06365
       ],
       [
        10.1428,
        48.07553
       ],
       [
        10.13941,
        48.09558
       ],
       [
        10.13714,
        48.10545
       ],
       [
        10.13689,
        48.10629
       ],
       [
        10.13586,
        48.10776
       ],
       [
        10.11726,
        48.12063
       ],
       [
        10.11606,
        48.12173
       ],
       [
        10.11529,
        48.12277
       ],
       [
        10.11246,
        48.12736
       ],
       [
        10.11144,
        48.12903
       ],
       [
        10.10165,
        48.15222
       ],
       [
        10.0976,
        48.16208
       ],
       [
        10.08483,
        48.19306
       ],
       [
        10.06844,
        48.22289
       ],
       [
        10.06792,
        48.22353
       ],
       [
        10.06348,
        48.23377
       ],
       [
        10.06318,
        48.23467
       ],
       [
        10.06222,
        48.24413
       ],
       [
        10.06196,
        48.25782
       ],
       [
        10.063,
        48.26989
       ],
       [
        10.04426,
        48.29291
       ],
       [
        10.01221,
        48.33129
       ],
       [
        9.99574,
        48.35075
       ],
       [
        9.9947,
        48.36072
       ],
       [
        9.99285,
        48.36756
       ],
       [
        9.99236,
        48.368
       ],
       [
        9.99116,
        48.3691
       ],
       [
        9.99029,
        48.36981
       ],
       [
        9.9894,
        48.37009
       ],
       [
        9.9882,
        48.37033
       ],
       [
        9.98321,
        48.36848
       ],
       [
        9.98281,
        48.36761
       ],
       [
        9.98279,
        48.36753
       ],
       [
        9.98544,
        48.36334
       ],
       [
        9.98528,
        48.36258
       ],
       [
        9.98415,
        48.362
       ],
       [
        9.9816,
        48.36147
       ],
       [
        9.97999,
        48.36158
       ],
       [
        9.97899,
        48.36189
       ],
       [
        9.96886,
        48.37062
       ],
       [
        9.96768,
        48.37221
       ],
       [
        9.96725,
        48.37392
       ],
       [
        9.96749,
        48.3754
       ],
       [
        9.9686,
        48.37704
       ],
       [
        9.96974,
        48.37835
       ],
       [
        9.97135,
        48.37987
       ],
       [
        9.9714,
        48.37992
       ],
       [
        9.99186,
        48.39391
       ],
       [
        10.02812,
        48.42405
       ],
       [
        10.02934,
        48.43513
       ],
       [
        10.02806,
        48.43715
       ],
       [
        10.03064,
        48.45279
       ],
       [
        10.03432,
        48.45801
       ],
       [
        10.05142,
        48.45719
       ],
       [
        10.05684,
        48.45731
       ],
       [
        10.06206,
        48.45787
       ],
       [
        10.07294,
        48.46035
       ],
       [
        10.08711,
        48.46439
       ],
       [
        10.10015,
        48.47089
       ],
       [
        10.11847,
        48.47037
       ],
       [
        10.12767,
        48.45615
       ],
       [
        10.13433,
        48.45498
       ],
       [
        10.15823,
        48.4582
       ],
       [
        10.17478,
        48.46948
       ],
       [
        10.18582,
        48.477
       ],
       [
        10.21804,
        48.48851
       ],
       [
        10.23542,
        48.48851
       ],
       [
        10.24055,
        48.49184
       ],
       [
        10.23372,
        48.50541
       ],
       [
        10.23073,
        48.5103
       ],
       [
        10.27622,
        48.51603
       ],
       [
        10.29763,
        48.51698
       ],
       [
        10.31214,
        48.523
       ],
       [
        10.31377,
        48.52642
       ],
       [
        10.31473,
        48.55569
       ],
       [
        10.31042,
        48.57674
       ],
       [
        10.30636,
        48.58338
       ],
       [
        10.2939,
        48.59011
       ],
       [
        10.29682,
        48.60398
       ],
       [
        10.30158,
        48.60513
       ],
       [
        10.30882,
        48.60502
       ],
       [
        10.31955,
        48.60387
       ],
       [
        10.32267,
        48.60902
       ],
       [
        10.2946,
        48.63037
       ],
       [
        10.26876,
        48.64716
       ],
       [
        10.25527,
        48.66352
       ],
       [
        10.25421,
        48.66482
       ],
       [
        10.2565,
        48.68052
       ],
       [
        10.26905,
        48.70344
       ],
       [
        10.27745,
        48.70171
       ],
       [
        10.29269,
        48.69249
       ],
       [
        10.30398,
        48.68582
       ],
       [
        10.30955,
        48.68787
       ],
       [
        10.32592,
        48.69062
       ],
       [
        10.3281,
        48.69093
       ],
       [
        10.33006,
        48.69093
       ],
       [
        10.33271,
        48.69054
       ],
       [
        10.33484,
        48.68976
       ],
       [
        10.33847,
        48.68699
       ],
       [
        10.34636,
        48.67906
       ],
       [
        10.34755,
        48.67736
       ],
       [
        10.35194,
        48.66627
       ],
       [
        10.35023,
        48.66591
       ],
       [
        10.34723,
        48.66588
       ],
       [
        10.35225,
        48.65433
       ],
       [
        10.3629,
        48.65382
       ],
       [
        10.38954,
        48.66762
       ],
       [
        10.39208,
        48.67898
       ],
       [
        10.39148,
        48.68568
       ],
       [
        10.39163,
        48.68686
       ],
       [
        10.39267,
        48.68854
       ],
       [
        10.4078,
        48.69829
       ],
       [
        10.41361,
        48.69872
       ],
       [
        10.43198,
        48.69813
       ],
       [
        10.43516,
        48.69644
       ],
       [
        10.43711,
        48.69481
       ],
       [
        10.43732,
        48.69394
       ],
       [
        10.43772,
        48.69109
       ],
       [
        10.43483,
        48.68702
       ],
       [
        10.42478,
        48.6806
       ],
       [
        10.40828,
        48.66764
       ],
       [
        10.41072,
        48.6612
       ],
       [
        10.4498,
        48.66609
       ],
       [
        10.46496,
        48.67066
       ],
       [
        10.49182,
        48.68613
       ],
       [
        10.48703,
        48.69679
       ],
       [
        10.48086,
        48.70591
       ],
       [
        10.47377,
        48.71277
       ],
       [
        10.46322,
        48.72163
       ],
       [
        10.43859,
        48.73817
       ],
       [
        10.42412,
        48.7446
       ],
       [
        10.42088,
        48.74628
       ],
       [
        10.41728,
        48.74816
       ],
       [
        10.42087,
        48.77267
       ],
       [
        10.42977,
        48.77098
       ],
       [
        10.43359,
        48.77602
       ],
       [
        10.44811,
        48.81307
       ],
       [
        10.45368,
        48.85999
       ],
       [
        10.45699,
        48.91677
       ],
       [
        10.45681,
        48.92055
       ],
       [
        10.45134,
        48.93862
       ],
       [
        10.44339,
        48.9454
       ],
       [
        10.42491,
        48.96082
       ],
       [
        10.40916,
        48.96673
       ],
       [
        10.4039,
        48.96677
       ],
       [
        10.40204,
        48.97393
       ],
       [
        10.4035,
        48.97529
       ],
       [
        10.41045,
        48.97717
       ],
       [
        10.3818,
        48.99924
       ],
       [
        10.34912,
        49.02793
       ],
       [
        10.33398,
        49.03188
       ],
       [
        10.26581,
        49.04507
       ],
       [
        10.2525,
        49.03905
       ],
       [
        10.25051,
        49.03977
       ],
       [
        10.24991,
        49.0425
       ],
       [
        10.25226,
        49.04919
       ],
       [
        10.25696,
        49.05928
       ],
       [
        10.26324,
        49.06117
       ],
       [
        10.25053,
        49.09221
       ],
       [
        10.23845,
        49.09206
       ],
       [
        10.22976,
        49.08971
       ],
       [
        10.22715,
        49.0903
       ],
       [
        10.21337,
        49.09445
       ],
       [
        10.20819,
        49.09614
       ],
       [
        10.20494,
        49.09804
       ],
       [
        10.22556,
        49.11993
       ],
       [
        10.24721,
        49.12676
       ],
       [
        10.25133,
        49.12604
       ],
       [
        10.25529,
        49.13165
       ],
       [
        10.25469,
        49.13714
       ],
       [
        10.24821,
        49.14859
       ],
       [
        10.2252,
        49.16121
       ],
       [
        10.15542,
        49.19297
       ],
       [
        10.14232,
        49.19561
       ],
       [
        10.12937,
        49.19525
       ],
       [
        10.12441,
        49.20092
       ],
       [
        10.12028,
        49.24774
       ],
       [
        10.13426,
        49.26291
       ],
       [
        10.14882,
        49.26936
       ],
       [
        10.15292,
        49.28033
       ],
       [
        10.14252,
        49.28748
       ],
       [
        10.13811,
        49.29173
       ],
       [
        10.13482,
        49.29614
       ],
       [
        10.13251,
        49.30155
       ],
       [
        10.1321,
        49.30527
       ],
       [
        10.14548,
        49.31622
       ],
       [
        10.14286,
        49.32051
       ],
       [
        10.13894,
        49.3268
       ],
       [
        10.12037,
        49.32531
       ],
       [
        10.11014,
        49.32908
       ],
       [
        10.10498,
        49.33844
       ],
       [
        10.10293,
        49.34434
       ],
       [
        10.10769,
        49.37914
       ],
       [
        10.11189,
        49.38467
       ],
       [
        10.12625,
        49.38784
       ],
       [
        10.14459,
        49.38369
       ],
       [
        10.16057,
        49.39007
       ],
       [
        10.16152,
        49.39496
       ],
       [
        10.13292,
        49.43709
       ],
       [
        10.118,
        49.443
       ],
       [
        10.11115,
        49.43946
       ],
       [
        10.09456,
        49.44658
       ],
       [
        10.09716,
        49.45673
       ],
       [
        10.10464,
        49.46266
       ],
       [
        10.11828,
        49.47204
       ],
       [
        10.11588,
        49.47832
       ],
       [
        10.11718,
        49.50324
       ],
       [
        10.08402,
        49.51206
       ],
       [
        10.07698,
        49.52005
       ],
       [
        10.0775,
        49.52571
       ],
       [
        10.09163,
        49.53101
       ],
       [
        10.08376,
        49.54332
       ],
       [
        10.06928,
        49.54475
       ],
       [
        10.03758,
        49.52921
       ],
       [
        10.03799,
        49.52847
       ],
       [
        10.04286,
        49.52482
       ],
       [
        10.05119,
        49.52065
       ],
       [
        10.06023,
        49.51937
       ],
       [
        10.06044,
        49.51885
       ],
       [
        10.01893,
        49.48551
       ],
       [
        10.01752,
        49.48502
       ],
       [
        10.01388,
        49.48385
       ],
       [
        10.01061,
        49.48338
       ],
       [
        9.95515,
        49.48105
       ],
       [
        9.92977,
        49.4842
       ],
       [
        9.91355,
        49.493
       ],
       [
        9.91605,
        49.4997
       ],
       [
        9.92467,
        49.50749
       ],
       [
        9.92487,
        49.50866
       ],
       [
        9.92613,
        49.5357
       ],
       [
        9.92658,
        49.54905
       ],
       [
        9.92479,
        49.55962
       ],
       [
        9.91217,
        49.58529
       ],
       [
        9.89935,
        49.58588
       ],
       [
        9.87518,
        49.57818
       ],
       [
        9.86471,
        49.56746
       ],
       [
        9.86607,
        49.55528
       ],
       [
        9.8591,
        49.5463
       ],
       [
        9.84345,
        49.54738
       ],
       [
        9.81165,
        49.55508
       ],
       [
        9.8093,
        49.5569
       ],
       [
        9.83821,
        49.56925
       ],
       [
        9.84837,
        49.57748
       ],
       [
        9.86742,
        49.60782
       ],
       [
        9.86719,
        49.61939
       ],
       [
        9.86668,
        49.62314
       ],
       [
        9.86359,
        49.62934
       ],
       [
        9.8543,
        49.64338
       ],
       [
        9.84183,
        49.64465
       ],
       [
        9.83755,
        49.64565
       ],
       [
        9.83418,
        49.64694
       ],
       [
        9.83156,
        49.64919
       ],
       [
        9.82232,
        49.66637
       ],
       [
        9.82433,
        49.67294
       ],
       [
        9.8312,
        49.67953
       ],
       [
        9.83246,
        49.68066
       ],
       [
        9.84035,
        49.68176
       ],
       [
        9.84013,
        49.68329
       ],
       [
        9.8314,
        49.70307
       ],
       [
        9.79589,
        49.72709
       ],
       [
        9.79068,
        49.73047
       ],
       [
        9.76848,
        49.719
       ],
       [
        9.75284,
        49.71018
       ],
       [
        9.75266,
        49.70964
       ],
       [
        9.75075,
        49.70324
       ],
       [
        9.75121,
        49.69957
       ],
       [
        9.75119,
        49.69951
       ],
       [
        9.74984,
        49.69547
       ],
       [
        9.73563,
        49.68749
       ],
       [
        9.72755,
        49.68731
       ],
       [
        9.71507,
        49.70901
       ],
       [
        9.7142,
        49.71109
       ],
       [
        9.7138,
        49.72026
       ],
       [
        9.71111,
        49.72678
       ],
       [
        9.70952,
        49.72732
       ],
       [
        9.67774,
        49.71647
       ],
       [
        9.67638,
        49.7032
       ],
       [
        9.67531,
        49.69339
       ],
       [
        9.65294,
        49.68741
       ],
       [
        9.63302,
        49.69777
       ],
       [
        9.62558,
        49.7031
       ],
       [
        9.62634,
        49.70702
       ],
       [
        9.63249,
        49.71675
       ],
       [
        9.63611,
        49.73227
       ],
       [
        9.63848,
        49.75286
       ],
       [
        9.63806,
        49.75499
       ],
       [
        9.64634,
        49.77782
       ],
       [
        9.65153,
        49.77991
       ],
       [
        9.64824,
        49.79137
       ],
       [
        9.63877,
        49.78839
       ],
       [
        9.62575,
        49.78467
       ],
       [
        9.54925,
        49.7641
       ],
       [
        9.52282,
        49.76027
       ],
       [
        9.51965,
        49.76069
       ],
       [
        9.51734,
        49.7613
       ],
       [
        9.51399,
        49.76328
       ],
       [
        9.51179,
        49.76532
       ],
       [
        9.511,
        49.7666
       ],
       [
        9.51038,
        49.76812
       ],
       [
        9.51022,
        49.77046
       ],
       [
        9.51099,
        49.77291
       ],
       [
        9.51179,
        49.77535
       ],
       [
        9.51282,
        49.7773
       ],
       [
        9.51286,
        49.77739
       ],
       [
        9.51319,
        49.77848
       ],
       [
        9.51326,
        49.78015
       ],
       [
        9.51287,
        49.78138
       ],
       [
        9.51163,
        49.7829
       ],
       [
        9.50993,
        49.78426
       ],
       [
        9.50758,
        49.7859
       ],
       [
        9.50433,
        49.78757
       ],
       [
        9.50283,
        49.78784
       ],
       [
        9.49997,
        49.78803
       ],
       [
        9.48436,
        49.78699
       ],
       [
        9.48089,
        49.78645
       ],
       [
        9.47929,
        49.78586
       ],
       [
        9.47722,
        49.78442
       ],
       [
        9.47602,
        49.78338
       ],
       [
        9.47359,
        49.78119
       ],
       [
        9.46163,
        49.76948
       ],
       [
        9.4432,
        49.77499
       ],
       [
        9.40882,
        49.77895
       ],
       [
        9.40361,
        49.77547
       ],
       [
        9.39249,
        49.76977
       ],
       [
        9.39104,
        49.76933
       ],
       [
        9.38943,
        49.76934
       ],
       [
        9.36124,
        49.77149
       ],
       [
        9.32054,
        49.76865
       ],
       [
        9.31739,
        49.76805
       ],
       [
        9.31522,
        49.76697
       ],
       [
        9.314,
        49.76578
       ],
       [
        9.29526,
        49.74045
       ],
       [
        9.29752,
        49.73797
       ],
       [
        9.32348,
        49.73118
       ],
       [
        9.32661,
        49.73121
       ],
       [
        9.32877,
        49.73168
       ],
       [
        9.33444,
        49.73401
       ],
       [
        9.34006,
        49.73438
       ],
       [
        9.36402,
        49.73133
       ],
       [
        9.37357,
        49.72837
       ],
       [
        9.37128,
        49.72589
       ],
       [
        9.36158,
        49.72314
       ],
       [
        9.35184,
        49.7219
       ],
       [
        9.34984,
        49.72137
       ],
       [
        9.34781,
        49.72031
       ],
       [
        9.34374,
        49.7172
       ],
       [
        9.35273,
        49.70719
       ],
       [
        9.35762,
        49.70398
       ],
       [
        9.36819,
        49.70371
       ],
       [
        9.37445,
        49.7042
       ],
       [
        9.38053,
        49.7061
       ],
       [
        9.38219,
        49.70707
       ],
       [
        9.38283,
        49.70935
       ],
       [
        9.38133,
        49.72598
       ],
       [
        9.38695,
        49.73077
       ],
       [
        9.40005,
        49.72873
       ],
       [
        9.41397,
        49.71383
       ],
       [
        9.42234,
        49.69597
       ],
       [
        9.42019,
        49.6908
       ],
       [
        9.41781,
        49.68751
       ],
       [
        9.40978,
        49.68175
       ],
       [
        9.40701,
        49.67942
       ],
       [
        9.40067,
        49.67391
       ],
       [
        9.39783,
        49.67112
       ],
       [
        9.39858,
        49.66829
       ],
       [
        9.40083,
        49.66689
       ],
       [
        9.40707,
        49.66318
       ],
       [
        9.41042,
        49.66221
       ],
       [
        9.41152,
        49.66207
       ],
       [
        9.41965,
        49.65831
       ],
       [
        9.41585,
        49.65284
       ],
       [
        9.40602,
        49.64506
       ],
       [
        9.38287,
        49.64316
       ],
       [
        9.34821,
        49.64855
       ],
       [
        9.31733,
        49.6506
       ],
       [
        9.29937,
        49.64832
       ],
       [
        9.27855,
        49.63775
       ],
       [
        9.26974,
        49.63252
       ],
       [
        9.26858,
        49.63175
       ],
       [
        9.27064,
        49.62652
       ],
       [
        9.28367,
        49.61721
       ],
       [
        9.28465,
        49.61487
       ],
       [
        9.24955,
        49.58459
       ],
       [
        9.24015,
        49.58111
       ],
       [
        9.21254,
        49.57537
       ],
       [
        9.19446,
        49.57388
       ],
       [
        9.18127,
        49.57378
       ],
       [
        9.17375,
        49.57771
       ],
       [
        9.16045,
        49.57871
       ],
       [
        9.1521,
        49.57904
       ],
       [
        9.10853,
        49.57943
       ],
       [
        9.10295,
        49.57754
       ],
       [
        9.08722,
        49.59737
       ],
       [
        9.08456,
        49.59977
       ],
       [
        9.08421,
        49.6
       ],
       [
        9.08188,
        49.60097
       ],
       [
        9.07492,
        49.60093
       ],
       [
        9.07004,
        49.60135
       ],
       [
        9.06717,
        49.60225
       ],
       [
        9.06679,
        49.60292
       ],
       [
        9.06533,
        49.61595
       ],
       [
        9.06551,
        49.61749
       ],
       [
        9.06839,
        49.62294
       ],
       [
        9.08113,
        49.63282
       ],
       [
        9.08621,
        49.63582
       ],
       [
        9.09178,
        49.63544
       ],
       [
        9.10213,
        49.64206
       ],
       [
        9.10306,
        49.65815
       ],
       [
        9.10314,
        49.66036
       ],
       [
        9.09029,
        49.66766
       ],
       [
        9.08899,
        49.67076
       ],
       [
        9.08805,
        49.68903
       ],
       [
        9.08926,
        49.6927
       ],
       [
        9.09012,
        49.69349
       ],
       [
        9.09174,
        49.69491
       ],
       [
        9.12737,
        49.70669
       ],
       [
        9.15043,
        49.74285
       ],
       [
        9.14475,
        49.74784
       ],
       [
        9.12818,
        49.75558
       ],
       [
        9.11171,
        49.75703
       ],
       [
        9.10631,
        49.7588
       ],
       [
        9.11417,
        49.7741
       ],
       [
        9.12705,
        49.77706
       ],
       [
        9.13306,
        49.78117
       ],
       [
        9.13444,
        49.78269
       ],
       [
        9.13079,
        49.79552
       ],
       [
        9.1079,
        49.79809
       ],
       [
        9.10315,
        49.79449
       ],
       [
        9.09413,
        49.7899
       ],
       [
        9.09046,
        49.79053
       ],
       [
        9.08679,
        49.79927
       ],
       [
        9.08077,
        49.81376
       ],
       [
        9.06657,
        49.83191
       ],
       [
        9.06266,
        49.83186
       ],
       [
        9.05905,
        49.83306
       ],
       [
        9.03849,
        49.84114
       ],
       [
        9.03757,
        49.84259
       ],
       [
        9.03684,
        49.84594
       ],
       [
        9.04344,
        49.85022
       ],
       [
        9.04272,
        49.85486
       ],
       [
        9.03452,
        49.85933
       ],
       [
        9.03306,
        49.86596
       ],
       [
        9.03537,
        49.86744
       ],
       [
        9.04293,
        49.86728
       ],
       [
        9.04974,
        49.86611
       ],
       [
        9.04582,
        49.87166
       ],
       [
        9.03751,
        49.89192
       ],
       [
        9.03144,
        49.90943
       ],
       [
        9.01929,
        49.97643
       ],
       [
        9.02117,
        49.98513
       ],
       [
        9.02037,
        49.99102
       ],
       [
        9.02427,
        49.9963
       ],
       [
        9.03474,
        50.00342
       ],
       [
        9.03288,
        50.03614
       ],
       [
        9.03262,
        50.03732
       ],
       [
        9.03198,
        50.03837
       ],
       [
        9.03098,
        50.03926
       ],
       [
        9.02952,
        50.0403
       ],
       [
        9.02759,
        50.04156
       ],
       [
        9.02528,
        50.04262
       ],
       [
        9.02138,
        50.04356
       ],
       [
        9.01332,
        50.04523
       ],
       [
        9.01027,
        50.04538
       ],
       [
        9.00614,
        50.0452
       ],
       [
        9.00323,
        50.04449
       ],
       [
        8.99906,
        50.04346
       ],
       [
        8.99537,
        50.04238
       ],
       [
        8.99176,
        50.04173
       ],
       [
        8.98714,
        50.04167
       ],
       [
        8.98443,
        50.04189
       ],
       [
        8.98243,
        50.04244
       ],
       [
        8.97972,
        50.04432
       ],
       [
        8.97826,
        50.04575
       ],
       [
        8.97732,
        50.04719
       ],
       [
        8.97716,
        50.04869
       ],
       [
        8.97732,
        50.05053
       ],
       [
        8.97786,
        50.05201
       ],
       [
        8.99112,
        50.06667
       ],
       [
        8.99863,
        50.07375
       ],
       [
        8.99808,
        50.08272
       ],
       [
        8.99784,
        50.09186
       ],
       [
        9.0121,
        50.10667
       ],
       [
        9.01454,
        50.10891
       ],
       [
        9.01865,
        50.11129
       ],
       [
        9.02238,
        50.11204
       ],
       [
        9.04392,
        50.1151
       ],
       [
        9.06519,
        50.11654
       ],
       [
        9.07813,
        50.11571
       ],
       [
        9.09283,
        50.11779
       ],
       [
        9.09845,
        50.12608
       ],
       [
        9.11726,
        50.12667
       ],
       [
        9.12126,
        50.12615
       ],
       [
        9.12254,
        50.1255
       ],
       [
        9.12459,
        50.12445
       ],
       [
        9.13098,
        50.12111
       ],
       [
        9.14491,
        50.11381
       ],
       [
        9.14996,
        50.10447
       ],
       [
        9.16036,
        50.10105
       ],
       [
        9.1725,
        50.1181
       ],
       [
        9.18558,
        50.13594
       ],
       [
        9.21183,
        50.14657
       ],
       [
        9.22707,
        50.1474
       ],
       [
        9.27478,
        50.14272
       ],
       [
        9.2836,
        50.14183
       ],
       [
        9.31561,
        50.1354
       ],
       [
        9.33952,
        50.13221
       ],
       [
        9.37098,
        50.13128
       ],
       [
        9.37315,
        50.13073
       ],
       [
        9.37609,
        50.12907
       ],
       [
        9.38385,
        50.11824
       ],
       [
        9.38681,
        50.10991
       ],
       [
        9.39609,
        50.09557
       ],
       [
        9.39813,
        50.09333
       ],
       [
        9.40081,
        50.09117
       ],
       [
        9.40465,
        50.08843
       ],
       [
        9.41108,
        50.08496
       ],
       [
        9.41314,
        50.08462
       ],
       [
        9.43195,
        50.08467
       ],
       [
        9.43535,
        50.08519
       ],
       [
        9.43787,
        50.08615
       ],
       [
        9.44319,
        50.08891
       ],
       [
        9.44536,
        50.08959
       ],
       [
        9.479,
        50.09473
       ],
       [
        9.48145,
        50.0951
       ],
       [
        9.49703,
        50.09531
       ],
       [
        9.5102,
        50.09438
       ],
       [
        9.51301,
        50.0943
       ],
       [
        9.51917,
        50.10573
       ],
       [
        9.51933,
        50.11269
       ],
       [
        9.51909,
        50.11417
       ],
       [
        9.51301,
        50.12367
       ],
       [
        9.50917,
        50.1328
       ],
       [
        9.50736,
        50.14545
       ],
       [
        9.5049,
        50.16925
       ],
       [
        9.50749,
        50.19544
       ],
       [
        9.51063,
        50.20148
       ],
       [
        9.50223,
        50.21227
       ],
       [
        9.4947,
        50.22612
       ],
       [
        9.49443,
        50.22757
       ],
       [
        9.49854,
        50.24013
       ],
       [
        9.49892,
        50.24113
       ],
       [
        9.50138,
        50.24222
       ],
       [
        9.50282,
        50.24217
       ],
       [
        9.51704,
        50.23365
       ],
       [
        9.52887,
        50.23429
       ],
       [
        9.53142,
        50.23437
       ],
       [
        9.57531,
        50.23297
       ],
       [
        9.58031,
        50.22707
       ],
       [
        9.58062,
        50.22332
       ],
       [
        9.58317,
        50.22151
       ],
       [
        9.60756,
        50.2213
       ],
       [
        9.61808,
        50.2218
       ],
       [
        9.62006,
        50.22202
       ],
       [
        9.62215,
        50.22271
       ],
       [
        9.62329,
        50.22373
       ],
       [
        9.62369,
        50.22517
       ],
       [
        9.62347,
        50.22595
       ],
       [
        9.62208,
        50.22908
       ],
       [
        9.6354,
        50.23501
       ],
       [
        9.63782,
        50.24991
       ],
       [
        9.66473,
        50.27166
       ],
       [
        9.6912,
        50.27753
       ],
       [
        9.69488,
        50.2784
       ],
       [
        9.70334,
        50.28062
       ],
       [
        9.73453,
        50.29945
       ],
       [
        9.73857,
        50.30232
       ],
       [
        9.74536,
        50.31015
       ],
       [
        9.74793,
        50.31472
       ],
       [
        9.7474,
        50.33988
       ],
       [
        9.74709,
        50.34145
       ],
       [
        9.74314,
        50.34664
       ],
       [
        9.73224,
        50.35616
       ],
       [
        9.74206,
        50.36291
       ],
       [
        9.74451,
        50.36482
       ],
       [
        9.74549,
        50.36623
       ],
       [
        9.75176,
        50.38144
       ],
       [
        9.75418,
        50.38746
       ],
       [
        9.76086,
        50.40489
       ],
       [
        9.75166,
        50.41492
       ],
       [
        9.75719,
        50.42326
       ],
       [
        9.76076,
        50.42488
       ],
       [
        9.76324,
        50.42518
       ],
       [
        9.76973,
        50.42584
       ],
       [
        9.77164,
        50.42493
       ],
       [
        9.7782,
        50.41917
       ],
       [
        9.7893,
        50.4251
       ],
       [
        9.79689,
        50.42515
       ],
       [
        9.8029,
        50.424
       ],
       [
        9.80702,
        50.42257
       ],
       [
        9.80991,
        50.42014
       ],
       [
        9.81364,
        50.41186
       ],
       [
        9.82181,
        50.40692
       ],
       [
        9.82459,
        50.40528
       ],
       [
        9.85978,
        50.39748
       ],
       [
        9.88338,
        50.40023
       ],
       [
        9.88571,
        50.40063
       ],
       [
        9.9024,
        50.4045
       ],
       [
        9.92014,
        50.41142
       ],
       [
        9.92183,
        50.41237
       ],
       [
        9.93443,
        50.41941
       ],
       [
        9.962,
        50.42972
       ],
       [
        9.97808,
        50.44224
       ],
       [
        9.99766,
        50.46078
       ],
       [
        9.99903,
        50.46173
       ],
       [
        10.0,
        50.46203
       ],
       [
        10.01847,
        50.46713
       ],
       [
        10.01926,
        50.46805
       ],
       [
        10.02071,
        50.46985
       ],
       [
        10.03466,
        50.4908
       ],
       [
        10.03747,
        50.49998
       ],
       [
        10.0414,
        50.51674
       ],
       [
        10.04566,
        50.51732
       ],
       [
        10.051,
        50.51886
       ],
       [
        10.06585,
        50.52841
       ],
       [
        10.06857,
        50.5303
       ],
       [
        10.09415,
        50.5484
       ],
       [
        10.09992,
        50.55389
       ],
       [
        10.10014,
        50.55817
       ],
       [
        10.10706,
        50.56333
       ],
       [
        10.1204,
        50.56445
       ],
       [
        10.12469,
        50.56129
       ],
       [
        10.1253,
        50.55904
       ],
       [
        10.12638,
        50.55289
       ],
       [
        10.13023,
        50.54856
       ],
       [
        10.14356,
        50.54273
       ],
       [
        10.14704,
        50.54339
       ],
       [
        10.14764,
        50.54975
       ],
       [
        10.15078,
        50.55197
       ],
       [
        10.19387,
        50.55484
       ],
       [
        10.19724,
        50.5548
       ],
       [
        10.20393,
        50.55447
       ],
       [
        10.23155,
        50.53068
       ],
       [
        10.24314,
        50.51339
       ],
       [
        10.308,
        50.49348
       ],
       [
        10.31023,
        50.4939
       ],
       [
        10.32557,
        50.4945
       ],
       [
        10.33058,
        50.4942
       ],
       [
        10.34145,
        50.48305
       ],
       [
        10.34827,
        50.46073
       ],
       [
        10.36112,
        50.44824
       ],
       [
        10.39317,
        50.42892
       ],
       [
        10.3839,
        50.4089
       ],
       [
        10.38426,
        50.40371
       ],
       [
        10.38834,
        50.4
       ],
       [
        10.39414,
        50.39474
       ],
       [
        10.42379,
        50.39278
       ],
       [
        10.43857,
        50.3951
       ],
       [
        10.43712,
        50.39984
       ],
       [
        10.43715,
        50.4
       ],
       [
        10.43778,
        50.40158
       ],
       [
        10.44411,
        50.4033
       ],
       [
        10.44666,
        50.40322
       ],
       [
        10.45185,
        50.40218
       ],
       [
        10.46005,
        50.38779
       ],
       [
        10.47317,
        50.37317
       ],
       [
        10.49812,
        50.35758
       ],
       [
        10.51301,
        50.35062
       ],
       [
        10.51603,
        50.35033
       ],
       [
        10.52351,
        50.35471
       ],
       [
        10.55479,
        50.35396
       ],
       [
        10.56546,
        50.3379
       ],
       [
        10.57133,
        50.33763
       ],
       [
        10.6013,
        50.33359
       ],
       [
        10.59992,
        50.30218
       ],
       [
        10.59323,
        50.27785
       ],
       [
        10.591,
        50.2718
       ],
       [
        10.60207,
        50.24307
       ],
       [
        10.61016,
        50.22803
       ],
       [
        10.61248,
        50.22417
       ],
       [
        10.63495,
        50.22327
       ],
       [
        10.66257,
        50.22713
       ],
       [
        10.6755,
        50.22344
       ],
       [
        10.68733,
        50.21898
       ],
       [
        10.69593,
        50.21244
       ],
       [
        10.71722,
        50.20423
       ],
       [
        10.72276,
        50.20501
       ],
       [
        10.72426,
        50.20568
       ],
       [
        10.73073,
        50.21184
       ],
       [
        10.73118,
        50.21301
       ],
       [
        10.73131,
        50.21413
       ],
       [
        10.72919,
        50.23018
       ],
       [
        10.72657,
        50.23071
       ],
       [
        10.72677,
        50.24705
       ],
       [
        10.7276,
        50.24937
       ],
       [
        10.7321,
        50.25134
       ],
       [
        10.74818,
        50.24862
       ],
       [
        10.74616,
        50.24378
       ],
       [
        10.76985,
        50.24159
       ],
       [
        10.8279,
        50.23783
       ],
       [
        10.83591,
        50.23922
       ],
       [
        10.84525,
        50.2431
       ],
       [
        10.84829,
        50.24537
       ],
       [
        10.85133,
        50.25306
       ],
       [
        10.85056,
        50.26581
       ],
       [
        10.84613,
        50.27248
       ],
       [
        10.84048,
        50.27423
       ],
       [
        10.83839,
        50.27344
       ],
       [
        10.8357,
        50.27339
       ],
       [
        10.80679,
        50.27929
       ],
       [
        10.76886,
        50.29449
       ],
       [
        10.71586,
        50.32127
       ],
       [
        10.71288,
        50.35461
       ],
       [
        10.71501,
        50.36365
       ],
       [
        10.74006,
        50.36295
       ],
       [
        10.74729,
        50.35917
       ],
       [
        10.7499,
        50.35831
       ],
       [
        10.75274,
        50.35816
       ],
       [
        10.75557,
        50.35869
       ],
       [
        10.75821,
        50.36036
       ],
       [
        10.774,
        50.37196
       ],
       [
        10.78079,
        50.38035
       ],
       [
        10.78614,
        50.38525
       ],
       [
        10.86037,
        50.38752
       ],
       [
        10.89981,
        50.38482
       ],
       [
        10.90832,
        50.38732
       ],
       [
        10.93283,
        50.39287
       ],
       [
        10.93747,
        50.39239
       ],
       [
        10.94569,
        50.38675
       ],
       [
        10.94985,
        50.38309
       ],
       [
        10.95817,
        50.37558
       ],
       [
        10.9581,
        50.36867
       ],
       [
        10.98253,
        50.35153
       ],
       [
        10.99427,
        50.35398
       ],
       [
        10.99311,
        50.36566
       ],
       [
        11.00787,
        50.3643
       ],
       [
        11.03577,
        50.36112
       ],
       [
        11.04382,
        50.35352
       ],
       [
        11.04378,
        50.35259
       ],
       [
        11.03317,
        50.35139
       ],
       [
        11.0374,
        50.34554
       ],
       [
        11.04384,
        50.34462
       ],
       [
        11.08325,
        50.3563
       ],
       [
        11.08853,
        50.36565
       ],
       [
        11.10094,
        50.36749
       ],
       [
        11.1131,
        50.36755
       ],
       [
        11.11575,
        50.36688
       ],
       [
        11.13688,
        50.34975
       ],
       [
        11.15816,
        50.33179
       ],
       [
        11.15888,
        50.33007
       ],
       [
        11.15982,
        50.32489
       ],
       [
        11.15839,
        50.3236
       ],
       [
        11.15257,
        50.323
       ],
       [
        11.13907,
        50.31677
       ],
       [
        11.13309,
        50.31162
       ],
       [
        11.13214,
        50.30519
       ],
       [
        11.13335,
        50.30022
       ],
       [
        11.14188,
        50.28945
       ],
       [
        11.14668,
        50.2852
       ],
       [
        11.1783,
        50.26908
       ],
       [
        11.18747,
        50.26975
       ],
       [
        11.18903,
        50.27085
       ],
       [
        11.19092,
        50.28026
       ],
       [
        11.19691,
        50.29232
       ],
       [
        11.19763,
        50.29243
       ],
       [
        11.21585,
        50.2836
       ],
       [
        11.22608,
        50.27687
       ],
       [
        11.24816,
        50.26728
       ],
       [
        11.25374,
        50.26896
       ],
       [
        11.2615,
        50.27477
       ],
       [
        11.26035,
        50.3001
       ],
       [
        11.25715,
        50.32179
       ],
       [
        11.25695,
        50.32273
       ],
       [
        11.26465,
        50.35392
       ],
       [
        11.27949,
        50.35639
       ],
       [
        11.28303,
        50.35868
       ],
       [
        11.28367,
        50.36092
       ],
       [
        11.27802,
        50.37892
       ],
       [
        11.27055,
        50.39377
       ],
       [
        11.26576,
        50.41599
       ],
       [
        11.26768,
        50.43086
       ],
       [
        11.26773,
        50.43404
       ],
       [
        11.26763,
        50.43446
       ],
       [
        11.26749,
        50.43486
       ],
       [
        11.26375,
        50.44218
       ],
       [
        11.2516,
        50.4638
       ],
       [
        11.25026,
        50.46577
       ],
       [
        11.24601,
        50.46928
       ],
       [
        11.24513,
        50.47066
       ],
       [
        11.24508,
        50.47195
       ],
       [
        11.2475,
        50.47822
       ],
       [
        11.25077,
        50.4805
       ],
       [
        11.25719,
        50.48178
       ],
       [
        11.26046,
        50.48165
       ],
       [
        11.26499,
        50.48034
       ],
       [
        11.27473,
        50.48247
       ],
       [
        11.28864,
        50.48544
       ],
       [
        11.30255,
        50.48551
       ],
       [
        11.32163,
        50.49041
       ],
       [
        11.32262,
        50.49136
       ],
       [
        11.32518,
        50.49809
       ],
       [
        11.33248,
        50.50927
       ],
       [
        11.34451,
        50.51991
       ],
       [
        11.34652,
        50.52028
       ],
       [
        11.36901,
        50.52222
       ],
       [
        11.37532,
        50.52167
       ],
       [
        11.42338,
        50.51516
       ],
       [
        11.42504,
        50.51489
       ],
       [
        11.42608,
        50.51446
       ],
       [
        11.4273,
        50.51371
       ],
       [
        11.42935,
        50.51173
       ],
       [
        11.4319,
        50.5091
       ],
       [
        11.43934,
        50.50102
       ],
       [
        11.43961,
        50.50031
       ],
       [
        11.43965,
        50.49942
       ],
       [
        11.4394,
        50.4975
       ],
       [
        11.43616,
        50.4927
       ],
       [
        11.43413,
        50.49203
       ],
       [
        11.43163,
        50.49226
       ],
       [
        11.4194,
        50.49502
       ],
       [
        11.41907,
        50.49458
       ],
       [
        11.41837,
        50.47206
       ],
       [
        11.41864,
        50.45014
       ],
       [
        11.41883,
        50.44919
       ],
       [
        11.41956,
        50.44579
       ],
       [
        11.42083,
        50.44342
       ],
       [
        11.42471,
        50.44155
       ],
       [
        11.45134,
        50.43122
       ],
       [
        11.47995,
        50.43185
       ],
       [
        11.48377,
        50.43057
       ],
       [
        11.49771,
        50.3991
       ],
       [
        11.52039,
        50.38028
       ],
       [
        11.53026,
        50.37983
       ],
       [
        11.55824,
        50.38317
       ],
       [
        11.56484,
        50.38694
       ],
       [
        11.56684,
        50.39046
       ],
       [
        11.56687,
        50.39421
       ],
       [
        11.56828,
        50.39712
       ],
       [
        11.57095,
        50.39943
       ],
       [
        11.57359,
        50.4
       ],
       [
        11.59312,
        50.40214
       ],
       [
        11.59419,
        50.4021
       ],
       [
        11.59538,
        50.40199
       ],
       [
        11.59682,
        50.40161
       ],
       [
        11.59786,
        50.40113
       ],
       [
        11.60318,
        50.39816
       ],
       [
        11.61839,
        50.38806
       ],
       [
        11.61979,
        50.38739
       ],
       [
        11.62144,
        50.3869
       ],
       [
        11.62334,
        50.38659
       ],
       [
        11.62517,
        50.3865
       ],
       [
        11.69927,
        50.39863
       ],
       [
        11.74085,
        50.40906
       ],
       [
        11.7516,
        50.41405
       ],
       [
        11.77772,
        50.41742
       ],
       [
        11.77889,
        50.41754
       ],
       [
        11.79362,
        50.41827
       ],
       [
        11.79495,
        50.41819
       ],
       [
        11.79621,
        50.41791
       ],
       [
        11.80256,
        50.41322
       ],
       [
        11.80344,
        50.41252
       ],
       [
        11.814,
        50.40027
       ],
       [
        11.81854,
        50.3929
       ],
       [
        11.8187,
        50.39205
       ],
       [
        11.81916,
        50.39126
       ],
       [
        11.82041,
        50.39064
       ],
       [
        11.82224,
        50.38993
       ],
       [
        11.82384,
        50.38979
       ],
       [
        11.86682,
        50.4008
       ],
       [
        11.87757,
        50.4097
       ],
       [
        11.88042,
        50.41402
       ],
       [
        11.88168,
        50.41548
       ],
       [
        11.88343,
        50.41623
       ],
       [
        11.91377,
        50.42409
       ],
       [
        11.91757,
        50.42455
       ],
       [
        11.92202,
        50.42436
       ],
       [
        11.9342,
        50.42304
       ],
       [
        11.94538,
        50.41628
       ],
       [
        11.96919,
        50.39685
       ],
       [
        11.97755,
        50.38552
       ],
       [
        11.98445,
        50.37571
       ],
       [
        11.97915,
        50.36891
       ],
       [
        11.97777,
        50.36236
       ],
       [
        11.97594,
        50.3513
       ],
       [
        11.97954,
        50.34938
       ],
       [
        11.99674,
        50.35414
       ],
       [
        12.02745,
        50.34102
       ],
       [
        12.03099,
        50.33896
       ],
       [
        12.05686,
        50.33127
       ],
       [
        12.06431,
        50.33298
       ],
       [
        12.08783,
        50.33264
       ],
       [
        12.09124,
        50.33216
       ],
       [
        12.09742,
        50.32303
       ],
       [
        12.10059,
        50.31818
       ],
       [
        12.11936,
        50.31064
       ],
       [
        12.12223,
        50.30938
       ],
       [
        12.12391,
        50.30848
       ],
       [
        12.12522,
        50.30778
       ],
       [
        12.12541,
        50.30748
       ],
       [
        12.13958,
        50.27797
       ],
       [
        12.13948,
        50.27663
       ],
       [
        12.13824,
        50.27499
       ],
       [
        12.12602,
        50.26955
       ],
       [
        12.12326,
        50.26887
       ],
       [
        12.11586,
        50.26798
       ],
       [
        12.11279,
        50.26739
       ],
       [
        12.0992,
        50.26212
       ],
       [
        12.0914,
        50.25222
       ],
       [
        12.09097,
        50.25144
       ],
       [
        12.09577,
        50.24736
       ],
       [
        12.10918,
        50.23818
       ],
       [
        12.1219,
        50.23503
       ],
       [
        12.1363,
        50.23195
       ],
       [
        12.13797,
        50.23202
       ],
       [
        12.1467,
        50.23111
       ],
       [
        12.15599,
        50.22817
       ],
       [
        12.15759,
        50.22736
       ],
       [
        12.15895,
        50.22585
       ],
       [
        12.16147,
        50.22041
       ],
       [
        12.1615,
        50.22035
       ],
       [
        12.17523,
        50.21207
       ],
       [
        12.17612,
        50.21149
       ],
       [
        12.18781,
        50.20105
       ],
       [
        12.20003,
        50.18933
       ],
       [
        12.20073,
        50.18848
       ],
       [
        12.21521,
        50.16873
       ],
       [
        12.21485,
        50.16464
       ],
       [
        12.21099,
        50.15896
       ],
       [
        12.20267,
        50.15058
       ],
       [
        12.19545,
        50.14304
       ],
       [
        12.19472,
        50.1378
       ],
       [
        12.19681,
        50.1239
       ],
       [
        12.19934,
        50.11119
       ],
       [
        12.19961,
        50.11011
       ],
       [
        12.20034,
        50.10951
       ],
       [
        12.21073,
        50.10278
       ],
       [
        12.2319,
        50.09463
       ],
       [
        12.23201,
        50.0946
       ],
       [
        12.233,
        50.09454
       ],
       [
        12.23486,
        50.09463
       ],
       [
        12.25554,
        50.08567
       ],
       [
        12.27552,
        50.07618
       ],
       [
        12.26374,
        50.06701
       ],
       [
        12.26119,
        50.06417
       ],
       [
        12.26026,
        50.06293
       ],
       [
        12.25948,
        50.06032
       ],
       [
        12.25994,
        50.05913
       ],
       [
        12.26085,
        50.05834
       ],
       [
        12.27358,
        50.06042
       ],
       [
        12.28015,
        50.05526
       ],
       [
        12.29672,
        50.05836
       ],
       [
        12.29876,
        50.05844
       ],
       [
        12.30036,
        50.05825
       ],
       [
        12.30207,
        50.05784
       ],
       [
        12.31763,
        50.05245
       ],
       [
        12.3186,
        50.05153
       ],
       [
        12.32958,
        50.03392
       ],
       [
        12.38199,
        50.01349
       ],
       [
        12.40297,
        50.00601
       ],
       [
        12.42427,
        50.0009
       ],
       [
        12.46046,
        49.99449
       ],
       [
        12.46428,
        49.99402
       ],
       [
        12.4654,
        49.9936
       ],
       [
        12.46726,
        49.99288
       ],
       [
        12.48982,
        49.98168
       ],
       [
        12.49912,
        49.97191
       ],
       [
        12.49278,
        49.96507
       ],
       [
        12.48255,
        49.95842
       ],
       [
        12.48077,
        49.95819
       ],
       [
        12.47907,
        49.9574
       ],
       [
        12.47757,
        49.95645
       ],
       [
        12.47095,
        49.94899
       ],
       [
        12.47091,
        49.94893
       ],
       [
        12.47031,
        49.94792
       ],
       [
        12.47025,
        49.94625
       ],
       [
        12.47095,
        49.94494
       ],
       [
        12.47859,
        49.93599
       ],
       [
        12.49446,
        49.9332
       ],
       [
        12.53841,
        49.92479
       ],
       [
        12.54185,
        49.92371
       ],
       [
        12.54458,
        49.92253
       ],
       [
        12.54656,
        49.92128
       ],
       [
        12.54789,
        49.92018
       ],
       [
        12.54871,
        49.91875
       ],
       [
        12.55061,
        49.91113
       ],
       [
        12.55108,
        49.90859
       ],
       [
        12.5511,
        49.90419
       ],
       [
        12.55083,
        49.90269
       ],
       [
        12.54851,
        49.89889
       ],
       [
        12.54022,
        49.89119
       ],
       [
        12.51763,
        49.86642
       ],
       [
        12.49846,
        49.83884
       ],
       [
        12.49773,
        49.8382
       ],
       [
        12.48989,
        49.84082
       ],
       [
        12.48699,
        49.84189
       ],
       [
        12.48332,
        49.84164
       ],
       [
        12.48178,
        49.84122
       ],
       [
        12.47751,
        49.83765
       ],
       [
        12.47325,
        49.83362
       ],
       [
        12.47293,
        49.83211
       ],
       [
        12.47355,
        49.8175
       ],
       [
        12.47417,
        49.79033
       ],
       [
        12.47415,
        49.79024
       ],
       [
        12.47369,
        49.78856
       ],
       [
        12.4726,
        49.78763
       ],
       [
        12.47132,
        49.78696
       ],
       [
        12.40396,
        49.76174
       ],
       [
        12.40182,
        49.7582
       ],
       [
        12.40145,
        49.75521
       ],
       [
        12.40146,
        49.75392
       ],
       [
        12.40464,
        49.7436
       ],
       [
        12.41382,
        49.73245
       ],
       [
        12.44031,
        49.70609
       ],
       [
        12.44162,
        49.705
       ],
       [
        12.44338,
        49.70384
       ],
       [
        12.44584,
        49.70265
       ],
       [
        12.44823,
        49.70202
       ],
       [
        12.44981,
        49.70162
       ],
       [
        12.45145,
        49.70146
       ],
       [
        12.45275,
        49.70139
       ],
       [
        12.52148,
        49.68653
       ],
       [
        12.52195,
        49.68564
       ],
       [
        12.52958,
        49.66745
       ],
       [
        12.5299,
        49.66654
       ],
       [
        12.52966,
        49.66566
       ],
       [
        12.52513,
        49.65368
       ],
       [
        12.5226,
        49.63231
       ],
       [
        12.52948,
        49.6183
       ],
       [
        12.53597,
        49.61823
       ],
       [
        12.5422,
        49.62011
       ],
       [
        12.54609,
        49.62125
       ],
       [
        12.55433,
        49.62092
       ],
       [
        12.55895,
        49.62038
       ],
       [
        12.56076,
        49.61973
       ],
       [
        12.57598,
        49.5869
       ],
       [
        12.57613,
        49.58615
       ],
       [
        12.57619,
        49.5855
       ],
       [
        12.57582,
        49.58421
       ],
       [
        12.57136,
        49.56913
       ],
       [
        12.57447,
        49.5596
       ],
       [
        12.59317,
        49.54272
       ],
       [
        12.58925,
        49.5388
       ],
       [
        12.58944,
        49.53783
       ],
       [
        12.60679,
        49.53092
       ],
       [
        12.615,
        49.52857
       ],
       [
        12.62076,
        49.52691
       ],
       [
        12.62846,
        49.52713
       ],
       [
        12.63019,
        49.53118
       ],
       [
        12.63182,
        49.53189
       ],
       [
        12.63648,
        49.53132
       ],
       [
        12.63851,
        49.52993
       ],
       [
        12.64494,
        49.52195
       ],
       [
        12.64343,
        49.48809
       ],
       [
        12.6432,
        49.48699
       ],
       [
        12.64293,
        49.48591
       ],
       [
        12.64265,
        49.48549
       ],
       [
        12.64198,
        49.48474
       ],
       [
        12.63278,
        49.47593
       ],
       [
        12.63302,
        49.47592
       ],
       [
        12.63581,
        49.47562
       ],
       [
        12.63701,
        49.47521
       ],
       [
        12.64933,
        49.46862
       ],
       [
        12.65821,
        49.45076
       ],
       [
        12.6584,
        49.44125
       ],
       [
        12.65822,
        49.43994
       ],
       [
        12.65771,
        49.43836
       ],
       [
        12.6559,
        49.43469
       ],
       [
        12.66666,
        49.43097
       ],
       [
        12.67965,
        49.42656
       ],
       [
        12.70734,
        49.42473
       ],
       [
        12.73221,
        49.41025
       ],
       [
        12.75831,
        49.39429
       ],
       [
        12.76088,
        49.38277
       ],
       [
        12.7583,
        49.37496
       ],
       [
        12.7792,
        49.34735
       ],
       [
        12.80276,
        49.3411
       ],
       [
        12.87427,
        49.33343
       ],
       [
        12.88882,
        49.33345
       ],
       [
        12.88873,
        49.33398
       ],
       [
        12.88836,
        49.33489
       ],
       [
        12.88727,
        49.33653
       ],
       [
        12.88648,
        49.33757
       ],
       [
        12.88162,
        49.34344
       ],
       [
        12.88096,
        49.34445
       ],
       [
        12.87918,
        49.35028
       ],
       [
        12.9013,
        49.34971
       ],
       [
        12.95029,
        49.34255
       ],
       [
        12.97246,
        49.33399
       ],
       [
        13.02917,
        49.30424
       ],
       [
        13.03072,
        49.28719
       ],
       [
        13.02627,
        49.27904
       ],
       [
        13.03378,
        49.26515
       ],
       [
        13.06086,
        49.25093
       ],
       [
        13.06943,
        49.24833
       ],
       [
        13.08844,
        49.22815
       ],
       [
        13.11014,
        49.20329
       ],
       [
        13.11753,
        49.19919
       ],
       [
        13.16176,
        49.17486
       ],
       [
        13.17121,
        49.17304
       ],
       [
        13.1772,
        49.16426
       ],
       [
        13.17534,
        49.15843
       ],
       [
        13.1742,
        49.15492
       ],
       [
        13.17341,
        49.1525
       ],
       [
        13.1708,
        49.14408
       ],
       [
        13.18333,
        49.13477
       ],
       [
        13.18354,
        49.13462
       ],
       [
        13.2051,
        49.12332
       ],
       [
        13.21126,
        49.12144
       ],
       [
        13.21311,
        49.1209
       ],
       [
        13.23689,
        49.114
       ],
       [
        13.25903,
        49.11771
       ],
       [
        13.27619,
        49.12058
       ],
       [
        13.2823,
        49.12052
       ],
       [
        13.28941,
        49.11842
       ],
       [
        13.3277,
        49.0971
       ],
       [
        13.3955,
        49.05205
       ],
       [
        13.39914,
        49.04957
       ],
       [
        13.39967,
        49.04846
       ],
       [
        13.40558,
        49.02456
       ],
       [
        13.40929,
        49.00308
       ],
       [
        13.40279,
        48.99462
       ],
       [
        13.40311,
        48.98769
       ],
       [
        13.41733,
        48.98001
       ],
       [
        13.43278,
        48.97204
       ],
       [
        13.49567,
        48.94142
       ],
       [
        13.50866,
        48.94186
       ],
       [
        13.50697,
        48.95309
       ],
       [
        13.50592,
        48.96014
       ],
       [
        13.50777,
        48.96901
       ],
       [
        13.52901,
        48.97382
       ],
       [
        13.53654,
        48.97349
       ],
       [
        13.57284,
        48.96651
       ],
       [
        13.6226,
        48.9386
       ],
       [
        13.63656,
        48.92598
       ],
       [
        13.65541,
        48.89366
       ],
       [
        13.6713,
        48.88002
       ],
       [
        13.67594,
        48.8787
       ],
       [
        13.69136,
        48.87846
       ],
       [
        13.71778,
        48.8786
       ],
       [
        13.71952,
        48.87879
       ],
       [
        13.72104,
        48.87923
       ],
       [
        13.75108,
        48.86431
       ],
       [
        13.75275,
        48.85666
       ],
       [
        13.76649,
        48.83434
       ],
       [
        13.76705,
        48.83367
       ],
       [
        13.76819,
        48.83303
       ],
       [
        13.76973,
        48.83241
       ],
       [
        13.78913,
        48.82573
       ],
       [
        13.81561,
        48.79691
       ],
       [
        13.80503,
        48.78111
       ],
       [
        13.81362,
        48.77398
       ],
       [
        13.82839,
        48.77135
       ],
       [
        13.83205,
        48.77108
       ],
       [
        13.83459,
        48.77123
       ],
       [
        13.83504,
        48.76209
       ],
       [
        13.82055,
        48.74208
       ],
       [
        13.81061,
        48.72842
       ],
       [
        13.79678,
        48.71298
       ],
       [
        13.80209,
        48.70896
       ],
       [
        13.81511,
        48.69406
       ],
       [
        13.81411,
        48.69313
       ],
       [
        13.81363,
        48.69197
       ],
       [
        13.81333,
        48.69066
       ],
       [
        13.81365,
        48.68469
       ],
       [
        13.81384,
        48.68367
       ],
       [
        13.81807,
        48.66166
       ],
       [
        13.82351,
        48.64185
       ],
       [
        13.82542,
        48.63499
       ],
       [
        13.8257,
        48.62696
       ],
       [
        13.82522,
        48.61992
       ],
       [
        13.82513,
        48.61931
       ],
       [
        13.82489,
        48.61867
       ],
       [
        13.80551,
        48.57949
       ],
       [
        13.80514,
        48.5788
       ],
       [
        13.80334,
        48.57563
       ],
       [
        13.80244,
        48.57473
       ],
       [
        13.80054,
        48.57332
       ],
       [
        13.77259,
        48.55749
       ],
       [
        13.76116,
        48.5654
       ],
       [
        13.7552,
        48.56493
       ],
       [
        13.74705,
        48.55348
       ],
       [
        13.74371,
        48.54423
       ],
       [
        13.74409,
        48.54135
       ],
       [
        13.74899,
        48.53937
       ],
       [
        13.74863,
        48.53607
       ],
       [
        13.7481,
        48.53119
       ],
       [
        13.74664,
        48.52938
       ],
       [
        13.73236,
        48.51635
       ],
       [
        13.72685,
        48.51268
       ],
       [
        13.71208,
        48.51615
       ],
       [
        13.70757,
        48.51739
       ],
       [
        13.66625,
        48.53363
       ],
       [
        13.66391,
        48.53455
       ],
       [
        13.6622,
        48.53538
       ],
       [
        13.66091,
        48.53616
       ],
       [
        13.65976,
        48.53741
       ],
       [
        13.65887,
        48.539
       ],
       [
        13.65506,
        48.54566
       ],
       [
        13.65344,
        48.54767
       ],
       [
        13.65242,
        48.54869
       ],
       [
        13.65067,
        48.54965
       ],
       [
        13.64857,
        48.55032
       ],
       [
        13.61475,
        48.56009
       ],
       [
        13.58307,
        48.5619
       ],
       [
        13.5815,
        48.56089
       ],
       [
        13.58002,
        48.56045
       ],
       [
        13.57764,
        48.55995
       ],
       [
        13.57521,
        48.55987
       ],
       [
        13.57313,
        48.56021
       ],
       [
        13.57096,
        48.56104
       ],
       [
        13.56875,
        48.56195
       ],
       [
        13.55274,
        48.56907
       ],
       [
        13.55141,
        48.56979
       ],
       [
        13.54851,
        48.57173
       ],
       [
        13.54738,
        48.57253
       ],
       [
        13.54454,
        48.57453
       ],
       [
        13.53533,
        48.58134
       ],
       [
        13.53094,
        48.58419
       ],
       [
        13.52731,
        48.58636
       ],
       [
        13.52451,
        48.58779
       ],
       [
        13.52171,
        48.58893
       ],
       [
        13.51962,
        48.58964
       ],
       [
        13.51877,
        48.58992
       ],
       [
        13.51644,
        48.59038
       ],
       [
        13.51479,
        48.59053
       ],
       [
        13.51315,
        48.59068
       ],
       [
        13.51088,
        48.59059
       ],
       [
        13.50913,
        48.59004
       ],
       [
        13.50785,
        48.58918
       ],
       [
        13.50684,
        48.58804
       ],
       [
        13.50182,
        48.58189
       ],
       [
        13.5031,
        48.58129
       ],
       [
        13.50707,
        48.57949
       ],
       [
        13.5081,
        48.57811
       ],
       [
        13.50801,
        48.57672
       ],
       [
        13.50677,
        48.57485
       ],
       [
        13.50555,
        48.57356
       ],
       [
        13.50429,
        48.57263
       ],
       [
        13.49278,
        48.56539
       ],
       [
        13.47423,
        48.55577
       ],
       [
        13.46467,
        48.55316
       ],
       [
        13.45032,
        48.5635
       ],
       [
        13.44938,
        48.56418
       ],
       [
        13.44085,
        48.55941
       ],
       [
        13.43928,
        48.55845
       ],
       [
        13.43766,
        48.55696
       ],
       [
        13.43694,
        48.5556
       ],
       [
        13.43673,
        48.55423
       ],
       [
        13.43689,
        48.55285
       ],
       [
        13.43749,
        48.55122
       ],
       [
        13.43805,
        48.55003
       ],
       [
        13.43889,
        48.5487
       ],
       [
        13.44802,
        48.53944
       ],
       [
        13.449,
        48.53835
       ],
       [
        13.44968,
        48.53738
       ],
       [
        13.45009,
        48.5364
       ],
       [
        13.45688,
        48.51142
       ],
       [
        13.4561,
        48.50988
       ],
       [
        13.44645,
        48.49222
       ],
       [
        13.43617,
        48.47445
       ],
       [
        13.42727,
        48.45975
       ],
       [
        13.42653,
        48.45847
       ],
       [
        13.42612,
        48.45745
       ],
       [
        13.42589,
        48.4564
       ],
       [
        13.42598,
        48.45557
       ],
       [
        13.42617,
        48.45457
       ],
       [
        13.42685,
        48.45322
       ],
       [
        13.42812,
        48.45134
       ],
       [
        13.42935,
        48.44996
       ],
       [
        13.43272,
        48.44639
       ],
       [
        13.43621,
        48.44243
       ],
       [
        13.43731,
        48.44084
       ],
       [
        13.43841,
        48.43873
       ],
       [
        13.43904,
        48.43676
       ],
       [
        13.43937,
        48.43441
       ],
       [
        13.43917,
        48.43266
       ],
       [
        13.43889,
        48.43112
       ],
       [
        13.43811,
        48.42881
       ],
       [
        13.41442,
        48.38015
       ],
       [
        13.41302,
        48.37822
       ],
       [
        13.41162,
        48.37646
       ],
       [
        13.41001,
        48.37487
       ],
       [
        13.40724,
        48.37298
       ],
       [
        13.32682,
        48.32256
       ],
       [
        13.32264,
        48.32021
       ],
       [
        13.31927,
        48.31846
       ],
       [
        13.31582,
        48.31686
       ],
       [
        13.3126,
        48.31548
       ],
       [
        13.31029,
        48.31454
       ],
       [
        13.2632,
        48.29545
       ],
       [
        13.26,
        48.29426
       ],
       [
        13.25719,
        48.29347
       ],
       [
        13.25496,
        48.29305
       ],
       [
        13.25409,
        48.29296
       ],
       [
        13.25219,
        48.29275
       ],
       [
        13.24909,
        48.29271
       ],
       [
        13.24165,
        48.29301
       ],
       [
        13.20792,
        48.295
       ],
       [
        13.17815,
        48.29404
       ],
       [
        13.17341,
        48.29313
       ],
       [
        13.16719,
        48.29147
       ],
       [
        13.14272,
        48.2831
       ],
       [
        13.13493,
        48.28055
       ],
       [
        13.13484,
        48.28053
       ],
       [
        13.13044,
        48.27942
       ],
       [
        13.1254,
        48.27842
       ],
       [
        13.12161,
        48.27798
       ],
       [
        13.1169,
        48.27772
       ],
       [
        13.11005,
        48.27777
       ],
       [
        13.10586,
        48.27783
       ],
       [
        13.09553,
        48.27817
       ],
       [
        13.09482,
        48.27823
       ],
       [
        13.09068,
        48.27841
       ],
       [
        13.08854,
        48.27846
       ],
       [
        13.08696,
        48.27842
       ],
       [
        13.08515,
        48.2781
       ],
       [
        13.0821,
        48.27731
       ],
       [
        13.02101,
        48.25694
       ],
       [
        13.01771,
        48.25572
       ],
       [
        13.0135,
        48.25351
       ],
       [
        13.01095,
        48.2512
       ],
       [
        13.00962,
        48.24929
       ],
       [
        13.00908,
        48.24838
       ],
       [
        13.00778,
        48.24627
       ],
       [
        13.00612,
        48.24403
       ],
       [
        13.00493,
        48.24262
       ],
       [
        13.00356,
        48.24137
       ],
       [
        12.99967,
        48.23823
       ],
       [
        12.98373,
        48.22712
       ],
       [
        12.96663,
        48.21555
       ],
       [
        12.95666,
        48.20957
       ],
       [
        12.95422,
        48.2085
       ],
       [
        12.95203,
        48.20769
       ],
       [
        12.94961,
        48.20717
       ],
       [
        12.94724,
        48.20697
       ],
       [
        12.94503,
        48.20695
       ],
       [
        12.93518,
        48.2069
       ],
       [
        12.92543,
        48.20671
       ],
       [
        12.92126,
        48.20643
       ],
       [
        12.87886,
        48.20338
       ],
       [
        12.876,
        48.203
       ],
       [
        12.87288,
        48.20238
       ],
       [
        12.87199,
        48.20213
       ],
       [
        12.87066,
        48.20173
       ],
       [
        12.86973,
        48.20137
       ],
       [
        12.86872,
        48.20094
       ],
       [
        12.86748,
        48.2002
       ],
       [
        12.8666,
        48.19951
       ],
       [
        12.86571,
        48.19866
       ],
       [
        12.86484,
        48.19758
       ],
       [
        12.86406,
        48.1962
       ],
       [
        12.86351,
        48.19418
       ],
       [
        12.86247,
        48.19027
       ],
       [
        12.85745,
        48.1817
       ],
       [
        12.84814,
        48.16846
       ],
       [
        12.84699,
        48.16697
       ],
       [
        12.84645,
        48.16651
       ],
       [
        12.83211,
        48.15507
       ],
       [
        12.83099,
        48.15444
       ],
       [
        12.8304,
        48.15413
       ],
       [
        12.82952,
        48.15371
       ],
       [
        12.82755,
        48.15298
       ],
       [
        12.82588,
        48.15248
       ],
       [
        12.82449,
        48.15224
       ],
       [
        12.82321,
        48.15213
       ],
       [
        12.82253,
        48.15209
       ],
       [
        12.82186,
        48.15205
       ],
       [
        12.81943,
        48.15209
       ],
       [
        12.817,
        48.15214
       ],
       [
        12.81524,
        48.15199
       ],
       [
        12.81297,
        48.15158
       ],
       [
        12.81144,
        48.15121
       ],
       [
        12.81005,
        48.15072
       ],
       [
        12.80521,
        48.14876
       ],
       [
        12.80173,
        48.14726
       ],
       [
        12.79998,
        48.14628
       ],
       [
        12.79929,
        48.1458
       ],
       [
        12.79871,
        48.14516
       ],
       [
        12.79834,
        48.14469
       ],
       [
        12.78364,
        48.12295
       ],
       [
        12.7588,
        48.11902
       ],
       [
        12.75144,
        48.11272
       ],
       [
        12.75036,
        48.11184
       ],
       [
        12.74981,
        48.111
       ],
       [
        12.74964,
        48.11067
       ],
       [
        12.74952,
        48.11041
       ],
       [
        12.74941,
        48.10989
       ],
       [
        12.74929,
        48.10879
       ],
       [
        12.74943,
        48.10765
       ],
       [
        12.74988,
        48.10471
       ],
       [
        12.7501,
        48.10338
       ],
       [
        12.75219,
        48.09199
       ],
       [
        12.75329,
        48.08708
       ],
       [
        12.75404,
        48.08464
       ],
       [
        12.75489,
        48.08249
       ],
       [
        12.75589,
        48.08041
       ],
       [
        12.75694,
        48.07877
       ],
       [
        12.75895,
        48.07594
       ],
       [
        12.7606,
        48.07404
       ],
       [
        12.76271,
        48.07181
       ],
       [
        12.76506,
        48.06988
       ],
       [
        12.76682,
        48.06847
       ],
       [
        12.77246,
        48.06468
       ],
       [
        12.77443,
        48.0634
       ],
       [
        12.78616,
        48.05599
       ],
       [
        12.80452,
        48.04515
       ],
       [
        12.82419,
        48.03409
       ],
       [
        12.83216,
        48.02897
       ],
       [
        12.83815,
        48.02485
       ],
       [
        12.8421,
        48.02201
       ],
       [
        12.84468,
        48.02007
       ],
       [
        12.84953,
        48.01604
       ],
       [
        12.8519,
        48.0138
       ],
       [
        12.85417,
        48.0114
       ],
       [
        12.85499,
        48.01008
       ],
       [
        12.85633,
        48.00772
       ],
       [
        12.85719,
        48.00563
       ],
       [
        12.85836,
        48.00198
       ],
       [
        12.85897,
        47.99997
       ],
       [
        12.86863,
        47.97007
       ],
       [
        12.86951,
        47.96828
       ],
       [
        12.87041,
        47.96684
       ],
       [
        12.87149,
        47.96564
       ],
       [
        12.87242,
        47.96472
       ],
       [
        12.87341,
        47.96394
       ],
       [
        12.87392,
        47.96359
       ],
       [
        12.87582,
        47.96241
       ],
       [
        12.91036,
        47.95683
       ],
       [
        12.91293,
        47.95625
       ],
       [
        12.91551,
        47.95536
       ],
       [
        12.91741,
        47.95441
       ],
       [
        12.9191,
        47.95328
       ],
       [
        12.94118,
        47.93041
       ],
       [
        12.96571,
        47.90061
       ],
       [
        12.97634,
        47.88405
       ],
       [
        12.98227,
        47.87481
       ],
       [
        12.9823,
        47.87477
       ],
       [
        12.98777,
        47.86838
       ],
       [
        13.00312,
        47.85214
       ],
       [
        13.00342,
        47.84825
       ],
       [
        13.00348,
        47.84527
       ],
       [
        13.00288,
        47.84346
       ],
       [
        13.00257,
        47.84289
       ],
       [
        13.002,
        47.8419
       ],
       [
        13.00117,
        47.84099
       ],
       [
        12.96826,
        47.80581
       ],
       [
        12.94836,
        47.78858
       ],
       [
        12.92989,
        47.77303
       ],
       [
        12.92833,
        47.77157
       ],
       [
        12.92745,
        47.77051
       ],
       [
        12.92807,
        47.77017
       ],
       [
        12.94127,
        47.77126
       ],
       [
        12.94288,
        47.76811
       ],
       [
        12.94473,
        47.76448
       ],
       [
        12.93551,
        47.748
       ],
       [
        12.92987,
        47.74535
       ],
       [
        12.92159,
        47.74413
       ],
       [
        12.91421,
        47.73826
       ],
       [
        12.90538,
        47.72715
       ],
       [
        12.90504,
        47.72618
       ],
       [
        12.90492,
        47.72567
       ],
       [
        12.90504,
        47.72514
       ],
       [
        12.90523,
        47.72455
       ],
       [
        12.9059,
        47.72365
       ],
       [
        12.90632,
        47.7233
       ],
       [
        12.90761,
        47.72241
       ],
       [
        12.927,
        47.71036
       ],
       [
        12.93002,
        47.7096
       ],
       [
        12.95509,
        47.70837
       ],
       [
        12.98705,
        47.70738
       ],
       [
        12.99096,
        47.70829
       ],
       [
        13.0019,
        47.71341
       ],
       [
        13.00845,
        47.72189
       ],
       [
        13.01758,
        47.72272
       ],
       [
        13.02251,
        47.72091
       ],
       [
        13.04502,
        47.71241
       ],
       [
        13.07996,
        47.68695
       ],
       [
        13.07809,
        47.67888
       ],
       [
        13.07668,
        47.67282
       ],
       [
        13.08034,
        47.66242
       ],
       [
        13.09601,
        47.64221
       ],
       [
        13.09781,
        47.63879
       ],
       [
        13.09795,
        47.63852
       ],
       [
        13.09878,
        47.6356
       ],
       [
        13.09668,
        47.62925
       ],
       [
        13.09375,
        47.62677
       ],
       [
        13.08973,
        47.62509
       ],
       [
        13.08738,
        47.62449
       ],
       [
        13.08598,
        47.6238
       ],
       [
        13.08098,
        47.62044
       ],
       [
        13.07988,
        47.61955
       ],
       [
        13.07776,
        47.61765
       ],
       [
        13.06272,
        47.60143
       ],
       [
        13.04842,
        47.58387
       ],
       [
        13.05606,
        47.56238
       ],
       [
        13.05566,
        47.55744
       ],
       [
        13.03923,
        47.54331
       ],
       [
        13.03181,
        47.5355
       ],
       [
        13.03156,
        47.53231
       ],
       [
        13.04133,
        47.52688
       ],
       [
        13.04593,
        47.52382
       ],
       [
        13.04624,
        47.52102
       ],
       [
        13.04684,
        47.50374
       ],
       [
        13.04725,
        47.49202
       ],
       [
        13.00677,
        47.46439
       ],
       [
        12.99348,
        47.47717
       ],
       [
        12.97785,
        47.48419
       ],
       [
        12.97375,
        47.48361
       ],
       [
        12.97173,
        47.47427
       ],
       [
        12.96685,
        47.47456
       ],
       [
        12.90871,
        47.49692
       ],
       [
        12.88466,
        47.5128
       ],
       [
        12.85018,
        47.53309
       ],
       [
        12.81829,
        47.54497
       ],
       [
        12.80814,
        47.54802
       ],
       [
        12.79978,
        47.55325
       ],
       [
        12.79492,
        47.55633
       ],
       [
        12.78406,
        47.56882
       ],
       [
        12.77959,
        47.57891
       ],
       [
        12.79246,
        47.60043
       ],
       [
        12.8074,
        47.61027
       ],
       [
        12.81367,
        47.61173
       ],
       [
        12.82303,
        47.6098
       ],
       [
        12.82424,
        47.61214
       ],
       [
        12.78943,
        47.63327
       ],
       [
        12.78085,
        47.63294
       ],
       [
        12.77179,
        47.63908
       ],
       [
        12.75823,
        47.65212
       ],
       [
        12.75905,
        47.65343
       ],
       [
        12.76052,
        47.6545
       ],
       [
        12.76216,
        47.65521
       ],
       [
        12.76344,
        47.65541
       ],
       [
        12.76915,
        47.65636
       ],
       [
        12.7782,
        47.66055
       ],
       [
        12.78162,
        47.66739
       ],
       [
        12.7837,
        47.67157
       ],
       [
        12.78088,
        47.67433
       ],
       [
        12.74837,
        47.67381
       ],
       [
        12.71518,
        47.67631
       ],
       [
        12.69572,
        47.68206
       ],
       [
        12.67627,
        47.68181
       ],
       [
        12.67335,
        47.68155
       ],
       [
        12.60891,
        47.6737
       ],
       [
        12.60504,
        47.67321
       ],
       [
        12.60311,
        47.67216
       ],
       [
        12.59678,
        47.66619
       ],
       [
        12.5831,
        47.64766
       ],
       [
        12.58074,
        47.64178
       ],
       [
        12.57778,
        47.63439
       ],
       [
        12.57497,
        47.63236
       ],
       [
        12.53625,
        47.63641
       ],
       [
        12.52695,
        47.63244
       ],
       [
        12.512,
        47.62548
       ],
       [
        12.49828,
        47.62527
       ],
       [
        12.46533,
        47.64985
       ],
       [
        12.44102,
        47.67381
       ],
       [
        12.43886,
        47.67663
       ],
       [
        12.44055,
        47.68292
       ],
       [
        12.44293,
        47.69169
       ],
       [
        12.44038,
        47.69555
       ],
       [
        12.42904,
        47.69629
       ],
       [
        12.40055,
        47.69218
       ],
       [
        12.38646,
        47.68841
       ],
       [
        12.37449,
        47.68521
       ],
       [
        12.37058,
        47.68477
       ],
       [
        12.36389,
        47.68405
       ],
       [
        12.33976,
        47.69024
       ],
       [
        12.3351,
        47.69256
       ],
       [
        12.33754,
        47.69684
       ],
       [
        12.29527,
        47.6907
       ],
       [
        12.26313,
        47.67829
       ],
       [
        12.25582,
        47.67915
       ],
       [
        12.2457,
        47.6878
       ],
       [
        12.24132,
        47.69418
       ],
       [
        12.24209,
        47.69659
       ],
       [
        12.24692,
        47.71124
       ],
       [
        12.25769,
        47.72109
       ],
       [
        12.26444,
        47.73254
       ],
       [
        12.26293,
        47.73693
       ],
       [
        12.25718,
        47.74295
       ],
       [
        12.2495,
        47.74137
       ],
       [
        12.24942,
        47.74135
       ],
       [
        12.22629,
        47.71847
       ],
       [
        12.20408,
        47.70786
       ],
       [
        12.18611,
        47.70337
       ],
       [
        12.16404,
        47.70085
       ],
       [
        12.16783,
        47.68516
       ],
       [
        12.16922,
        47.68197
       ],
       [
        12.16926,
        47.68191
       ],
       [
        12.17133,
        47.67889
       ],
       [
        12.17393,
        47.67662
       ],
       [
        12.18668,
        47.6605
       ],
       [
        12.19978,
        47.64347
       ],
       [
        12.20101,
        47.64113
       ],
       [
        12.2085,
        47.61605
       ],
       [
        12.20895,
        47.61421
       ],
       [
        12.20863,
        47.61263
       ],
       [
        12.20811,
        47.61102
       ],
       [
        12.207,
        47.60955
       ],
       [
        12.20694,
        47.6095
       ],
       [
        12.2053,
        47.60833
       ],
       [
        12.20253,
        47.60685
       ],
       [
        12.20061,
        47.60634
       ],
       [
        12.19845,
        47.60595
       ],
       [
        12.18466,
        47.60453
       ],
       [
        12.18103,
        47.61055
       ],
       [
        12.17903,
        47.61426
       ],
       [
        12.17611,
        47.61472
       ],
       [
        12.17051,
        47.61415
       ],
       [
        12.16324,
        47.61339
       ],
       [
        12.15204,
        47.60953
       ],
       [
        12.1387,
        47.6059
       ],
       [
        12.12837,
        47.60606
       ],
       [
        12.07829,
        47.61363
       ],
       [
        12.06081,
        47.61882
       ],
       [
        12.05391,
        47.61538
       ],
       [
        12.02763,
        47.61115
       ],
       [
        12.02209,
        47.61117
       ],
       [
        12.0197,
        47.61241
       ],
       [
        11.983,
        47.61935
       ],
       [
        11.92412,
        47.6134
       ],
       [
        11.89379,
        47.60839
       ],
       [
        11.864,
        47.60199
       ],
       [
        11.84756,
        47.58204
       ],
       [
        11.84388,
        47.58135
       ],
       [
        11.84236,
        47.58132
       ],
       [
        11.82963,
        47.5821
       ],
       [
        11.82829,
        47.58537
       ],
       [
        11.76958,
        47.58959
       ],
       [
        11.69929,
        47.58883
       ],
       [
        11.68128,
        47.58392
       ],
       [
        11.66366,
        47.58371
       ],
       [
        11.65803,
        47.58415
       ],
       [
        11.65216,
        47.58832
       ],
       [
        11.6496,
        47.59014
       ],
       [
        11.64106,
        47.59299
       ],
       [
        11.63769,
        47.59383
       ],
       [
        11.63057,
        47.59256
       ],
       [
        11.60689,
        47.58229
       ],
       [
        11.58809,
        47.55776
       ],
       [
        11.58768,
        47.55617
       ],
       [
        11.58629,
        47.5456
       ],
       [
        11.58835,
        47.52543
       ],
       [
        11.57151,
        47.51449
       ],
       [
        11.56803,
        47.51384
       ],
       [
        11.53916,
        47.50958
       ],
       [
        11.5059,
        47.50494
       ],
       [
        11.44758,
        47.51064
       ],
       [
        11.44684,
        47.51158
       ],
       [
        11.4415,
        47.51795
       ],
       [
        11.44064,
        47.51792
       ],
       [
        11.43961,
        47.51754
       ],
       [
        11.43299,
        47.51412
       ],
       [
        11.4136,
        47.49955
       ],
       [
        11.41273,
        47.49867
       ],
       [
        11.41057,
        47.49509
       ],
       [
        11.38877,
        47.47981
       ],
       [
        11.38758,
        47.47865
       ],
       [
        11.38666,
        47.47739
       ],
       [
        11.38479,
        47.47286
       ],
       [
        11.38489,
        47.47179
       ],
       [
        11.38522,
        47.47103
       ],
       [
        11.38861,
        47.46788
       ],
       [
        11.39136,
        47.46668
       ],
       [
        11.39445,
        47.46642
       ],
       [
        11.40939,
        47.46662
       ],
       [
        11.41632,
        47.45093
       ],
       [
        11.41488,
        47.44673
       ],
       [
        11.37645,
        47.44865
       ],
       [
        11.33932,
        47.44973
       ],
       [
        11.33662,
        47.44906
       ],
       [
        11.29304,
        47.41601
       ],
       [
        11.28932,
        47.40732
       ],
       [
        11.28496,
        47.40288
       ],
       [
        11.27736,
        47.40013
       ],
       [
        11.26983,
        47.39741
       ],
       [
        11.22718,
        47.3952
       ],
       [
        11.22494,
        47.39522
       ],
       [
        11.22269,
        47.39682
       ],
       [
        11.22307,
        47.39921
       ],
       [
        11.22439,
        47.40161
       ],
       [
        11.24409,
        47.42197
       ],
       [
        11.25286,
        47.42762
       ],
       [
        11.24995,
        47.43207
       ],
       [
        11.20725,
        47.43374
       ],
       [
        11.20504,
        47.43347
       ],
       [
        11.155,
        47.42068
       ],
       [
        11.1275,
        47.41169
       ],
       [
        11.124,
        47.40786
       ],
       [
        11.12302,
        47.4064
       ],
       [
        11.12247,
        47.40445
       ],
       [
        11.12258,
        47.40257
       ],
       [
        11.12351,
        47.40021
       ],
       [
        11.1222,
        47.39862
       ],
       [
        11.11847,
        47.397
       ],
       [
        11.11475,
        47.3958
       ],
       [
        11.09963,
        47.39511
       ],
       [
        11.0319,
        47.39376
       ],
       [
        11.02981,
        47.39374
       ],
       [
        11.00682,
        47.39414
       ],
       [
        10.99648,
        47.39478
       ],
       [
        10.9797,
        47.39739
       ],
       [
        10.97053,
        47.40015
       ],
       [
        10.96999,
        47.40364
       ],
       [
        10.96904,
        47.41224
       ],
       [
        10.96904,
        47.41231
       ],
       [
        10.97184,
        47.41718
       ],
       [
        10.97375,
        47.41779
       ],
       [
        10.97873,
        47.41791
       ],
       [
        10.98022,
        47.41869
       ],
       [
        10.9847,
        47.42106
       ],
       [
        10.98364,
        47.43012
       ],
       [
        10.95784,
        47.45186
       ],
       [
        10.92756,
        47.47265
       ],
       [
        10.90611,
        47.48436
       ],
       [
        10.90021,
        47.48288
       ],
       [
        10.8869,
        47.47958
       ],
       [
        10.88376,
        47.47904
       ],
       [
        10.88182,
        47.47903
       ],
       [
        10.88011,
        47.47905
       ],
       [
        10.87804,
        47.47935
       ],
       [
        10.87114,
        47.48168
       ],
       [
        10.86998,
        47.48231
       ],
       [
        10.86951,
        47.48319
       ],
       [
        10.86942,
        47.48694
       ],
       [
        10.87019,
        47.49856
       ],
       [
        10.87044,
        47.49923
       ],
       [
        10.87118,
        47.49989
       ],
       [
        10.87505,
        47.50169
       ],
       [
        10.87599,
        47.50212
       ],
       [
        10.87825,
        47.50308
       ],
       [
        10.90491,
        47.51797
       ],
       [
        10.88537,
        47.53726
       ],
       [
        10.86734,
        47.53557
       ],
       [
        10.85327,
        47.53417
       ],
       [
        10.81313,
        47.52605
       ],
       [
        10.79594,
        47.52135
       ],
       [
        10.7637,
        47.52758
       ],
       [
        10.7626,
        47.53038
       ],
       [
        10.76041,
        47.5328
       ],
       [
        10.75741,
        47.53477
       ],
       [
        10.7508,
        47.5372
       ],
       [
        10.72966,
        47.53877
       ],
       [
        10.69499,
        47.54482
       ],
       [
        10.69316,
        47.5487
       ],
       [
        10.69058,
        47.55421
       ],
       [
        10.67762,
        47.55889
       ],
       [
        10.61986,
        47.56648
       ],
       [
        10.61882,
        47.5666
       ],
       [
        10.61751,
        47.56675
       ],
       [
        10.61481,
        47.56665
       ],
       [
        10.60804,
        47.56612
       ],
       [
        10.59634,
        47.5647
       ],
       [
        10.59286,
        47.56279
       ],
       [
        10.58065,
        47.55605
       ],
       [
        10.57918,
        47.55303
       ],
       [
        10.58169,
        47.5501
       ],
       [
        10.5818,
        47.54826
       ],
       [
        10.57929,
        47.54384
       ],
       [
        10.57365,
        47.5339
       ],
       [
        10.5235,
        47.53563
       ],
       [
        10.52317,
        47.53565
       ],
       [
        10.51462,
        47.53653
       ],
       [
        10.48944,
        47.54008
       ],
       [
        10.46105,
        47.55254
       ],
       [
        10.45458,
        47.55586
       ]
      ],
      [
       [
        10.47207,
        47.56964
       ],
       [
        10.47319,
        47.57081
       ],
       [
        10.47976,
        47.5814
       ],
       [
        10.48151,
        47.58459
       ],
       [
        10.47228,
        47.58666
       ],
       [
        10.43558,
        47.58352
       ],
       [
        10.4303,
        47.57629
       ],
       [
        10.43605,
        47.56808
       ],
       [
        10.45114,
        47.55469
       ],
       [
        10.45458,
        47.55586
       ],
       [
        10.47207,
        47.56964
       ]
      ]
     ]
    ]
   }
  },
  {
   "type": "Feature",
   "properties": {
    "key": "sl",
    "name": "Saarland",
    "bez": "Land",
    "ars": "10",
    "nuts": "DEC",
    "status": "alkis only",
    "lidar_dgm1": false,
    "lidar_las": false,
    "lidar_script": null,
    "lidar_bbox": null,
    "lidar_note": "No open LiDAR bulk product identified.",
    "alkis": "full",
    "alkis_engine": "aria2",
    "alkis_spatial": "package",
    "sample_bbox": "320,5484,325,5489",
    "sample_epsg": 25832,
    "sample_place": "Mettlach"
   },
   "geometry": {
    "type": "MultiPolygon",
    "coordinates": [
     [
      [
       [
        7.06853,
        49.62349
       ],
       [
        7.08023,
        49.61196
       ],
       [
        7.08758,
        49.60047
       ],
       [
        7.12208,
        49.59539
       ],
       [
        7.13901,
        49.59564
       ],
       [
        7.14014,
        49.59618
       ],
       [
        7.14032,
        49.59886
       ],
       [
        7.14052,
        49.60177
       ],
       [
        7.14055,
        49.602
       ],
       [
        7.14143,
        49.60268
       ],
       [
        7.15017,
        49.60386
       ],
       [
        7.1508,
        49.60394
       ],
       [
        7.15151,
        49.60396
       ],
       [
        7.15224,
        49.60385
       ],
       [
        7.17478,
        49.59813
       ],
       [
        7.17581,
        49.59599
       ],
       [
        7.17563,
        49.59468
       ],
       [
        7.1726,
        49.58639
       ],
       [
        7.18796,
        49.57609
       ],
       [
        7.21454,
        49.56528
       ],
       [
        7.22468,
        49.56481
       ],
       [
        7.23699,
        49.56734
       ],
       [
        7.25314,
        49.57452
       ],
       [
        7.25883,
        49.5783
       ],
       [
        7.26213,
        49.57528
       ],
       [
        7.27343,
        49.5627
       ],
       [
        7.27654,
        49.54861
       ],
       [
        7.2789,
        49.53655
       ],
       [
        7.28226,
        49.50988
       ],
       [
        7.28097,
        49.50525
       ],
       [
        7.27968,
        49.48498
       ],
       [
        7.29643,
        49.48209
       ],
       [
        7.30482,
        49.47461
       ],
       [
        7.30009,
        49.46626
       ],
       [
        7.28696,
        49.45741
       ],
       [
        7.27507,
        49.45526
       ],
       [
        7.25442,
        49.44945
       ],
       [
        7.25356,
        49.44918
       ],
       [
        7.2463,
        49.44615
       ],
       [
        7.25107,
        49.43544
       ],
       [
        7.25344,
        49.43128
       ],
       [
        7.26143,
        49.42372
       ],
       [
        7.28093,
        49.41736
       ],
       [
        7.29308,
        49.40761
       ],
       [
        7.29647,
        49.40375
       ],
       [
        7.29808,
        49.3981
       ],
       [
        7.29705,
        49.39744
       ],
       [
        7.29078,
        49.39342
       ],
       [
        7.29073,
        49.38922
       ],
       [
        7.36767,
        49.36359
       ],
       [
        7.39335,
        49.37073
       ],
       [
        7.40237,
        49.36807
       ],
       [
        7.40349,
        49.34601
       ],
       [
        7.40289,
        49.34123
       ],
       [
        7.40181,
        49.33677
       ],
       [
        7.38579,
        49.32017
       ],
       [
        7.39434,
        49.31706
       ],
       [
        7.39495,
        49.31456
       ],
       [
        7.38524,
        49.29345
       ],
       [
        7.37256,
        49.28035
       ],
       [
        7.3644,
        49.27836
       ],
       [
        7.35911,
        49.27871
       ],
       [
        7.34501,
        49.27225
       ],
       [
        7.33819,
        49.26384
       ],
       [
        7.32452,
        49.24824
       ],
       [
        7.32136,
        49.2475
       ],
       [
        7.31143,
        49.25684
       ],
       [
        7.30609,
        49.25517
       ],
       [
        7.29055,
        49.23925
       ],
       [
        7.28934,
        49.23661
       ],
       [
        7.28932,
        49.23042
       ],
       [
        7.30072,
        49.20936
       ],
       [
        7.30396,
        49.20537
       ],
       [
        7.32114,
        49.18821
       ],
       [
        7.36351,
        49.15773
       ],
       [
        7.36243,
        49.14473
       ],
       [
        7.36151,
        49.14304
       ],
       [
        7.34842,
        49.14346
       ],
       [
        7.34678,
        49.14353
       ],
       [
        7.34146,
        49.14452
       ],
       [
        7.33944,
        49.14474
       ],
       [
        7.33349,
        49.14468
       ],
       [
        7.32981,
        49.1446
       ],
       [
        7.32836,
        49.144
       ],
       [
        7.316,
        49.13878
       ],
       [
        7.31442,
        49.13771
       ],
       [
        7.31354,
        49.13675
       ],
       [
        7.30983,
        49.12985
       ],
       [
        7.29828,
        49.11721
       ],
       [
        7.2932,
        49.11498
       ],
       [
        7.28312,
        49.11665
       ],
       [
        7.26324,
        49.12321
       ],
       [
        7.24348,
        49.12918
       ],
       [
        7.1867,
        49.13067
       ],
       [
        7.17499,
        49.12884
       ],
       [
        7.16426,
        49.12708
       ],
       [
        7.15892,
        49.12092
       ],
       [
        7.10527,
        49.13957
       ],
       [
        7.10466,
        49.14012
       ],
       [
        7.10416,
        49.141
       ],
       [
        7.10121,
        49.1551
       ],
       [
        7.08491,
        49.15129
       ],
       [
        7.08419,
        49.15103
       ],
       [
        7.08308,
        49.15048
       ],
       [
        7.08268,
        49.1501
       ],
       [
        7.08222,
        49.14936
       ],
       [
        7.08206,
        49.14832
       ],
       [
        7.08232,
        49.14705
       ],
       [
        7.08276,
        49.14569
       ],
       [
        7.08318,
        49.14444
       ],
       [
        7.08411,
        49.14197
       ],
       [
        7.08466,
        49.14067
       ],
       [
        7.08503,
        49.13992
       ],
       [
        7.07873,
        49.12717
       ],
       [
        7.06732,
        49.1154
       ],
       [
        7.06543,
        49.11383
       ],
       [
        7.05952,
        49.11325
       ],
       [
        7.05769,
        49.1131
       ],
       [
        7.05536,
        49.11325
       ],
       [
        7.05294,
        49.11357
       ],
       [
        7.05023,
        49.11415
       ],
       [
        7.04869,
        49.11481
       ],
       [
        7.0478,
        49.11553
       ],
       [
        7.04678,
        49.11667
       ],
       [
        7.04611,
        49.1177
       ],
       [
        7.04559,
        49.11864
       ],
       [
        7.03118,
        49.15572
       ],
       [
        7.02693,
        49.16939
       ],
       [
        7.02684,
        49.17066
       ],
       [
        7.02676,
        49.17195
       ],
       [
        7.02705,
        49.17301
       ],
       [
        7.02742,
        49.17387
       ],
       [
        7.01199,
        49.18951
       ],
       [
        7.0,
        49.19608
       ],
       [
        6.98024,
        49.20691
       ],
       [
        6.96552,
        49.20106
       ],
       [
        6.96227,
        49.2025
       ],
       [
        6.95315,
        49.20658
       ],
       [
        6.91363,
        49.21776
       ],
       [
        6.87356,
        49.21539
       ],
       [
        6.84697,
        49.2051
       ],
       [
        6.84864,
        49.20401
       ],
       [
        6.84986,
        49.20296
       ],
       [
        6.85097,
        49.2018
       ],
       [
        6.85169,
        49.20084
       ],
       [
        6.8613,
        49.1843
       ],
       [
        6.86162,
        49.18311
       ],
       [
        6.86165,
        49.1822
       ],
       [
        6.86136,
        49.18074
       ],
       [
        6.85906,
        49.17473
       ],
       [
        6.84585,
        49.15847
       ],
       [
        6.82906,
        49.15245
       ],
       [
        6.78964,
        49.1663
       ],
       [
        6.78272,
        49.16817
       ],
       [
        6.78071,
        49.16838
       ],
       [
        6.77886,
        49.16849
       ],
       [
        6.73877,
        49.16434
       ],
       [
        6.72723,
        49.17136
       ],
       [
        6.7207,
        49.17537
       ],
       [
        6.71168,
        49.18826
       ],
       [
        6.73131,
        49.20609
       ],
       [
        6.72314,
        49.21908
       ],
       [
        6.7198,
        49.22091
       ],
       [
        6.69585,
        49.21577
       ],
       [
        6.69574,
        49.21574
       ],
       [
        6.68955,
        49.22099
       ],
       [
        6.68897,
        49.22188
       ],
       [
        6.6886,
        49.22282
       ],
       [
        6.68941,
        49.23633
       ],
       [
        6.69049,
        49.24786
       ],
       [
        6.66852,
        49.27949
       ],
       [
        6.62446,
        49.30206
       ],
       [
        6.62327,
        49.30207
       ],
       [
        6.61794,
        49.30173
       ],
       [
        6.6153,
        49.30154
       ],
       [
        6.58879,
        49.32178
       ],
       [
        6.56617,
        49.34799
       ],
       [
        6.56547,
        49.34953
       ],
       [
        6.56408,
        49.3532
       ],
       [
        6.56307,
        49.35588
       ],
       [
        6.57409,
        49.35861
       ],
       [
        6.58183,
        49.35616
       ],
       [
        6.58513,
        49.35068
       ],
       [
        6.5889,
        49.35019
       ],
       [
        6.60159,
        49.36609
       ],
       [
        6.58678,
        49.38456
       ],
       [
        6.57676,
        49.38916
       ],
       [
        6.56337,
        49.38817
       ],
       [
        6.54033,
        49.40141
       ],
       [
        6.53768,
        49.40837
       ],
       [
        6.53768,
        49.40954
       ],
       [
        6.53816,
        49.41073
       ],
       [
        6.53887,
        49.41169
       ],
       [
        6.54029,
        49.41306
       ],
       [
        6.54258,
        49.41444
       ],
       [
        6.5489,
        49.41648
       ],
       [
        6.55748,
        49.41923
       ],
       [
        6.55047,
        49.42493
       ],
       [
        6.54178,
        49.43194
       ],
       [
        6.53976,
        49.43328
       ],
       [
        6.53744,
        49.43414
       ],
       [
        6.51304,
        49.44295
       ],
       [
        6.48441,
        49.4519
       ],
       [
        6.45506,
        49.46167
       ],
       [
        6.42855,
        49.47638
       ],
       [
        6.42048,
        49.47631
       ],
       [
        6.41934,
        49.4754
       ],
       [
        6.41403,
        49.47121
       ],
       [
        6.41102,
        49.46918
       ],
       [
        6.40813,
        49.4676
       ],
       [
        6.40598,
        49.46667
       ],
       [
        6.40352,
        49.46586
       ],
       [
        6.40069,
        49.4652
       ],
       [
        6.39758,
        49.46468
       ],
       [
        6.39445,
        49.46445
       ],
       [
        6.39362,
        49.4644
       ],
       [
        6.3866,
        49.46465
       ],
       [
        6.38151,
        49.46483
       ],
       [
        6.37909,
        49.4651
       ],
       [
        6.37695,
        49.46553
       ],
       [
        6.37426,
        49.46642
       ],
       [
        6.36759,
        49.4693
       ],
       [
        6.35874,
        49.52678
       ],
       [
        6.35856,
        49.52823
       ],
       [
        6.35847,
        49.52928
       ],
       [
        6.35849,
        49.53029
       ],
       [
        6.35871,
        49.53102
       ],
       [
        6.35899,
        49.53175
       ],
       [
        6.35959,
        49.53282
       ],
       [
        6.36094,
        49.53418
       ],
       [
        6.36167,
        49.53483
       ],
       [
        6.38031,
        49.55086
       ],
       [
        6.38779,
        49.54855
       ],
       [
        6.39003,
        49.54816
       ],
       [
        6.39829,
        49.54762
       ],
       [
        6.41414,
        49.54695
       ],
       [
        6.4301,
        49.5489
       ],
       [
        6.47144,
        49.544
       ],
       [
        6.48152,
        49.53952
       ],
       [
        6.48519,
        49.53447
       ],
       [
        6.49455,
        49.53076
       ],
       [
        6.5157,
        49.52799
       ],
       [
        6.52321,
        49.52891
       ],
       [
        6.54002,
        49.5391
       ],
       [
        6.56372,
        49.54069
       ],
       [
        6.57353,
        49.53498
       ],
       [
        6.57973,
        49.52827
       ],
       [
        6.60746,
        49.52454
       ],
       [
        6.61741,
        49.5353
       ],
       [
        6.63232,
        49.54159
       ],
       [
        6.70785,
        49.55204
       ],
       [
        6.74729,
        49.55773
       ],
       [
        6.7765,
        49.56858
       ],
       [
        6.78086,
        49.5723
       ],
       [
        6.79717,
        49.58604
       ],
       [
        6.81297,
        49.59198
       ],
       [
        6.82484,
        49.58886
       ],
       [
        6.84052,
        49.58948
       ],
       [
        6.85142,
        49.59998
       ],
       [
        6.8574,
        49.60494
       ],
       [
        6.86621,
        49.60829
       ],
       [
        6.88688,
        49.61305
       ],
       [
        6.8919,
        49.61323
       ],
       [
        6.89586,
        49.61589
       ],
       [
        6.94337,
        49.63606
       ],
       [
        6.97838,
        49.63553
       ],
       [
        6.99157,
        49.63409
       ],
       [
        6.98803,
        49.62935
       ],
       [
        6.98596,
        49.62438
       ],
       [
        6.98598,
        49.62088
       ],
       [
        6.98918,
        49.62132
       ],
       [
        7.01208,
        49.62837
       ],
       [
        7.02793,
        49.63935
       ],
       [
        7.05751,
        49.63107
       ],
       [
        7.06853,
        49.62349
       ]
      ]
     ]
    ]
   }
  },
  {
   "type": "Feature",
   "properties": {
    "key": "be",
    "name": "Berlin",
    "bez": "Land",
    "ars": "11",
    "nuts": "DE3",
    "status": "lidar+alkis",
    "lidar_dgm1": true,
    "lidar_las": true,
    "lidar_script": "download_be_lidar.sh",
    "lidar_bbox": true,
    "lidar_note": "BBOX cuts dgm1 only; las is packaged as whole city regions.",
    "alkis": "full",
    "alkis_engine": "wfs2",
    "alkis_spatial": "exact",
    "sample_bbox": "390,5818,395,5823",
    "sample_epsg": 25833,
    "sample_place": "Berlin-Mitte"
   },
   "geometry": {
    "type": "MultiPolygon",
    "coordinates": [
     [
      [
       [
        13.61192,
        52.54332
       ],
       [
        13.62461,
        52.53797
       ],
       [
        13.65679,
        52.53064
       ],
       [
        13.65758,
        52.52635
       ],
       [
        13.65368,
        52.52443
       ],
       [
        13.64684,
        52.52096
       ],
       [
        13.64001,
        52.51748
       ],
       [
        13.63458,
        52.51345
       ],
       [
        13.63269,
        52.51143
       ],
       [
        13.62941,
        52.5067
       ],
       [
        13.61441,
        52.48144
       ],
       [
        13.61169,
        52.4716
       ],
       [
        13.62068,
        52.46655
       ],
       [
        13.62429,
        52.46625
       ],
       [
        13.62433,
        52.46632
       ],
       [
        13.62517,
        52.47319
       ],
       [
        13.62517,
        52.47325
       ],
       [
        13.64103,
        52.47894
       ],
       [
        13.64793,
        52.47891
       ],
       [
        13.66674,
        52.47416
       ],
       [
        13.66924,
        52.47385
       ],
       [
        13.7041,
        52.46362
       ],
       [
        13.75354,
        52.44629
       ],
       [
        13.7584,
        52.44341
       ],
       [
        13.76061,
        52.43718
       ],
       [
        13.76044,
        52.43662
       ],
       [
        13.75971,
        52.43551
       ],
       [
        13.75238,
        52.43645
       ],
       [
        13.72919,
        52.41505
       ],
       [
        13.69808,
        52.39101
       ],
       [
        13.68732,
        52.38533
       ],
       [
        13.68666,
        52.38488
       ],
       [
        13.68621,
        52.38435
       ],
       [
        13.68559,
        52.38326
       ],
       [
        13.6985,
        52.38151
       ],
       [
        13.70095,
        52.3774
       ],
       [
        13.70183,
        52.3729
       ],
       [
        13.65032,
        52.34182
       ],
       [
        13.64608,
        52.36551
       ],
       [
        13.64665,
        52.36626
       ],
       [
        13.64725,
        52.37043
       ],
       [
        13.64336,
        52.37541
       ],
       [
        13.64135,
        52.37672
       ],
       [
        13.62833,
        52.38181
       ],
       [
        13.59262,
        52.39355
       ],
       [
        13.57488,
        52.38996
       ],
       [
        13.56627,
        52.38821
       ],
       [
        13.53638,
        52.38915
       ],
       [
        13.53428,
        52.39049
       ],
       [
        13.53088,
        52.39856
       ],
       [
        13.51514,
        52.40132
       ],
       [
        13.47979,
        52.39611
       ],
       [
        13.46782,
        52.41897
       ],
       [
        13.46618,
        52.42016
       ],
       [
        13.46379,
        52.42059
       ],
       [
        13.46032,
        52.42039
       ],
       [
        13.41872,
        52.40998
       ],
       [
        13.42751,
        52.38722
       ],
       [
        13.42051,
        52.3762
       ],
       [
        13.3893,
        52.37778
       ],
       [
        13.38718,
        52.37789
       ],
       [
        13.3862,
        52.38811
       ],
       [
        13.34195,
        52.41102
       ],
       [
        13.3259,
        52.40505
       ],
       [
        13.31099,
        52.39946
       ],
       [
        13.29744,
        52.41251
       ],
       [
        13.27438,
        52.40477
       ],
       [
        13.27312,
        52.40449
       ],
       [
        13.27118,
        52.40429
       ],
       [
        13.26984,
        52.40422
       ],
       [
        13.26791,
        52.40418
       ],
       [
        13.24855,
        52.40466
       ],
       [
        13.24776,
        52.41417
       ],
       [
        13.24498,
        52.42049
       ],
       [
        13.2231,
        52.42093
       ],
       [
        13.19828,
        52.41538
       ],
       [
        13.16122,
        52.40421
       ],
       [
        13.15786,
        52.39669
       ],
       [
        13.16603,
        52.39472
       ],
       [
        13.15595,
        52.39391
       ],
       [
        13.12557,
        52.39667
       ],
       [
        13.1249,
        52.39674
       ],
       [
        13.12421,
        52.39686
       ],
       [
        13.12339,
        52.39712
       ],
       [
        13.09003,
        52.41119
       ],
       [
        13.08917,
        52.41192
       ],
       [
        13.08821,
        52.41977
       ],
       [
        13.09688,
        52.42335
       ],
       [
        13.09825,
        52.42391
       ],
       [
        13.10078,
        52.42404
       ],
       [
        13.10435,
        52.42431
       ],
       [
        13.11226,
        52.42893
       ],
       [
        13.12188,
        52.43787
       ],
       [
        13.12222,
        52.43881
       ],
       [
        13.12178,
        52.4397
       ],
       [
        13.11998,
        52.44137
       ],
       [
        13.11622,
        52.44482
       ],
       [
        13.10961,
        52.45089
       ],
       [
        13.11074,
        52.46656
       ],
       [
        13.11101,
        52.46718
       ],
       [
        13.11771,
        52.47847
       ],
       [
        13.12632,
        52.48011
       ],
       [
        13.15524,
        52.50122
       ],
       [
        13.16655,
        52.50951
       ],
       [
        13.1431,
        52.51989
       ],
       [
        13.127,
        52.51788
       ],
       [
        13.11742,
        52.51669
       ],
       [
        13.11878,
        52.52865
       ],
       [
        13.12459,
        52.54604
       ],
       [
        13.12964,
        52.55485
       ],
       [
        13.13551,
        52.55326
       ],
       [
        13.13979,
        52.55234
       ],
       [
        13.14192,
        52.55221
       ],
       [
        13.14347,
        52.55226
       ],
       [
        13.14476,
        52.55232
       ],
       [
        13.14572,
        52.55277
       ],
       [
        13.14664,
        52.55398
       ],
       [
        13.15254,
        52.57101
       ],
       [
        13.15358,
        52.57439
       ],
       [
        13.15328,
        52.57852
       ],
       [
        13.14968,
        52.58281
       ],
       [
        13.14858,
        52.59146
       ],
       [
        13.16503,
        52.59831
       ],
       [
        13.20594,
        52.58689
       ],
       [
        13.2169,
        52.58727
       ],
       [
        13.21869,
        52.59083
       ],
       [
        13.21867,
        52.59158
       ],
       [
        13.21832,
        52.59223
       ],
       [
        13.2174,
        52.59307
       ],
       [
        13.21335,
        52.59534
       ],
       [
        13.2026,
        52.60307
       ],
       [
        13.20208,
        52.60367
       ],
       [
        13.20171,
        52.60436
       ],
       [
        13.20163,
        52.60506
       ],
       [
        13.20159,
        52.60542
       ],
       [
        13.20176,
        52.60629
       ],
       [
        13.20231,
        52.60698
       ],
       [
        13.22129,
        52.62823
       ],
       [
        13.24071,
        52.62784
       ],
       [
        13.26424,
        52.62737
       ],
       [
        13.27299,
        52.64019
       ],
       [
        13.28153,
        52.65287
       ],
       [
        13.30356,
        52.65087
       ],
       [
        13.30259,
        52.63617
       ],
       [
        13.30695,
        52.62832
       ],
       [
        13.33758,
        52.62315
       ],
       [
        13.34769,
        52.62273
       ],
       [
        13.34885,
        52.6228
       ],
       [
        13.35652,
        52.62335
       ],
       [
        13.35766,
        52.6235
       ],
       [
        13.36648,
        52.62584
       ],
       [
        13.37344,
        52.62838
       ],
       [
        13.37463,
        52.62883
       ],
       [
        13.38836,
        52.63854
       ],
       [
        13.39611,
        52.64811
       ],
       [
        13.40629,
        52.64194
       ],
       [
        13.42324,
        52.63586
       ],
       [
        13.42692,
        52.63564
       ],
       [
        13.43146,
        52.6369
       ],
       [
        13.4625,
        52.65752
       ],
       [
        13.45164,
        52.6631
       ],
       [
        13.45965,
        52.66972
       ],
       [
        13.47581,
        52.66647
       ],
       [
        13.51884,
        52.64748
       ],
       [
        13.5189,
        52.64743
       ],
       [
        13.5218,
        52.64367
       ],
       [
        13.52189,
        52.6435
       ],
       [
        13.52162,
        52.64038
       ],
       [
        13.51706,
        52.63053
       ],
       [
        13.50676,
        52.62733
       ],
       [
        13.49643,
        52.60561
       ],
       [
        13.50734,
        52.59222
       ],
       [
        13.52585,
        52.59224
       ],
       [
        13.54188,
        52.59005
       ],
       [
        13.55536,
        52.58507
       ],
       [
        13.58182,
        52.57066
       ],
       [
        13.58761,
        52.55525
       ],
       [
        13.58814,
        52.55333
       ],
       [
        13.58778,
        52.55234
       ],
       [
        13.58594,
        52.54948
       ],
       [
        13.61192,
        52.54332
       ]
      ]
     ]
    ]
   }
  },
  {
   "type": "Feature",
   "properties": {
    "key": "bb",
    "name": "Brandenburg",
    "bez": "Land",
    "ars": "12",
    "nuts": "DE4",
    "status": "lidar+alkis",
    "lidar_dgm1": true,
    "lidar_las": true,
    "lidar_script": "download_bb_lidar.sh",
    "lidar_bbox": true,
    "lidar_note": null,
    "alkis": "full",
    "alkis_engine": "aria2",
    "alkis_spatial": "package",
    "sample_bbox": "427,5745,432,5750",
    "sample_epsg": 25833,
    "sample_place": "Luebbenau"
   },
   "geometry": {
    "type": "MultiPolygon",
    "coordinates": [
     [
      [
       [
        13.87357,
        53.47515
       ],
       [
        13.9161,
        53.45652
       ],
       [
        13.91703,
        53.45421
       ],
       [
        13.91698,
        53.45174
       ],
       [
        13.91635,
        53.44854
       ],
       [
        13.91571,
        53.44671
       ],
       [
        13.90927,
        53.43688
       ],
       [
        13.94582,
        53.43082
       ],
       [
        14.00138,
        53.43577
       ],
       [
        14.04545,
        53.42973
       ],
       [
        14.05098,
        53.41375
       ],
       [
        14.05162,
        53.4135
       ],
       [
        14.05358,
        53.41276
       ],
       [
        14.05674,
        53.41271
       ],
       [
        14.0783,
        53.41292
       ],
       [
        14.1055,
        53.42331
       ],
       [
        14.10805,
        53.42801
       ],
       [
        14.12116,
        53.44173
       ],
       [
        14.13643,
        53.44105
       ],
       [
        14.14705,
        53.43611
       ],
       [
        14.1616,
        53.42913
       ],
       [
        14.17001,
        53.42504
       ],
       [
        14.17748,
        53.42304
       ],
       [
        14.18163,
        53.42242
       ],
       [
        14.18641,
        53.42208
       ],
       [
        14.19171,
        53.42175
       ],
       [
        14.19941,
        53.42207
       ],
       [
        14.20253,
        53.42273
       ],
       [
        14.20483,
        53.42337
       ],
       [
        14.20682,
        53.42408
       ],
       [
        14.20872,
        53.42515
       ],
       [
        14.21363,
        53.42892
       ],
       [
        14.21538,
        53.43019
       ],
       [
        14.22294,
        53.43407
       ],
       [
        14.23573,
        53.42883
       ],
       [
        14.23846,
        53.4261
       ],
       [
        14.23999,
        53.42434
       ],
       [
        14.24095,
        53.42272
       ],
       [
        14.24113,
        53.42149
       ],
       [
        14.24273,
        53.40253
       ],
       [
        14.24292,
        53.39955
       ],
       [
        14.24297,
        53.39872
       ],
       [
        14.24277,
        53.39425
       ],
       [
        14.24243,
        53.39139
       ],
       [
        14.24196,
        53.38897
       ],
       [
        14.24125,
        53.38718
       ],
       [
        14.23339,
        53.37325
       ],
       [
        14.22796,
        53.36442
       ],
       [
        14.22622,
        53.36189
       ],
       [
        14.22565,
        53.36109
       ],
       [
        14.22238,
        53.35741
       ],
       [
        14.20555,
        53.34396
       ],
       [
        14.18551,
        53.32976
       ],
       [
        14.17145,
        53.32069
       ],
       [
        14.16244,
        53.31506
       ],
       [
        14.15053,
        53.3086
       ],
       [
        14.14133,
        53.30405
       ],
       [
        14.1382,
        53.30249
       ],
       [
        14.13265,
        53.29931
       ],
       [
        14.10831,
        53.28272
       ],
       [
        14.1057,
        53.28074
       ],
       [
        14.10426,
        53.27931
       ],
       [
        14.10297,
        53.2771
       ],
       [
        14.1018,
        53.27341
       ],
       [
        14.09826,
        53.26227
       ],
       [
        14.12768,
        53.26012
       ],
       [
        14.14406,
        53.26554
       ],
       [
        14.16204,
        53.26704
       ],
       [
        14.18761,
        53.2607
       ],
       [
        14.21084,
        53.25481
       ],
       [
        14.2472,
        53.25702
       ],
       [
        14.26509,
        53.26003
       ],
       [
        14.26574,
        53.2663
       ],
       [
        14.26274,
        53.27684
       ],
       [
        14.28476,
        53.28247
       ],
       [
        14.29259,
        53.28413
       ],
       [
        14.30108,
        53.28592
       ],
       [
        14.31255,
        53.30188
       ],
       [
        14.34994,
        53.31018
       ],
       [
        14.36639,
        53.31722
       ],
       [
        14.38086,
        53.32375
       ],
       [
        14.39577,
        53.32901
       ],
       [
        14.39852,
        53.32954
       ],
       [
        14.40192,
        53.32985
       ],
       [
        14.40549,
        53.32975
       ],
       [
        14.41228,
        53.32871
       ],
       [
        14.41302,
        53.32774
       ],
       [
        14.41562,
        53.32431
       ],
       [
        14.41515,
        53.30221
       ],
       [
        14.41815,
        53.28928
       ],
       [
        14.42117,
        53.27634
       ],
       [
        14.4349,
        53.27589
       ],
       [
        14.44104,
        53.27504
       ],
       [
        14.44421,
        53.27442
       ],
       [
        14.44966,
        53.2635
       ],
       [
        14.45014,
        53.26234
       ],
       [
        14.45025,
        53.26124
       ],
       [
        14.45023,
        53.26118
       ],
       [
        14.44967,
        53.25994
       ],
       [
        14.43303,
        53.2425
       ],
       [
        14.4077,
        53.22101
       ],
       [
        14.38391,
        53.20438
       ],
       [
        14.38288,
        53.20419
       ],
       [
        14.38072,
        53.20357
       ],
       [
        14.37926,
        53.20291
       ],
       [
        14.37781,
        53.20186
       ],
       [
        14.37691,
        53.20081
       ],
       [
        14.36971,
        53.18085
       ],
       [
        14.36751,
        53.1737
       ],
       [
        14.36715,
        53.17208
       ],
       [
        14.36705,
        53.17033
       ],
       [
        14.36764,
        53.16727
       ],
       [
        14.36899,
        53.1632
       ],
       [
        14.37002,
        53.1601
       ],
       [
        14.37377,
        53.15522
       ],
       [
        14.37642,
        53.15247
       ],
       [
        14.3808,
        53.14847
       ],
       [
        14.385,
        53.14466
       ],
       [
        14.38672,
        53.14312
       ],
       [
        14.38682,
        53.14238
       ],
       [
        14.38692,
        53.14157
       ],
       [
        14.38671,
        53.14057
       ],
       [
        14.38634,
        53.1395
       ],
       [
        14.38046,
        53.12209
       ],
       [
        14.3687,
        53.08823
       ],
       [
        14.36786,
        53.08624
       ],
       [
        14.36427,
        53.07901
       ],
       [
        14.35575,
        53.06601
       ],
       [
        14.35503,
        53.06491
       ],
       [
        14.3528,
        53.0618
       ],
       [
        14.34758,
        53.05536
       ],
       [
        14.34621,
        53.05405
       ],
       [
        14.34385,
        53.05194
       ],
       [
        14.34198,
        53.05037
       ],
       [
        14.34025,
        53.04907
       ],
       [
        14.33867,
        53.048
       ],
       [
        14.33704,
        53.04704
       ],
       [
        14.33501,
        53.04586
       ],
       [
        14.29822,
        53.02443
       ],
       [
        14.26228,
        53.00518
       ],
       [
        14.25847,
        53.0033
       ],
       [
        14.25516,
        53.00184
       ],
       [
        14.23368,
        52.99359
       ],
       [
        14.23032,
        52.99242
       ],
       [
        14.21904,
        52.98884
       ],
       [
        14.21682,
        52.98823
       ],
       [
        14.21507,
        52.98785
       ],
       [
        14.21073,
        52.98721
       ],
       [
        14.2098,
        52.98706
       ],
       [
        14.20929,
        52.98698
       ],
       [
        14.20596,
        52.9861
       ],
       [
        14.20196,
        52.98495
       ],
       [
        14.2,
        52.98428
       ],
       [
        14.17325,
        52.97435
       ],
       [
        14.17055,
        52.97311
       ],
       [
        14.16899,
        52.97239
       ],
       [
        14.14466,
        52.96089
       ],
       [
        14.1444,
        52.96061
       ],
       [
        14.14371,
        52.95977
       ],
       [
        14.13957,
        52.95204
       ],
       [
        14.13929,
        52.95121
       ],
       [
        14.13931,
        52.95092
       ],
       [
        14.13939,
        52.9504
       ],
       [
        14.14249,
        52.93477
       ],
       [
        14.1431,
        52.93255
       ],
       [
        14.15349,
        52.89884
       ],
       [
        14.15398,
        52.89793
       ],
       [
        14.1546,
        52.89691
       ],
       [
        14.1554,
        52.89602
       ],
       [
        14.15597,
        52.89543
       ],
       [
        14.15764,
        52.89368
       ],
       [
        14.15866,
        52.89261
       ],
       [
        14.15994,
        52.89127
       ],
       [
        14.16084,
        52.89011
       ],
       [
        14.16113,
        52.88947
       ],
       [
        14.16148,
        52.8883
       ],
       [
        14.16143,
        52.88613
       ],
       [
        14.16136,
        52.88569
       ],
       [
        14.16128,
        52.88514
       ],
       [
        14.16056,
        52.88292
       ],
       [
        14.1582,
        52.87763
       ],
       [
        14.15677,
        52.87443
       ],
       [
        14.15566,
        52.87274
       ],
       [
        14.15467,
        52.87161
       ],
       [
        14.15112,
        52.86822
       ],
       [
        14.14968,
        52.86692
       ],
       [
        14.14777,
        52.86562
       ],
       [
        14.14593,
        52.86437
       ],
       [
        14.13409,
        52.85544
       ],
       [
        14.13096,
        52.85265
       ],
       [
        14.1286,
        52.85018
       ],
       [
        14.12713,
        52.84838
       ],
       [
        14.12611,
        52.84682
       ],
       [
        14.12542,
        52.84568
       ],
       [
        14.12429,
        52.8431
       ],
       [
        14.12387,
        52.8418
       ],
       [
        14.12371,
        52.84125
       ],
       [
        14.12357,
        52.84077
       ],
       [
        14.12337,
        52.83982
       ],
       [
        14.12346,
        52.83904
       ],
       [
        14.12357,
        52.83802
       ],
       [
        14.12371,
        52.8372
       ],
       [
        14.12453,
        52.83484
       ],
       [
        14.12473,
        52.83427
       ],
       [
        14.12565,
        52.83294
       ],
       [
        14.1267,
        52.83161
       ],
       [
        14.1279,
        52.83046
       ],
       [
        14.12913,
        52.82948
       ],
       [
        14.13054,
        52.82856
       ],
       [
        14.13218,
        52.82777
       ],
       [
        14.13411,
        52.827
       ],
       [
        14.13635,
        52.82622
       ],
       [
        14.14013,
        52.82533
       ],
       [
        14.1413,
        52.8251
       ],
       [
        14.14647,
        52.82432
       ],
       [
        14.2089,
        52.81867
       ],
       [
        14.2101,
        52.81856
       ],
       [
        14.21379,
        52.81798
       ],
       [
        14.21561,
        52.8175
       ],
       [
        14.21652,
        52.81722
       ],
       [
        14.21738,
        52.81694
       ],
       [
        14.21826,
        52.81646
       ],
       [
        14.22019,
        52.81537
       ],
       [
        14.22153,
        52.81416
       ],
       [
        14.22493,
        52.81108
       ],
       [
        14.23869,
        52.79996
       ],
       [
        14.25303,
        52.78914
       ],
       [
        14.27842,
        52.77471
       ],
       [
        14.2813,
        52.77339
       ],
       [
        14.28469,
        52.77217
       ],
       [
        14.30402,
        52.76614
       ],
       [
        14.30765,
        52.76503
       ],
       [
        14.31263,
        52.76411
       ],
       [
        14.31973,
        52.76253
       ],
       [
        14.32635,
        52.76079
       ],
       [
        14.32957,
        52.75978
       ],
       [
        14.35035,
        52.75153
       ],
       [
        14.35237,
        52.75053
       ],
       [
        14.37292,
        52.73632
       ],
       [
        14.42668,
        52.69376
       ],
       [
        14.46228,
        52.66374
       ],
       [
        14.46444,
        52.66199
       ],
       [
        14.46686,
        52.66046
       ],
       [
        14.46736,
        52.66018
       ],
       [
        14.46873,
        52.65946
       ],
       [
        14.51104,
        52.64209
       ],
       [
        14.57115,
        52.62153
       ],
       [
        14.59307,
        52.61171
       ],
       [
        14.59704,
        52.60954
       ],
       [
        14.60164,
        52.60578
       ],
       [
        14.63566,
        52.57516
       ],
       [
        14.63687,
        52.57406
       ],
       [
        14.63769,
        52.57271
       ],
       [
        14.63789,
        52.57114
       ],
       [
        14.63733,
        52.56921
       ],
       [
        14.63646,
        52.56817
       ],
       [
        14.63553,
        52.56721
       ],
       [
        14.62333,
        52.55895
       ],
       [
        14.6204,
        52.55694
       ],
       [
        14.61969,
        52.55632
       ],
       [
        14.61801,
        52.55478
       ],
       [
        14.61665,
        52.55313
       ],
       [
        14.60569,
        52.53602
       ],
       [
        14.60465,
        52.53428
       ],
       [
        14.60395,
        52.53195
       ],
       [
        14.60397,
        52.53077
       ],
       [
        14.60419,
        52.5293
       ],
       [
        14.60487,
        52.52706
       ],
       [
        14.61112,
        52.5124
       ],
       [
        14.61207,
        52.51102
       ],
       [
        14.61378,
        52.50969
       ],
       [
        14.61597,
        52.50867
       ],
       [
        14.6186,
        52.5077
       ],
       [
        14.62173,
        52.50676
       ],
       [
        14.62515,
        52.5057
       ],
       [
        14.62523,
        52.50567
       ],
       [
        14.62743,
        52.50487
       ],
       [
        14.62902,
        52.50405
       ],
       [
        14.62985,
        52.50359
       ],
       [
        14.63166,
        52.50211
       ],
       [
        14.63307,
        52.50051
       ],
       [
        14.63391,
        52.49866
       ],
       [
        14.63451,
        52.49698
       ],
       [
        14.63476,
        52.49538
       ],
       [
        14.63456,
        52.49322
       ],
       [
        14.63374,
        52.49145
       ],
       [
        14.63355,
        52.49116
       ],
       [
        14.6325,
        52.48962
       ],
       [
        14.63034,
        52.4871
       ],
       [
        14.60981,
        52.46658
       ],
       [
        14.59797,
        52.45713
       ],
       [
        14.57916,
        52.44221
       ],
       [
        14.57739,
        52.44134
       ],
       [
        14.57506,
        52.44091
       ],
       [
        14.57305,
        52.44084
       ],
       [
        14.57134,
        52.44079
       ],
       [
        14.56393,
        52.44041
       ],
       [
        14.56092,
        52.43998
       ],
       [
        14.55828,
        52.43912
       ],
       [
        14.55427,
        52.43764
       ],
       [
        14.55176,
        52.4362
       ],
       [
        14.54953,
        52.43461
       ],
       [
        14.54751,
        52.43229
       ],
       [
        14.54558,
        52.42942
       ],
       [
        14.53515,
        52.40027
       ],
       [
        14.53385,
        52.39481
       ],
       [
        14.54732,
        52.37934
       ],
       [
        14.55586,
        52.34825
       ],
       [
        14.5616,
        52.3351
       ],
       [
        14.57248,
        52.32341
       ],
       [
        14.57451,
        52.29562
       ],
       [
        14.57421,
        52.29478
       ],
       [
        14.57397,
        52.29395
       ],
       [
        14.57405,
        52.29265
       ],
       [
        14.5747,
        52.29141
       ],
       [
        14.5919,
        52.27608
       ],
       [
        14.59367,
        52.2747
       ],
       [
        14.59618,
        52.27338
       ],
       [
        14.59889,
        52.27253
       ],
       [
        14.6021,
        52.27195
       ],
       [
        14.61151,
        52.27218
       ],
       [
        14.61448,
        52.27214
       ],
       [
        14.61783,
        52.27185
       ],
       [
        14.62134,
        52.27123
       ],
       [
        14.68733,
        52.25739
       ],
       [
        14.69067,
        52.2566
       ],
       [
        14.69374,
        52.25545
       ],
       [
        14.69574,
        52.25429
       ],
       [
        14.69901,
        52.25189
       ],
       [
        14.71416,
        52.23701
       ],
       [
        14.71512,
        52.23594
       ],
       [
        14.71556,
        52.2347
       ],
       [
        14.7156,
        52.23348
       ],
       [
        14.70422,
        52.16889
       ],
       [
        14.70359,
        52.16665
       ],
       [
        14.7028,
        52.16511
       ],
       [
        14.7012,
        52.16307
       ],
       [
        14.69641,
        52.1586
       ],
       [
        14.69138,
        52.15484
       ],
       [
        14.68209,
        52.1475
       ],
       [
        14.68084,
        52.14589
       ],
       [
        14.68005,
        52.14441
       ],
       [
        14.67977,
        52.14359
       ],
       [
        14.67949,
        52.14268
       ],
       [
        14.67948,
        52.14058
       ],
       [
        14.68169,
        52.11564
       ],
       [
        14.68232,
        52.11407
       ],
       [
        14.68409,
        52.11151
       ],
       [
        14.69348,
        52.10259
       ],
       [
        14.69568,
        52.10099
       ],
       [
        14.69818,
        52.09948
       ],
       [
        14.69878,
        52.09919
       ],
       [
        14.70003,
        52.09862
       ],
       [
        14.70267,
        52.09772
       ],
       [
        14.70545,
        52.09713
       ],
       [
        14.70871,
        52.09667
       ],
       [
        14.70881,
        52.09666
       ],
       [
        14.71566,
        52.09617
       ],
       [
        14.71924,
        52.09565
       ],
       [
        14.72255,
        52.09484
       ],
       [
        14.72589,
        52.09358
       ],
       [
        14.72959,
        52.09189
       ],
       [
        14.736,
        52.08894
       ],
       [
        14.73987,
        52.08681
       ],
       [
        14.74307,
        52.08459
       ],
       [
        14.74516,
        52.08291
       ],
       [
        14.75938,
        52.06815
       ],
       [
        14.7598,
        52.06707
       ],
       [
        14.7599,
        52.06612
       ],
       [
        14.75976,
        52.0649
       ],
       [
        14.75972,
        52.06478
       ],
       [
        14.74752,
        52.0325
       ],
       [
        14.74723,
        52.0319
       ],
       [
        14.73978,
        52.02317
       ],
       [
        14.73893,
        52.02244
       ],
       [
        14.73275,
        52.01902
       ],
       [
        14.73151,
        52.01813
       ],
       [
        14.71462,
        52.00573
       ],
       [
        14.71371,
        52.00494
       ],
       [
        14.71334,
        52.00378
       ],
       [
        14.7135,
        52.00262
       ],
       [
        14.71435,
        52.00185
       ],
       [
        14.7189,
        51.99929
       ],
       [
        14.72002,
        51.99841
       ],
       [
        14.7207,
        51.99736
       ],
       [
        14.72102,
        51.99582
       ],
       [
        14.72092,
        51.9947
       ],
       [
        14.71257,
        51.93778
       ],
       [
        14.69449,
        51.90269
       ],
       [
        14.69393,
        51.90174
       ],
       [
        14.69258,
        51.90101
       ],
       [
        14.6816,
        51.89624
       ],
       [
        14.65528,
        51.88392
       ],
       [
        14.61101,
        51.85726
       ],
       [
        14.60996,
        51.85655
       ],
       [
        14.59429,
        51.84126
       ],
       [
        14.59187,
        51.83857
       ],
       [
        14.59146,
        51.83757
       ],
       [
        14.59006,
        51.82689
       ],
       [
        14.5903,
        51.82174
       ],
       [
        14.5906,
        51.82103
       ],
       [
        14.60296,
        51.80734
       ],
       [
        14.60512,
        51.80558
       ],
       [
        14.60643,
        51.80472
       ],
       [
        14.60736,
        51.80433
       ],
       [
        14.60801,
        51.80411
       ],
       [
        14.62103,
        51.80137
       ],
       [
        14.62317,
        51.80105
       ],
       [
        14.62531,
        51.80109
       ],
       [
        14.62699,
        51.8013
       ],
       [
        14.62843,
        51.80149
       ],
       [
        14.62938,
        51.80152
       ],
       [
        14.62997,
        51.80154
       ],
       [
        14.63118,
        51.80137
       ],
       [
        14.63184,
        51.80125
       ],
       [
        14.63285,
        51.80095
       ],
       [
        14.64331,
        51.79671
       ],
       [
        14.64452,
        51.79606
       ],
       [
        14.64534,
        51.7952
       ],
       [
        14.65303,
        51.78424
       ],
       [
        14.66176,
        51.75545
       ],
       [
        14.65918,
        51.74915
       ],
       [
        14.65676,
        51.7427
       ],
       [
        14.65645,
        51.7417
       ],
       [
        14.65657,
        51.74077
       ],
       [
        14.66733,
        51.7267
       ],
       [
        14.66811,
        51.72603
       ],
       [
        14.69042,
        51.70846
       ],
       [
        14.71478,
        51.6969
       ],
       [
        14.73453,
        51.68875
       ],
       [
        14.75484,
        51.6565
       ],
       [
        14.76338,
        51.61714
       ],
       [
        14.76467,
        51.61055
       ],
       [
        14.76471,
        51.60957
       ],
       [
        14.76457,
        51.60837
       ],
       [
        14.7641,
        51.60739
       ],
       [
        14.7633,
        51.60643
       ],
       [
        14.76036,
        51.60343
       ],
       [
        14.75085,
        51.59604
       ],
       [
        14.74944,
        51.59541
       ],
       [
        14.74614,
        51.59459
       ],
       [
        14.74204,
        51.59357
       ],
       [
        14.74072,
        51.59289
       ],
       [
        14.73069,
        51.58501
       ],
       [
        14.72975,
        51.58412
       ],
       [
        14.72914,
        51.58328
       ],
       [
        14.72862,
        51.58193
       ],
       [
        14.72242,
        51.58371
       ],
       [
        14.70346,
        51.58074
       ],
       [
        14.70388,
        51.57774
       ],
       [
        14.70352,
        51.57678
       ],
       [
        14.68852,
        51.56033
       ],
       [
        14.68183,
        51.55465
       ],
       [
        14.67452,
        51.55173
       ],
       [
        14.6724,
        51.55164
       ],
       [
        14.63065,
        51.55087
       ],
       [
        14.60945,
        51.55057
       ],
       [
        14.60526,
        51.55477
       ],
       [
        14.59843,
        51.57259
       ],
       [
        14.59602,
        51.57369
       ],
       [
        14.58181,
        51.57974
       ],
       [
        14.57146,
        51.58007
       ],
       [
        14.56526,
        51.57934
       ],
       [
        14.5524,
        51.57239
       ],
       [
        14.54729,
        51.56396
       ],
       [
        14.54189,
        51.56032
       ],
       [
        14.51577,
        51.55488
       ],
       [
        14.50103,
        51.55973
       ],
       [
        14.45409,
        51.55723
       ],
       [
        14.45057,
        51.55614
       ],
       [
        14.44876,
        51.55516
       ],
       [
        14.44658,
        51.55281
       ],
       [
        14.44622,
        51.55132
       ],
       [
        14.44621,
        51.549
       ],
       [
        14.44765,
        51.54247
       ],
       [
        14.44114,
        51.54504
       ],
       [
        14.38816,
        51.54267
       ],
       [
        14.38718,
        51.54205
       ],
       [
        14.38659,
        51.54125
       ],
       [
        14.37687,
        51.53386
       ],
       [
        14.35381,
        51.52096
       ],
       [
        14.32242,
        51.51428
       ],
       [
        14.32012,
        51.51708
       ],
       [
        14.3186,
        51.51846
       ],
       [
        14.31662,
        51.52001
       ],
       [
        14.31393,
        51.52136
       ],
       [
        14.31076,
        51.52245
       ],
       [
        14.3021,
        51.52514
       ],
       [
        14.27074,
        51.53281
       ],
       [
        14.20952,
        51.5401
       ],
       [
        14.18998,
        51.54087
       ],
       [
        14.16307,
        51.54142
       ],
       [
        14.14314,
        51.54353
       ],
       [
        14.13705,
        51.5441
       ],
       [
        14.10581,
        51.52097
       ],
       [
        14.10065,
        51.51424
       ],
       [
        14.08946,
        51.49449
       ],
       [
        14.08852,
        51.47973
       ],
       [
        14.05637,
        51.45977
       ],
       [
        14.06347,
        51.44561
       ],
       [
        14.03772,
        51.41704
       ],
       [
        14.02089,
        51.40895
       ],
       [
        14.01594,
        51.40479
       ],
       [
        14.00456,
        51.39458
       ],
       [
        14.00363,
        51.39275
       ],
       [
        13.99976,
        51.3809
       ],
       [
        13.97104,
        51.38471
       ],
       [
        13.94496,
        51.39181
       ],
       [
        13.94366,
        51.39113
       ],
       [
        13.90977,
        51.37913
       ],
       [
        13.9077,
        51.37872
       ],
       [
        13.88438,
        51.37552
       ],
       [
        13.88177,
        51.37543
       ],
       [
        13.87872,
        51.37562
       ],
       [
        13.87131,
        51.37664
       ],
       [
        13.86965,
        51.37705
       ],
       [
        13.86706,
        51.37819
       ],
       [
        13.86438,
        51.38005
       ],
       [
        13.85986,
        51.3821
       ],
       [
        13.83492,
        51.38543
       ],
       [
        13.83388,
        51.38261
       ],
       [
        13.83502,
        51.37698
       ],
       [
        13.81935,
        51.37019
       ],
       [
        13.77639,
        51.36066
       ],
       [
        13.73875,
        51.3626
       ],
       [
        13.71704,
        51.36509
       ],
       [
        13.70363,
        51.36701
       ],
       [
        13.69489,
        51.37041
       ],
       [
        13.69004,
        51.37424
       ],
       [
        13.68264,
        51.36808
       ],
       [
        13.59522,
        51.36962
       ],
       [
        13.58828,
        51.38417
       ],
       [
        13.56859,
        51.38545
       ],
       [
        13.55394,
        51.3801
       ],
       [
        13.54499,
        51.36989
       ],
       [
        13.54198,
        51.36984
       ],
       [
        13.52376,
        51.38553
       ],
       [
        13.52029,
        51.40214
       ],
       [
        13.4639,
        51.41739
       ],
       [
        13.4325,
        51.4273
       ],
       [
        13.42772,
        51.42937
       ],
       [
        13.41042,
        51.44378
       ],
       [
        13.33406,
        51.43373
       ],
       [
        13.32729,
        51.43229
       ],
       [
        13.28532,
        51.4112
       ],
       [
        13.28567,
        51.3994
       ],
       [
        13.25073,
        51.39387
       ],
       [
        13.21826,
        51.39585
       ],
       [
        13.21697,
        51.39609
       ],
       [
        13.21594,
        51.39647
       ],
       [
        13.21442,
        51.39757
       ],
       [
        13.21296,
        51.39958
       ],
       [
        13.20828,
        51.40674
       ],
       [
        13.20152,
        51.41858
       ],
       [
        13.18808,
        51.42405
       ],
       [
        13.1924,
        51.44135
       ],
       [
        13.20256,
        51.46027
       ],
       [
        13.19877,
        51.48907
       ],
       [
        13.20122,
        51.49166
       ],
       [
        13.20782,
        51.50566
       ],
       [
        13.20847,
        51.5106
       ],
       [
        13.20758,
        51.52389
       ],
       [
        13.18936,
        51.53972
       ],
       [
        13.16045,
        51.5594
       ],
       [
        13.14787,
        51.5644
       ],
       [
        13.14303,
        51.5711
       ],
       [
        13.15087,
        51.57828
       ],
       [
        13.16154,
        51.59263
       ],
       [
        13.15525,
        51.60026
       ],
       [
        13.11552,
        51.61553
       ],
       [
        13.10392,
        51.60915
       ],
       [
        13.09714,
        51.60713
       ],
       [
        13.08418,
        51.6107
       ],
       [
        13.07756,
        51.62016
       ],
       [
        13.05073,
        51.64736
       ],
       [
        13.12528,
        51.6749
       ],
       [
        13.14292,
        51.68271
       ],
       [
        13.15135,
        51.68646
       ],
       [
        13.16077,
        51.69244
       ],
       [
        13.18656,
        51.71654
       ],
       [
        13.18484,
        51.72257
       ],
       [
        13.17672,
        51.73316
       ],
       [
        13.16692,
        51.73925
       ],
       [
        13.15665,
        51.74841
       ],
       [
        13.1487,
        51.75995
       ],
       [
        13.14869,
        51.76795
       ],
       [
        13.14869,
        51.76826
       ],
       [
        13.15954,
        51.77645
       ],
       [
        13.16925,
        51.78167
       ],
       [
        13.17051,
        51.78661
       ],
       [
        13.163,
        51.80527
       ],
       [
        13.14883,
        51.82086
       ],
       [
        13.14288,
        51.82612
       ],
       [
        13.13695,
        51.83156
       ],
       [
        13.12304,
        51.85352
       ],
       [
        13.1222,
        51.85776
       ],
       [
        13.15323,
        51.86061
       ],
       [
        13.15047,
        51.87125
       ],
       [
        13.13922,
        51.87953
       ],
       [
        13.13153,
        51.88218
       ],
       [
        13.11862,
        51.88247
       ],
       [
        13.11884,
        51.87677
       ],
       [
        13.08148,
        51.86802
       ],
       [
        13.03909,
        51.8707
       ],
       [
        13.03227,
        51.87539
       ],
       [
        13.02803,
        51.87862
       ],
       [
        13.028,
        51.87868
       ],
       [
        13.02788,
        51.88048
       ],
       [
        13.03223,
        51.88019
       ],
       [
        13.03931,
        51.87973
       ],
       [
        13.04789,
        51.89177
       ],
       [
        13.04559,
        51.9001
       ],
       [
        13.02194,
        51.90364
       ],
       [
        13.00362,
        51.90349
       ],
       [
        12.98657,
        51.90314
       ],
       [
        12.97564,
        51.92054
       ],
       [
        12.95813,
        51.93561
       ],
       [
        12.91798,
        51.93934
       ],
       [
        12.91637,
        51.93288
       ],
       [
        12.89242,
        51.92785
       ],
       [
        12.88775,
        51.92773
       ],
       [
        12.85116,
        51.9354
       ],
       [
        12.85167,
        51.94646
       ],
       [
        12.84909,
        51.95791
       ],
       [
        12.84418,
        51.96808
       ],
       [
        12.83385,
        51.96745
       ],
       [
        12.82537,
        51.9638
       ],
       [
        12.82017,
        51.96289
       ],
       [
        12.81161,
        51.96227
       ],
       [
        12.80255,
        51.96216
       ],
       [
        12.79568,
        51.96212
       ],
       [
        12.78987,
        51.96292
       ],
       [
        12.78355,
        51.96382
       ],
       [
        12.77671,
        51.96543
       ],
       [
        12.76938,
        51.97882
       ],
       [
        12.76198,
        51.98017
       ],
       [
        12.73015,
        51.98887
       ],
       [
        12.68387,
        52.00342
       ],
       [
        12.67971,
        52.00485
       ],
       [
        12.67367,
        52.00972
       ],
       [
        12.67136,
        52.01191
       ],
       [
        12.66845,
        52.01267
       ],
       [
        12.66072,
        52.0127
       ],
       [
        12.65623,
        52.01269
       ],
       [
        12.6542,
        52.01218
       ],
       [
        12.64831,
        52.00772
       ],
       [
        12.64602,
        52.00001
       ],
       [
        12.64462,
        51.99511
       ],
       [
        12.6166,
        51.98223
       ],
       [
        12.60291,
        51.98184
       ],
       [
        12.54033,
        51.98494
       ],
       [
        12.53877,
        51.99226
       ],
       [
        12.53711,
        52.0
       ],
       [
        12.53595,
        52.00299
       ],
       [
        12.5055,
        52.00751
       ],
       [
        12.50062,
        52.00883
       ],
       [
        12.49408,
        52.01131
       ],
       [
        12.48467,
        52.01798
       ],
       [
        12.48046,
        52.02945
       ],
       [
        12.47996,
        52.03344
       ],
       [
        12.46662,
        52.03491
       ],
       [
        12.46071,
        52.03476
       ],
       [
        12.45216,
        52.02443
       ],
       [
        12.45081,
        52.01884
       ],
       [
        12.44835,
        52.01678
       ],
       [
        12.4358,
        52.01698
       ],
       [
        12.43058,
        52.01799
       ],
       [
        12.42894,
        52.01832
       ],
       [
        12.37617,
        52.03997
       ],
       [
        12.37422,
        52.04077
       ],
       [
        12.36024,
        52.0465
       ],
       [
        12.35919,
        52.04693
       ],
       [
        12.35838,
        52.04726
       ],
       [
        12.33472,
        52.06468
       ],
       [
        12.33425,
        52.06502
       ],
       [
        12.33329,
        52.06573
       ],
       [
        12.33239,
        52.06639
       ],
       [
        12.33147,
        52.06707
       ],
       [
        12.33039,
        52.06787
       ],
       [
        12.32982,
        52.0688
       ],
       [
        12.3259,
        52.07523
       ],
       [
        12.32069,
        52.08379
       ],
       [
        12.31955,
        52.08567
       ],
       [
        12.31769,
        52.08871
       ],
       [
        12.31659,
        52.08997
       ],
       [
        12.31392,
        52.09304
       ],
       [
        12.31291,
        52.09361
       ],
       [
        12.31198,
        52.09413
       ],
       [
        12.30848,
        52.09492
       ],
       [
        12.29893,
        52.09707
       ],
       [
        12.29746,
        52.0974
       ],
       [
        12.28208,
        52.10231
       ],
       [
        12.27783,
        52.10367
       ],
       [
        12.27673,
        52.10402
       ],
       [
        12.27577,
        52.10433
       ],
       [
        12.24294,
        52.14037
       ],
       [
        12.23743,
        52.14913
       ],
       [
        12.21668,
        52.17037
       ],
       [
        12.21962,
        52.1762
       ],
       [
        12.24697,
        52.21035
       ],
       [
        12.25483,
        52.21418
       ],
       [
        12.25989,
        52.21661
       ],
       [
        12.27527,
        52.21552
       ],
       [
        12.2955,
        52.22922
       ],
       [
        12.27411,
        52.23907
       ],
       [
        12.26909,
        52.24137
       ],
       [
        12.25788,
        52.24494
       ],
       [
        12.24982,
        52.24563
       ],
       [
        12.24397,
        52.24682
       ],
       [
        12.25143,
        52.27324
       ],
       [
        12.25262,
        52.27619
       ],
       [
        12.26293,
        52.29675
       ],
       [
        12.26324,
        52.29722
       ],
       [
        12.28104,
        52.31917
       ],
       [
        12.28262,
        52.32064
       ],
       [
        12.2842,
        52.32197
       ],
       [
        12.2884,
        52.32326
       ],
       [
        12.2902,
        52.32463
       ],
       [
        12.30864,
        52.34617
       ],
       [
        12.29725,
        52.35163
       ],
       [
        12.28342,
        52.36595
       ],
       [
        12.289,
        52.3706
       ],
       [
        12.29855,
        52.37203
       ],
       [
        12.30137,
        52.37999
       ],
       [
        12.29372,
        52.40717
       ],
       [
        12.28932,
        52.42261
       ],
       [
        12.30323,
        52.44141
       ],
       [
        12.31669,
        52.45397
       ],
       [
        12.31526,
        52.47609
       ],
       [
        12.31357,
        52.49061
       ],
       [
        12.301,
        52.49535
       ],
       [
        12.29565,
        52.4956
       ],
       [
        12.28457,
        52.49285
       ],
       [
        12.27854,
        52.48707
       ],
       [
        12.27128,
        52.48833
       ],
       [
        12.26185,
        52.49598
       ],
       [
        12.25769,
        52.51236
       ],
       [
        12.25763,
        52.51338
       ],
       [
        12.25799,
        52.51694
       ],
       [
        12.25796,
        52.51784
       ],
       [
        12.25745,
        52.51867
       ],
       [
        12.25689,
        52.51932
       ],
       [
        12.25583,
        52.51978
       ],
       [
        12.23632,
        52.52446
       ],
       [
        12.23497,
        52.52458
       ],
       [
        12.2335,
        52.52437
       ],
       [
        12.23223,
        52.52383
       ],
       [
        12.23161,
        52.52315
       ],
       [
        12.22394,
        52.51277
       ],
       [
        12.22352,
        52.51182
       ],
       [
        12.2236,
        52.51082
       ],
       [
        12.22406,
        52.51002
       ],
       [
        12.22589,
        52.50851
       ],
       [
        12.22657,
        52.50774
       ],
       [
        12.22686,
        52.50684
       ],
       [
        12.22672,
        52.50595
       ],
       [
        12.22603,
        52.50484
       ],
       [
        12.22199,
        52.50159
       ],
       [
        12.22138,
        52.50123
       ],
       [
        12.20215,
        52.49786
       ],
       [
        12.20086,
        52.49774
       ],
       [
        12.18703,
        52.49732
       ],
       [
        12.17112,
        52.50624
       ],
       [
        12.16779,
        52.51486
       ],
       [
        12.15353,
        52.53015
       ],
       [
        12.15263,
        52.5299
       ],
       [
        12.15166,
        52.52983
       ],
       [
        12.14304,
        52.52953
       ],
       [
        12.14264,
        52.52976
       ],
       [
        12.14241,
        52.53011
       ],
       [
        12.14295,
        52.53669
       ],
       [
        12.14302,
        52.53735
       ],
       [
        12.1588,
        52.56097
       ],
       [
        12.16004,
        52.56237
       ],
       [
        12.17632,
        52.57738
       ],
       [
        12.17345,
        52.59742
       ],
       [
        12.17102,
        52.60795
       ],
       [
        12.16841,
        52.61725
       ],
       [
        12.16993,
        52.6278
       ],
       [
        12.18787,
        52.62231
       ],
       [
        12.19611,
        52.62015
       ],
       [
        12.20224,
        52.6199
       ],
       [
        12.2239,
        52.62757
       ],
       [
        12.22989,
        52.63058
       ],
       [
        12.2375,
        52.64091
       ],
       [
        12.23833,
        52.6454
       ],
       [
        12.23896,
        52.66659
       ],
       [
        12.23796,
        52.67348
       ],
       [
        12.2377,
        52.67462
       ],
       [
        12.2355,
        52.68044
       ],
       [
        12.23183,
        52.68996
       ],
       [
        12.23135,
        52.6905
       ],
       [
        12.23053,
        52.69085
       ],
       [
        12.22936,
        52.69083
       ],
       [
        12.22809,
        52.69055
       ],
       [
        12.22552,
        52.68984
       ],
       [
        12.22425,
        52.68986
       ],
       [
        12.22169,
        52.69032
       ],
       [
        12.22073,
        52.69176
       ],
       [
        12.20218,
        52.72333
       ],
       [
        12.20529,
        52.76197
       ],
       [
        12.20561,
        52.76307
       ],
       [
        12.21251,
        52.77393
       ],
       [
        12.22322,
        52.78746
       ],
       [
        12.24234,
        52.7881
       ],
       [
        12.24405,
        52.78821
       ],
       [
        12.24539,
        52.78876
       ],
       [
        12.24678,
        52.78974
       ],
       [
        12.24954,
        52.7925
       ],
       [
        12.24979,
        52.79366
       ],
       [
        12.25545,
        52.79876
       ],
       [
        12.25784,
        52.80517
       ],
       [
        12.23045,
        52.85343
       ],
       [
        12.1984,
        52.8734
       ],
       [
        12.17457,
        52.86546
       ],
       [
        12.12706,
        52.85315
       ],
       [
        12.12384,
        52.85546
       ],
       [
        12.11848,
        52.87623
       ],
       [
        12.12134,
        52.88817
       ],
       [
        12.12254,
        52.89052
       ],
       [
        12.12752,
        52.88973
       ],
       [
        12.12885,
        52.89203
       ],
       [
        12.11999,
        52.89358
       ],
       [
        12.11048,
        52.87588
       ],
       [
        12.08117,
        52.88136
       ],
       [
        12.06964,
        52.88426
       ],
       [
        12.03391,
        52.88893
       ],
       [
        12.02011,
        52.89044
       ],
       [
        12.01774,
        52.88994
       ],
       [
        12.00757,
        52.88766
       ],
       [
        12.00487,
        52.8827
       ],
       [
        11.983,
        52.87759
       ],
       [
        11.9802,
        52.8773
       ],
       [
        11.97756,
        52.87727
       ],
       [
        11.9751,
        52.87743
       ],
       [
        11.95633,
        52.8814
       ],
       [
        11.95296,
        52.88404
       ],
       [
        11.95017,
        52.88587
       ],
       [
        11.94633,
        52.88762
       ],
       [
        11.94235,
        52.88899
       ],
       [
        11.93784,
        52.88996
       ],
       [
        11.93313,
        52.89075
       ],
       [
        11.88505,
        52.89798
       ],
       [
        11.8322,
        52.91042
       ],
       [
        11.82718,
        52.91231
       ],
       [
        11.82274,
        52.91555
       ],
       [
        11.82072,
        52.91941
       ],
       [
        11.82052,
        52.92292
       ],
       [
        11.82164,
        52.92589
       ],
       [
        11.8245,
        52.92946
       ],
       [
        11.82969,
        52.93282
       ],
       [
        11.83779,
        52.93694
       ],
       [
        11.84206,
        52.939
       ],
       [
        11.84417,
        52.94126
       ],
       [
        11.8451,
        52.94363
       ],
       [
        11.84551,
        52.94708
       ],
       [
        11.84527,
        52.94902
       ],
       [
        11.84417,
        52.95113
       ],
       [
        11.84162,
        52.95305
       ],
       [
        11.83645,
        52.9553
       ],
       [
        11.82882,
        52.95762
       ],
       [
        11.82332,
        52.95839
       ],
       [
        11.81868,
        52.95844
       ],
       [
        11.80719,
        52.95812
       ],
       [
        11.80036,
        52.95828
       ],
       [
        11.79602,
        52.95871
       ],
       [
        11.79196,
        52.9593
       ],
       [
        11.78827,
        52.95989
       ],
       [
        11.7856,
        52.96039
       ],
       [
        11.78325,
        52.96133
       ],
       [
        11.78157,
        52.96255
       ],
       [
        11.77887,
        52.96455
       ],
       [
        11.77552,
        52.96797
       ],
       [
        11.77202,
        52.97216
       ],
       [
        11.76921,
        52.97609
       ],
       [
        11.76603,
        52.97935
       ],
       [
        11.76239,
        52.98199
       ],
       [
        11.75974,
        52.98348
       ],
       [
        11.75748,
        52.98474
       ],
       [
        11.75322,
        52.98651
       ],
       [
        11.74989,
        52.98774
       ],
       [
        11.7456,
        52.98872
       ],
       [
        11.7408,
        52.98938
       ],
       [
        11.73545,
        52.98923
       ],
       [
        11.73174,
        52.98878
       ],
       [
        11.72632,
        52.98709
       ],
       [
        11.72442,
        52.98639
       ],
       [
        11.71575,
        52.98306
       ],
       [
        11.70414,
        52.97863
       ],
       [
        11.70017,
        52.97734
       ],
       [
        11.69813,
        52.97719
       ],
       [
        11.69567,
        52.97729
       ],
       [
        11.69337,
        52.97765
       ],
       [
        11.69118,
        52.97822
       ],
       [
        11.68951,
        52.9791
       ],
       [
        11.68818,
        52.98008
       ],
       [
        11.68664,
        52.98195
       ],
       [
        11.68302,
        52.98663
       ],
       [
        11.68239,
        52.98792
       ],
       [
        11.68209,
        52.9896
       ],
       [
        11.68202,
        52.99108
       ],
       [
        11.68319,
        52.9972
       ],
       [
        11.68314,
        52.99956
       ],
       [
        11.68252,
        53.00131
       ],
       [
        11.67929,
        53.00639
       ],
       [
        11.67811,
        53.00756
       ],
       [
        11.67679,
        53.0085
       ],
       [
        11.67492,
        53.00926
       ],
       [
        11.67255,
        53.00938
       ],
       [
        11.64091,
        53.00601
       ],
       [
        11.63624,
        53.0068
       ],
       [
        11.63187,
        53.00804
       ],
       [
        11.62894,
        53.00963
       ],
       [
        11.62643,
        53.01161
       ],
       [
        11.62425,
        53.01364
       ],
       [
        11.6233,
        53.01581
       ],
       [
        11.62335,
        53.01769
       ],
       [
        11.62386,
        53.01978
       ],
       [
        11.62582,
        53.02292
       ],
       [
        11.62873,
        53.02535
       ],
       [
        11.6346,
        53.0295
       ],
       [
        11.63668,
        53.03098
       ],
       [
        11.63932,
        53.03293
       ],
       [
        11.64058,
        53.03433
       ],
       [
        11.64107,
        53.03587
       ],
       [
        11.64066,
        53.03747
       ],
       [
        11.63935,
        53.03866
       ],
       [
        11.63711,
        53.03991
       ],
       [
        11.63373,
        53.04103
       ],
       [
        11.62996,
        53.04175
       ],
       [
        11.62522,
        53.04213
       ],
       [
        11.62163,
        53.04206
       ],
       [
        11.61715,
        53.04158
       ],
       [
        11.61354,
        53.04087
       ],
       [
        11.5977,
        53.03666
       ],
       [
        11.5934,
        53.03585
       ],
       [
        11.59036,
        53.03565
       ],
       [
        11.58761,
        53.03568
       ],
       [
        11.58345,
        53.03605
       ],
       [
        11.51362,
        53.04689
       ],
       [
        11.51029,
        53.04744
       ],
       [
        11.50699,
        53.04805
       ],
       [
        11.5042,
        53.04891
       ],
       [
        11.50133,
        53.04984
       ],
       [
        11.49878,
        53.05103
       ],
       [
        11.49676,
        53.05214
       ],
       [
        11.4849,
        53.05982
       ],
       [
        11.47526,
        53.06643
       ],
       [
        11.46616,
        53.07297
       ],
       [
        11.46287,
        53.07488
       ],
       [
        11.45918,
        53.07662
       ],
       [
        11.45456,
        53.07819
       ],
       [
        11.45221,
        53.07858
       ],
       [
        11.44999,
        53.07893
       ],
       [
        11.44433,
        53.07907
       ],
       [
        11.43833,
        53.07841
       ],
       [
        11.40377,
        53.07301
       ],
       [
        11.39816,
        53.07163
       ],
       [
        11.39417,
        53.07007
       ],
       [
        11.39087,
        53.06856
       ],
       [
        11.38641,
        53.06672
       ],
       [
        11.38174,
        53.06502
       ],
       [
        11.37757,
        53.06351
       ],
       [
        11.36453,
        53.05906
       ],
       [
        11.35244,
        53.05548
       ],
       [
        11.34847,
        53.05485
       ],
       [
        11.34398,
        53.05488
       ],
       [
        11.3398,
        53.05534
       ],
       [
        11.3367,
        53.05644
       ],
       [
        11.33233,
        53.05907
       ],
       [
        11.28437,
        53.08948
       ],
       [
        11.27764,
        53.09396
       ],
       [
        11.27293,
        53.09749
       ],
       [
        11.27051,
        53.10012
       ],
       [
        11.26983,
        53.1023
       ],
       [
        11.26958,
        53.10501
       ],
       [
        11.26817,
        53.12105
       ],
       [
        11.2867,
        53.12138
       ],
       [
        11.31592,
        53.11938
       ],
       [
        11.36558,
        53.11586
       ],
       [
        11.39182,
        53.12841
       ],
       [
        11.39204,
        53.13426
       ],
       [
        11.39539,
        53.14025
       ],
       [
        11.45989,
        53.14027
       ],
       [
        11.47307,
        53.1341
       ],
       [
        11.4858,
        53.12883
       ],
       [
        11.51071,
        53.12567
       ],
       [
        11.53475,
        53.12544
       ],
       [
        11.54878,
        53.13073
       ],
       [
        11.55642,
        53.13877
       ],
       [
        11.56731,
        53.16581
       ],
       [
        11.56766,
        53.16689
       ],
       [
        11.56772,
        53.16901
       ],
       [
        11.56714,
        53.17164
       ],
       [
        11.56593,
        53.17435
       ],
       [
        11.56307,
        53.1794
       ],
       [
        11.55863,
        53.18876
       ],
       [
        11.55769,
        53.20335
       ],
       [
        11.57314,
        53.21316
       ],
       [
        11.62156,
        53.2394
       ],
       [
        11.62461,
        53.24075
       ],
       [
        11.6264,
        53.24112
       ],
       [
        11.66063,
        53.24223
       ],
       [
        11.68696,
        53.24195
       ],
       [
        11.70603,
        53.23838
       ],
       [
        11.7275,
        53.23285
       ],
       [
        11.75816,
        53.22583
       ],
       [
        11.8191,
        53.22574
       ],
       [
        11.82911,
        53.22885
       ],
       [
        11.8337,
        53.23209
       ],
       [
        11.8172,
        53.24584
       ],
       [
        11.80328,
        53.24761
       ],
       [
        11.79421,
        53.25156
       ],
       [
        11.79417,
        53.25414
       ],
       [
        11.80998,
        53.25374
       ],
       [
        11.81703,
        53.25322
       ],
       [
        11.85472,
        53.24898
       ],
       [
        11.85758,
        53.24901
       ],
       [
        11.8594,
        53.24921
       ],
       [
        11.86036,
        53.24967
       ],
       [
        11.87732,
        53.26211
       ],
       [
        11.89271,
        53.27272
       ],
       [
        11.90856,
        53.27442
       ],
       [
        11.91567,
        53.27411
       ],
       [
        11.92183,
        53.27389
       ],
       [
        11.94388,
        53.27537
       ],
       [
        11.95553,
        53.27898
       ],
       [
        12.01695,
        53.29941
       ],
       [
        12.0233,
        53.30474
       ],
       [
        12.0217,
        53.32138
       ],
       [
        12.01763,
        53.32833
       ],
       [
        12.01356,
        53.33525
       ],
       [
        12.05627,
        53.35043
       ],
       [
        12.04829,
        53.3615
       ],
       [
        12.04822,
        53.37031
       ],
       [
        12.06206,
        53.3714
       ],
       [
        12.07846,
        53.36845
       ],
       [
        12.08163,
        53.34677
       ],
       [
        12.109,
        53.34392
       ],
       [
        12.133,
        53.34906
       ],
       [
        12.22062,
        53.35747
       ],
       [
        12.2296,
        53.3581
       ],
       [
        12.23591,
        53.34315
       ],
       [
        12.24207,
        53.33533
       ],
       [
        12.25855,
        53.32423
       ],
       [
        12.26126,
        53.32397
       ],
       [
        12.27156,
        53.32429
       ],
       [
        12.27657,
        53.32596
       ],
       [
        12.28042,
        53.32729
       ],
       [
        12.29471,
        53.32826
       ],
       [
        12.29813,
        53.32821
       ],
       [
        12.3085,
        53.32753
       ],
       [
        12.32479,
        53.32248
       ],
       [
        12.3337,
        53.31824
       ],
       [
        12.34367,
        53.31611
       ],
       [
        12.34877,
        53.315
       ],
       [
        12.35208,
        53.31404
       ],
       [
        12.37968,
        53.3037
       ],
       [
        12.41034,
        53.27976
       ],
       [
        12.43223,
        53.26262
       ],
       [
        12.43294,
        53.26033
       ],
       [
        12.43397,
        53.25905
       ],
       [
        12.44408,
        53.25131
       ],
       [
        12.45137,
        53.25121
       ],
       [
        12.49805,
        53.25562
       ],
       [
        12.50435,
        53.25746
       ],
       [
        12.50399,
        53.26251
       ],
       [
        12.53121,
        53.26548
       ],
       [
        12.59838,
        53.24789
       ],
       [
        12.60947,
        53.24796
       ],
       [
        12.61199,
        53.24924
       ],
       [
        12.62805,
        53.25536
       ],
       [
        12.66207,
        53.25499
       ],
       [
        12.66878,
        53.25001
       ],
       [
        12.67211,
        53.24699
       ],
       [
        12.66589,
        53.24324
       ],
       [
        12.66522,
        53.24268
       ],
       [
        12.66488,
        53.24189
       ],
       [
        12.66398,
        53.23422
       ],
       [
        12.66521,
        53.23282
       ],
       [
        12.66688,
        53.23191
       ],
       [
        12.67204,
        53.23034
       ],
       [
        12.68859,
        53.22673
       ],
       [
        12.71949,
        53.22238
       ],
       [
        12.73655,
        53.2231
       ],
       [
        12.74141,
        53.22381
       ],
       [
        12.74641,
        53.22572
       ],
       [
        12.75769,
        53.22445
       ],
       [
        12.75267,
        53.21099
       ],
       [
        12.75077,
        53.20868
       ],
       [
        12.74784,
        53.20623
       ],
       [
        12.74346,
        53.20395
       ],
       [
        12.73703,
        53.20091
       ],
       [
        12.76283,
        53.18976
       ],
       [
        12.76416,
        53.18934
       ],
       [
        12.76581,
        53.18911
       ],
       [
        12.77036,
        53.18853
       ],
       [
        12.77192,
        53.18837
       ],
       [
        12.77314,
        53.18841
       ],
       [
        12.78473,
        53.1891
       ],
       [
        12.81118,
        53.19187
       ],
       [
        12.81537,
        53.19486
       ],
       [
        12.81576,
        53.19573
       ],
       [
        12.81596,
        53.19615
       ],
       [
        12.81652,
        53.19666
       ],
       [
        12.8174,
        53.19686
       ],
       [
        12.84299,
        53.20155
       ],
       [
        12.84455,
        53.20176
       ],
       [
        12.84636,
        53.20176
       ],
       [
        12.84738,
        53.20174
       ],
       [
        12.84803,
        53.20144
       ],
       [
        12.84847,
        53.20089
       ],
       [
        12.8532,
        53.19527
       ],
       [
        12.85793,
        53.18966
       ],
       [
        12.85848,
        53.18901
       ],
       [
        12.87579,
        53.18088
       ],
       [
        12.877,
        53.18067
       ],
       [
        12.88946,
        53.18023
       ],
       [
        12.89077,
        53.18323
       ],
       [
        12.89044,
        53.18879
       ],
       [
        12.90429,
        53.1944
       ],
       [
        12.91271,
        53.19582
       ],
       [
        12.95547,
        53.20091
       ],
       [
        12.95977,
        53.20098
       ],
       [
        12.96243,
        53.20085
       ],
       [
        12.96384,
        53.2007
       ],
       [
        12.96519,
        53.20044
       ],
       [
        12.9754,
        53.19748
       ],
       [
        12.97927,
        53.19295
       ],
       [
        12.97973,
        53.19238
       ],
       [
        12.97947,
        53.19182
       ],
       [
        12.97841,
        53.19145
       ],
       [
        12.97801,
        53.1914
       ],
       [
        12.97651,
        53.19121
       ],
       [
        12.97481,
        53.19088
       ],
       [
        12.96455,
        53.18689
       ],
       [
        12.96282,
        53.18614
       ],
       [
        12.9446,
        53.17796
       ],
       [
        12.94316,
        53.17695
       ],
       [
        12.94245,
        53.17591
       ],
       [
        12.94259,
        53.17501
       ],
       [
        12.94346,
        53.17426
       ],
       [
        12.97661,
        53.16285
       ],
       [
        12.97748,
        53.16295
       ],
       [
        12.98282,
        53.16452
       ],
       [
        12.98366,
        53.16508
       ],
       [
        12.98436,
        53.16584
       ],
       [
        12.99073,
        53.16889
       ],
       [
        13.01903,
        53.18275
       ],
       [
        13.01901,
        53.18423
       ],
       [
        13.01979,
        53.18536
       ],
       [
        13.03208,
        53.19206
       ],
       [
        13.03654,
        53.1943
       ],
       [
        13.05465,
        53.19955
       ],
       [
        13.06545,
        53.20087
       ],
       [
        13.07197,
        53.20044
       ],
       [
        13.10638,
        53.21568
       ],
       [
        13.10909,
        53.22503
       ],
       [
        13.10899,
        53.22626
       ],
       [
        13.10295,
        53.2331
       ],
       [
        13.10279,
        53.23437
       ],
       [
        13.10318,
        53.23512
       ],
       [
        13.11098,
        53.23898
       ],
       [
        13.14787,
        53.25018
       ],
       [
        13.15143,
        53.25048
       ],
       [
        13.18076,
        53.25049
       ],
       [
        13.18513,
        53.24912
       ],
       [
        13.18742,
        53.24764
       ],
       [
        13.18904,
        53.24566
       ],
       [
        13.19058,
        53.23542
       ],
       [
        13.20567,
        53.22007
       ],
       [
        13.22944,
        53.21681
       ],
       [
        13.2372,
        53.22415
       ],
       [
        13.23788,
        53.22496
       ],
       [
        13.24049,
        53.23095
       ],
       [
        13.23923,
        53.23836
       ],
       [
        13.24732,
        53.25518
       ],
       [
        13.24789,
        53.25597
       ],
       [
        13.24858,
        53.25667
       ],
       [
        13.25387,
        53.25999
       ],
       [
        13.28753,
        53.27552
       ],
       [
        13.30159,
        53.28095
       ],
       [
        13.36142,
        53.27785
       ],
       [
        13.36751,
        53.27263
       ],
       [
        13.37759,
        53.25775
       ],
       [
        13.40553,
        53.24702
       ],
       [
        13.42088,
        53.26997
       ],
       [
        13.43438,
        53.28887
       ],
       [
        13.45653,
        53.29302
       ],
       [
        13.45956,
        53.28893
       ],
       [
        13.46082,
        53.28835
       ],
       [
        13.46211,
        53.28823
       ],
       [
        13.48314,
        53.29086
       ],
       [
        13.48437,
        53.29127
       ],
       [
        13.48544,
        53.29181
       ],
       [
        13.52274,
        53.31977
       ],
       [
        13.52007,
        53.33333
       ],
       [
        13.51713,
        53.33871
       ],
       [
        13.5167,
        53.35177
       ],
       [
        13.52324,
        53.366
       ],
       [
        13.53354,
        53.36528
       ],
       [
        13.54251,
        53.36518
       ],
       [
        13.55452,
        53.38043
       ],
       [
        13.55498,
        53.39184
       ],
       [
        13.55479,
        53.39231
       ],
       [
        13.55429,
        53.39273
       ],
       [
        13.5533,
        53.393
       ],
       [
        13.552,
        53.3931
       ],
       [
        13.54565,
        53.39352
       ],
       [
        13.54492,
        53.3938
       ],
       [
        13.54467,
        53.39435
       ],
       [
        13.54472,
        53.39489
       ],
       [
        13.54521,
        53.39538
       ],
       [
        13.54844,
        53.39861
       ],
       [
        13.55103,
        53.40036
       ],
       [
        13.57004,
        53.40821
       ],
       [
        13.60988,
        53.41363
       ],
       [
        13.61212,
        53.41373
       ],
       [
        13.64006,
        53.44757
       ],
       [
        13.65492,
        53.44892
       ],
       [
        13.70125,
        53.47431
       ],
       [
        13.70717,
        53.47768
       ],
       [
        13.70799,
        53.47833
       ],
       [
        13.71291,
        53.48219
       ],
       [
        13.747,
        53.48124
       ],
       [
        13.75354,
        53.47862
       ],
       [
        13.7799,
        53.47433
       ],
       [
        13.78563,
        53.4746
       ],
       [
        13.80199,
        53.4786
       ],
       [
        13.81214,
        53.48436
       ],
       [
        13.82641,
        53.49788
       ],
       [
        13.79042,
        53.51073
       ],
       [
        13.77723,
        53.51393
       ],
       [
        13.77576,
        53.53028
       ],
       [
        13.78404,
        53.55061
       ],
       [
        13.78502,
        53.55295
       ],
       [
        13.79093,
        53.55785
       ],
       [
        13.79985,
        53.55795
       ],
       [
        13.80097,
        53.55734
       ],
       [
        13.80127,
        53.55233
       ],
       [
        13.79865,
        53.54945
       ],
       [
        13.79818,
        53.54584
       ],
       [
        13.82349,
        53.51986
       ],
       [
        13.87761,
        53.50439
       ],
       [
        13.87528,
        53.50061
       ],
       [
        13.87272,
        53.49356
       ],
       [
        13.87286,
        53.49029
       ],
       [
        13.87357,
        53.47515
       ]
      ],
      [
       [
        13.45965,
        52.66972
       ],
       [
        13.45164,
        52.6631
       ],
       [
        13.4625,
        52.65752
       ],
       [
        13.43146,
        52.6369
       ],
       [
        13.42692,
        52.63564
       ],
       [
        13.42324,
        52.63586
       ],
       [
        13.40629,
        52.64194
       ],
       [
        13.39611,
        52.64811
       ],
       [
        13.38836,
        52.63854
       ],
       [
        13.37463,
        52.62883
       ],
       [
        13.37344,
        52.62838
       ],
       [
        13.36648,
        52.62584
       ],
       [
        13.35766,
        52.6235
       ],
       [
        13.35652,
        52.62335
       ],
       [
        13.34885,
        52.6228
       ],
       [
        13.34769,
        52.62273
       ],
       [
        13.33758,
        52.62315
       ],
       [
        13.30695,
        52.62832
       ],
       [
        13.30259,
        52.63617
       ],
       [
        13.30356,
        52.65087
       ],
       [
        13.28153,
        52.65287
       ],
       [
        13.27299,
        52.64019
       ],
       [
        13.26424,
        52.62737
       ],
       [
        13.24071,
        52.62784
       ],
       [
        13.22129,
        52.62823
       ],
       [
        13.20231,
        52.60698
       ],
       [
        13.20176,
        52.60629
       ],
       [
        13.20159,
        52.60542
       ],
       [
        13.20163,
        52.60506
       ],
       [
        13.20171,
        52.60436
       ],
       [
        13.20208,
        52.60367
       ],
       [
        13.2026,
        52.60307
       ],
       [
        13.21335,
        52.59534
       ],
       [
        13.2174,
        52.59307
       ],
       [
        13.21832,
        52.59223
       ],
       [
        13.21867,
        52.59158
       ],
       [
        13.21869,
        52.59083
       ],
       [
        13.2169,
        52.58727
       ],
       [
        13.20594,
        52.58689
       ],
       [
        13.16503,
        52.59831
       ],
       [
        13.14858,
        52.59146
       ],
       [
        13.14968,
        52.58281
       ],
       [
        13.15328,
        52.57852
       ],
       [
        13.15358,
        52.57439
       ],
       [
        13.15254,
        52.57101
       ],
       [
        13.14664,
        52.55398
       ],
       [
        13.14572,
        52.55277
       ],
       [
        13.14476,
        52.55232
       ],
       [
        13.14347,
        52.55226
       ],
       [
        13.14192,
        52.55221
       ],
       [
        13.13979,
        52.55234
       ],
       [
        13.13551,
        52.55326
       ],
       [
        13.12964,
        52.55485
       ],
       [
        13.12459,
        52.54604
       ],
       [
        13.11878,
        52.52865
       ],
       [
        13.11742,
        52.51669
       ],
       [
        13.127,
        52.51788
       ],
       [
        13.1431,
        52.51989
       ],
       [
        13.16655,
        52.50951
       ],
       [
        13.15524,
        52.50122
       ],
       [
        13.12632,
        52.48011
       ],
       [
        13.11771,
        52.47847
       ],
       [
        13.11101,
        52.46718
       ],
       [
        13.11074,
        52.46656
       ],
       [
        13.10961,
        52.45089
       ],
       [
        13.11622,
        52.44482
       ],
       [
        13.11998,
        52.44137
       ],
       [
        13.12178,
        52.4397
       ],
       [
        13.12222,
        52.43881
       ],
       [
        13.12188,
        52.43787
       ],
       [
        13.11226,
        52.42893
       ],
       [
        13.10435,
        52.42431
       ],
       [
        13.10078,
        52.42404
       ],
       [
        13.09825,
        52.42391
       ],
       [
        13.09688,
        52.42335
       ],
       [
        13.08821,
        52.41977
       ],
       [
        13.08917,
        52.41192
       ],
       [
        13.09003,
        52.41119
       ],
       [
        13.12339,
        52.39712
       ],
       [
        13.12421,
        52.39686
       ],
       [
        13.1249,
        52.39674
       ],
       [
        13.12557,
        52.39667
       ],
       [
        13.15595,
        52.39391
       ],
       [
        13.16603,
        52.39472
       ],
       [
        13.15786,
        52.39669
       ],
       [
        13.16122,
        52.40421
       ],
       [
        13.19828,
        52.41538
       ],
       [
        13.2231,
        52.42093
       ],
       [
        13.24498,
        52.42049
       ],
       [
        13.24776,
        52.41417
       ],
       [
        13.24855,
        52.40466
       ],
       [
        13.26791,
        52.40418
       ],
       [
        13.26984,
        52.40422
       ],
       [
        13.27118,
        52.40429
       ],
       [
        13.27312,
        52.40449
       ],
       [
        13.27438,
        52.40477
       ],
       [
        13.29744,
        52.41251
       ],
       [
        13.31099,
        52.39946
       ],
       [
        13.3259,
        52.40505
       ],
       [
        13.34195,
        52.41102
       ],
       [
        13.3862,
        52.38811
       ],
       [
        13.38718,
        52.37789
       ],
       [
        13.3893,
        52.37778
       ],
       [
        13.42051,
        52.3762
       ],
       [
        13.42751,
        52.38722
       ],
       [
        13.41872,
        52.40998
       ],
       [
        13.46032,
        52.42039
       ],
       [
        13.46379,
        52.42059
       ],
       [
        13.46618,
        52.42016
       ],
       [
        13.46782,
        52.41897
       ],
       [
        13.47979,
        52.39611
       ],
       [
        13.51514,
        52.40132
       ],
       [
        13.53088,
        52.39856
       ],
       [
        13.53428,
        52.39049
       ],
       [
        13.53638,
        52.38915
       ],
       [
        13.56627,
        52.38821
       ],
       [
        13.57488,
        52.38996
       ],
       [
        13.59262,
        52.39355
       ],
       [
        13.62833,
        52.38181
       ],
       [
        13.64135,
        52.37672
       ],
       [
        13.64336,
        52.37541
       ],
       [
        13.64725,
        52.37043
       ],
       [
        13.64665,
        52.36626
       ],
       [
        13.64608,
        52.36551
       ],
       [
        13.65032,
        52.34182
       ],
       [
        13.70183,
        52.3729
       ],
       [
        13.70095,
        52.3774
       ],
       [
        13.6985,
        52.38151
       ],
       [
        13.68559,
        52.38326
       ],
       [
        13.68621,
        52.38435
       ],
       [
        13.68666,
        52.38488
       ],
       [
        13.68732,
        52.38533
       ],
       [
        13.69808,
        52.39101
       ],
       [
        13.72919,
        52.41505
       ],
       [
        13.75238,
        52.43645
       ],
       [
        13.75971,
        52.43551
       ],
       [
        13.76044,
        52.43662
       ],
       [
        13.76061,
        52.43718
       ],
       [
        13.7584,
        52.44341
       ],
       [
        13.75354,
        52.44629
       ],
       [
        13.7041,
        52.46362
       ],
       [
        13.66924,
        52.47385
       ],
       [
        13.66674,
        52.47416
       ],
       [
        13.64793,
        52.47891
       ],
       [
        13.64103,
        52.47894
       ],
       [
        13.62517,
        52.47325
       ],
       [
        13.62517,
        52.47319
       ],
       [
        13.62433,
        52.46632
       ],
       [
        13.62429,
        52.46625
       ],
       [
        13.62068,
        52.46655
       ],
       [
        13.61169,
        52.4716
       ],
       [
        13.61441,
        52.48144
       ],
       [
        13.62941,
        52.5067
       ],
       [
        13.63269,
        52.51143
       ],
       [
        13.63458,
        52.51345
       ],
       [
        13.64001,
        52.51748
       ],
       [
        13.64684,
        52.52096
       ],
       [
        13.65368,
        52.52443
       ],
       [
        13.65758,
        52.52635
       ],
       [
        13.65679,
        52.53064
       ],
       [
        13.62461,
        52.53797
       ],
       [
        13.61192,
        52.54332
       ],
       [
        13.58594,
        52.54948
       ],
       [
        13.58778,
        52.55234
       ],
       [
        13.58814,
        52.55333
       ],
       [
        13.58761,
        52.55525
       ],
       [
        13.58182,
        52.57066
       ],
       [
        13.55536,
        52.58507
       ],
       [
        13.54188,
        52.59005
       ],
       [
        13.52585,
        52.59224
       ],
       [
        13.50734,
        52.59222
       ],
       [
        13.49643,
        52.60561
       ],
       [
        13.50676,
        52.62733
       ],
       [
        13.51706,
        52.63053
       ],
       [
        13.52162,
        52.64038
       ],
       [
        13.52189,
        52.6435
       ],
       [
        13.5218,
        52.64367
       ],
       [
        13.5189,
        52.64743
       ],
       [
        13.51884,
        52.64748
       ],
       [
        13.47581,
        52.66647
       ],
       [
        13.45965,
        52.66972
       ]
      ]
     ]
    ]
   }
  },
  {
   "type": "Feature",
   "properties": {
    "key": "mv",
    "name": "Mecklenburg-Vorpommern",
    "bez": "Land",
    "ars": "13",
    "nuts": "DE8",
    "status": "lidar+alkis",
    "lidar_dgm1": true,
    "lidar_las": true,
    "lidar_script": "download_mv_lidar.sh",
    "lidar_bbox": true,
    "lidar_note": null,
    "alkis": "full",
    "alkis_engine": "aria2",
    "alkis_spatial": "gemeinde",
    "sample_bbox": "410,6046,415,6051",
    "sample_epsg": 25833,
    "sample_place": "Sassnitz"
   },
   "geometry": {
    "type": "MultiPolygon",
    "coordinates": [
     [
      [
       [
        12.70254,
        54.4293
       ],
       [
        12.71078,
        54.42556
       ],
       [
        12.7213,
        54.42556
       ],
       [
        12.72278,
        54.42554
       ],
       [
        12.72436,
        54.42496
       ],
       [
        12.72721,
        54.42224
       ],
       [
        12.72982,
        54.4171
       ],
       [
        12.72915,
        54.41599
       ],
       [
        12.72717,
        54.41546
       ],
       [
        12.7239,
        54.41523
       ],
       [
        12.72159,
        54.41506
       ],
       [
        12.71688,
        54.416
       ],
       [
        12.70818,
        54.4173
       ],
       [
        12.69966,
        54.4184
       ],
       [
        12.69115,
        54.41878
       ],
       [
        12.68655,
        54.41714
       ],
       [
        12.68282,
        54.41535
       ],
       [
        12.67884,
        54.41537
       ],
       [
        12.67684,
        54.41609
       ],
       [
        12.67525,
        54.41716
       ],
       [
        12.67458,
        54.41864
       ],
       [
        12.67469,
        54.42022
       ],
       [
        12.67638,
        54.42217
       ],
       [
        12.68958,
        54.43035
       ],
       [
        12.69167,
        54.43085
       ],
       [
        12.69302,
        54.43099
       ],
       [
        12.69541,
        54.43101
       ],
       [
        12.69854,
        54.43049
       ],
       [
        12.70254,
        54.4293
       ]
      ]
     ],
     [
      [
       [
        13.05791,
        54.45084
       ],
       [
        13.04928,
        54.44622
       ],
       [
        13.04358,
        54.44346
       ],
       [
        13.04231,
        54.44311
       ],
       [
        13.02911,
        54.44271
       ],
       [
        13.02749,
        54.44269
       ],
       [
        13.0078,
        54.44256
       ],
       [
        12.98746,
        54.4331
       ],
       [
        12.9757,
        54.43236
       ],
       [
        12.97498,
        54.43246
       ],
       [
        12.97455,
        54.43271
       ],
       [
        12.97282,
        54.43568
       ],
       [
        12.97322,
        54.43624
       ],
       [
        12.99714,
        54.44605
       ],
       [
        13.00026,
        54.44698
       ],
       [
        13.00287,
        54.44756
       ],
       [
        13.00633,
        54.44791
       ],
       [
        13.00903,
        54.44802
       ],
       [
        13.01267,
        54.44779
       ],
       [
        13.01999,
        54.44754
       ],
       [
        13.03091,
        54.44768
       ],
       [
        13.03239,
        54.44781
       ],
       [
        13.03376,
        54.44835
       ],
       [
        13.03842,
        54.45055
       ],
       [
        13.05193,
        54.4574
       ],
       [
        13.05751,
        54.45355
       ],
       [
        13.05836,
        54.45281
       ],
       [
        13.05869,
        54.45208
       ],
       [
        13.05854,
        54.45145
       ],
       [
        13.05791,
        54.45084
       ]
      ]
     ],
     [
      [
       [
        13.19992,
        54.48587
       ],
       [
        13.20452,
        54.48518
       ],
       [
        13.21647,
        54.48504
       ],
       [
        13.20935,
        54.46724
       ],
       [
        13.20923,
        54.46843
       ],
       [
        13.20707,
        54.46915
       ],
       [
        13.20522,
        54.46923
       ],
       [
        13.18775,
        54.46558
       ],
       [
        13.18608,
        54.46503
       ],
       [
        13.1652,
        54.45526
       ],
       [
        13.16346,
        54.45369
       ],
       [
        13.16234,
        54.45201
       ],
       [
        13.16279,
        54.45011
       ],
       [
        13.15722,
        54.44844
       ],
       [
        13.13283,
        54.44341
       ],
       [
        13.12462,
        54.44178
       ],
       [
        13.12316,
        54.44203
       ],
       [
        13.12139,
        54.44485
       ],
       [
        13.12093,
        54.44744
       ],
       [
        13.12272,
        54.45154
       ],
       [
        13.14055,
        54.4731
       ],
       [
        13.14681,
        54.47934
       ],
       [
        13.15113,
        54.4835
       ],
       [
        13.15756,
        54.48779
       ],
       [
        13.1624,
        54.49008
       ],
       [
        13.16785,
        54.49173
       ],
       [
        13.17451,
        54.49301
       ],
       [
        13.18085,
        54.49359
       ],
       [
        13.18671,
        54.49352
       ],
       [
        13.19271,
        54.49293
       ],
       [
        13.19617,
        54.49172
       ],
       [
        13.19821,
        54.49029
       ],
       [
        13.1947,
        54.48978
       ],
       [
        13.19432,
        54.48955
       ],
       [
        13.19375,
        54.48907
       ],
       [
        13.19435,
        54.48782
       ],
       [
        13.19574,
        54.48687
       ],
       [
        13.19992,
        54.48587
       ]
      ]
     ],
     [
      [
       [
        13.14776,
        54.59708
       ],
       [
        13.15653,
        54.58245
       ],
       [
        13.15696,
        54.58152
       ],
       [
        13.1569,
        54.58045
       ],
       [
        13.15638,
        54.57435
       ],
       [
        13.1557,
        54.57316
       ],
       [
        13.15471,
        54.57282
       ],
       [
        13.1536,
        54.57292
       ],
       [
        13.14476,
        54.57452
       ],
       [
        13.14382,
        54.57476
       ],
       [
        13.14322,
        54.57534
       ],
       [
        13.14039,
        54.58457
       ],
       [
        13.13955,
        54.59275
       ],
       [
        13.12926,
        54.59055
       ],
       [
        13.11185,
        54.58387
       ],
       [
        13.11082,
        54.58326
       ],
       [
        13.11053,
        54.58234
       ],
       [
        13.11149,
        54.57224
       ],
       [
        13.11422,
        54.56272
       ],
       [
        13.11486,
        54.56137
       ],
       [
        13.11696,
        54.55174
       ],
       [
        13.11708,
        54.55061
       ],
       [
        13.11539,
        54.5371
       ],
       [
        13.11461,
        54.53626
       ],
       [
        13.10296,
        54.52836
       ],
       [
        13.10085,
        54.52797
       ],
       [
        13.09681,
        54.52785
       ],
       [
        13.09534,
        54.52745
       ],
       [
        13.09431,
        54.52683
       ],
       [
        13.08615,
        54.51911
       ],
       [
        13.08574,
        54.51863
       ],
       [
        13.08277,
        54.51499
       ],
       [
        13.07365,
        54.49909
       ],
       [
        13.07335,
        54.49824
       ],
       [
        13.07289,
        54.49469
       ],
       [
        13.07321,
        54.4939
       ],
       [
        13.07439,
        54.49111
       ],
       [
        13.07514,
        54.48741
       ],
       [
        13.07542,
        54.48392
       ],
       [
        13.07293,
        54.47
       ],
       [
        13.07029,
        54.46245
       ],
       [
        13.06989,
        54.46168
       ],
       [
        13.06662,
        54.45841
       ],
       [
        13.06565,
        54.45836
       ],
       [
        13.06472,
        54.45873
       ],
       [
        13.06402,
        54.45974
       ],
       [
        13.06092,
        54.46677
       ],
       [
        13.06022,
        54.46948
       ],
       [
        13.06038,
        54.47445
       ],
       [
        13.06101,
        54.47849
       ],
       [
        13.06451,
        54.49
       ],
       [
        13.06721,
        54.49655
       ],
       [
        13.06975,
        54.50196
       ],
       [
        13.07223,
        54.50704
       ],
       [
        13.0925,
        54.54661
       ],
       [
        13.09603,
        54.55213
       ],
       [
        13.09743,
        54.55501
       ],
       [
        13.09822,
        54.5579
       ],
       [
        13.09866,
        54.56123
       ],
       [
        13.10046,
        54.57662
       ],
       [
        13.10085,
        54.58558
       ],
       [
        13.10091,
        54.58708
       ],
       [
        13.10058,
        54.5878
       ],
       [
        13.09944,
        54.58902
       ],
       [
        13.09935,
        54.58967
       ],
       [
        13.10018,
        54.59087
       ],
       [
        13.11896,
        54.60241
       ],
       [
        13.12171,
        54.60343
       ],
       [
        13.12719,
        54.60473
       ],
       [
        13.13151,
        54.60527
       ],
       [
        13.1342,
        54.60529
       ],
       [
        13.13774,
        54.60501
       ],
       [
        13.14245,
        54.60406
       ],
       [
        13.14426,
        54.60352
       ],
       [
        13.14494,
        54.60308
       ],
       [
        13.14577,
        54.60229
       ],
       [
        13.14688,
        54.60042
       ],
       [
        13.14776,
        54.59708
       ]
      ]
     ],
     [
      [
       [
        11.48891,
        53.99901
       ],
       [
        11.48059,
        53.98177
       ],
       [
        11.45581,
        53.9576
       ],
       [
        11.45499,
        53.95708
       ],
       [
        11.45405,
        53.95692
       ],
       [
        11.45275,
        53.95698
       ],
       [
        11.4512,
        53.9572
       ],
       [
        11.44901,
        53.95778
       ],
       [
        11.44883,
        53.95784
       ],
       [
        11.44506,
        53.95957
       ],
       [
        11.44401,
        53.9605
       ],
       [
        11.44303,
        53.96225
       ],
       [
        11.44218,
        53.96407
       ],
       [
        11.44215,
        53.96664
       ],
       [
        11.44248,
        53.9691
       ],
       [
        11.44311,
        53.97045
       ],
       [
        11.44658,
        53.9738
       ],
       [
        11.44741,
        53.97529
       ],
       [
        11.44752,
        53.97677
       ],
       [
        11.44791,
        53.99476
       ],
       [
        11.44787,
        53.9962
       ],
       [
        11.44753,
        53.99698
       ],
       [
        11.44657,
        53.99734
       ],
       [
        11.44536,
        53.99735
       ],
       [
        11.43731,
        53.99151
       ],
       [
        11.43613,
        53.99065
       ],
       [
        11.42958,
        53.9857
       ],
       [
        11.42797,
        53.97563
       ],
       [
        11.42797,
        53.96761
       ],
       [
        11.42817,
        53.96411
       ],
       [
        11.4283,
        53.96334
       ],
       [
        11.42916,
        53.96283
       ],
       [
        11.42043,
        53.96278
       ],
       [
        11.3976,
        53.96439
       ],
       [
        11.39299,
        53.96483
       ],
       [
        11.3896,
        53.96573
       ],
       [
        11.38756,
        53.96647
       ],
       [
        11.38596,
        53.96737
       ],
       [
        11.38329,
        53.96955
       ],
       [
        11.38103,
        53.97213
       ],
       [
        11.37785,
        53.97689
       ],
       [
        11.37666,
        53.97913
       ],
       [
        11.37619,
        53.98122
       ],
       [
        11.37616,
        53.9936
       ],
       [
        11.37659,
        53.9951
       ],
       [
        11.3773,
        53.99623
       ],
       [
        11.3784,
        53.99735
       ],
       [
        11.38248,
        54.0
       ],
       [
        11.38573,
        54.00211
       ],
       [
        11.38902,
        54.00385
       ],
       [
        11.39184,
        54.00508
       ],
       [
        11.39982,
        54.00828
       ],
       [
        11.40374,
        54.00964
       ],
       [
        11.42625,
        54.0155
       ],
       [
        11.47396,
        54.02566
       ],
       [
        11.47726,
        54.02546
       ],
       [
        11.49,
        54.02334
       ],
       [
        11.49212,
        54.02255
       ],
       [
        11.49409,
        54.02123
       ],
       [
        11.49523,
        54.01976
       ],
       [
        11.49541,
        54.01784
       ],
       [
        11.49506,
        54.01576
       ],
       [
        11.49303,
        54.00801
       ],
       [
        11.48937,
        54.0
       ],
       [
        11.48891,
        53.99901
       ]
      ]
     ],
     [
      [
       [
        13.84923,
        54.11702
       ],
       [
        13.86339,
        54.10658
       ],
       [
        13.87077,
        54.10204
       ],
       [
        13.88097,
        54.09663
       ],
       [
        13.89081,
        54.09172
       ],
       [
        13.90053,
        54.0877
       ],
       [
        13.90618,
        54.08561
       ],
       [
        13.91922,
        54.08083
       ],
       [
        13.93248,
        54.0768
       ],
       [
        13.93551,
        54.07602
       ],
       [
        13.93987,
        54.07528
       ],
       [
        13.96199,
        54.07186
       ],
       [
        13.96731,
        54.07085
       ],
       [
        13.97127,
        54.06976
       ],
       [
        14.0,
        54.05983
       ],
       [
        14.00177,
        54.05921
       ],
       [
        14.01666,
        54.05294
       ],
       [
        14.01928,
        54.05146
       ],
       [
        14.02167,
        54.04971
       ],
       [
        14.03724,
        54.03905
       ],
       [
        14.04797,
        54.03185
       ],
       [
        14.07592,
        54.01549
       ],
       [
        14.10461,
        54.0
       ],
       [
        14.11284,
        53.99556
       ],
       [
        14.13808,
        53.98061
       ],
       [
        14.16257,
        53.96301
       ],
       [
        14.17585,
        53.95293
       ],
       [
        14.17789,
        53.95164
       ],
       [
        14.18878,
        53.94523
       ],
       [
        14.20091,
        53.93905
       ],
       [
        14.21206,
        53.93398
       ],
       [
        14.21665,
        53.93224
       ],
       [
        14.22633,
        53.92884
       ],
       [
        14.2262,
        53.92816
       ],
       [
        14.22608,
        53.92772
       ],
       [
        14.2073,
        53.91576
       ],
       [
        14.20514,
        53.91097
       ],
       [
        14.21152,
        53.90343
       ],
       [
        14.2127,
        53.9017
       ],
       [
        14.21325,
        53.90055
       ],
       [
        14.21373,
        53.88528
       ],
       [
        14.21424,
        53.86606
       ],
       [
        14.21424,
        53.86606
       ],
       [
        14.2007,
        53.87071
       ],
       [
        14.19718,
        53.87172
       ],
       [
        14.19331,
        53.87256
       ],
       [
        14.18967,
        53.87311
       ],
       [
        14.18633,
        53.87321
       ],
       [
        14.17597,
        53.87195
       ],
       [
        14.11556,
        53.87011
       ],
       [
        14.06783,
        53.87053
       ],
       [
        14.04369,
        53.87437
       ],
       [
        14.0407,
        53.8745
       ],
       [
        14.03812,
        53.87442
       ],
       [
        14.03569,
        53.87405
       ],
       [
        14.01869,
        53.86935
       ],
       [
        14.01785,
        53.86861
       ],
       [
        14.01661,
        53.86587
       ],
       [
        14.01639,
        53.86548
       ],
       [
        14.01611,
        53.86498
       ],
       [
        14.01546,
        53.86444
       ],
       [
        14.00667,
        53.85852
       ],
       [
        14.00471,
        53.85755
       ],
       [
        14.0,
        53.85532
       ],
       [
        13.99492,
        53.8529
       ],
       [
        13.98115,
        53.84948
       ],
       [
        13.95973,
        53.84613
       ],
       [
        13.94753,
        53.84445
       ],
       [
        13.94467,
        53.84417
       ],
       [
        13.94133,
        53.84411
       ],
       [
        13.9402,
        53.84418
       ],
       [
        13.93826,
        53.8443
       ],
       [
        13.92869,
        53.84537
       ],
       [
        13.92187,
        53.84627
       ],
       [
        13.92301,
        53.85084
       ],
       [
        13.92348,
        53.85167
       ],
       [
        13.9246,
        53.85209
       ],
       [
        13.92611,
        53.85196
       ],
       [
        13.93116,
        53.85006
       ],
       [
        13.9332,
        53.84911
       ],
       [
        13.93493,
        53.84867
       ],
       [
        13.93661,
        53.84858
       ],
       [
        13.94045,
        53.84884
       ],
       [
        13.94228,
        53.84901
       ],
       [
        13.95024,
        53.85145
       ],
       [
        13.95172,
        53.85234
       ],
       [
        13.95311,
        53.85359
       ],
       [
        13.95387,
        53.85541
       ],
       [
        13.95409,
        53.85726
       ],
       [
        13.95361,
        53.85884
       ],
       [
        13.9522,
        53.86092
       ],
       [
        13.94965,
        53.86308
       ],
       [
        13.94743,
        53.86418
       ],
       [
        13.93031,
        53.87008
       ],
       [
        13.92682,
        53.86412
       ],
       [
        13.91958,
        53.84977
       ],
       [
        13.91907,
        53.84854
       ],
       [
        13.91757,
        53.84651
       ],
       [
        13.91394,
        53.84425
       ],
       [
        13.91112,
        53.84322
       ],
       [
        13.89924,
        53.84043
       ],
       [
        13.89745,
        53.84028
       ],
       [
        13.89533,
        53.84041
       ],
       [
        13.88467,
        53.8412
       ],
       [
        13.86395,
        53.8434
       ],
       [
        13.82779,
        53.85036
       ],
       [
        13.82624,
        53.85071
       ],
       [
        13.82504,
        53.85161
       ],
       [
        13.82171,
        53.85618
       ],
       [
        13.8212,
        53.8576
       ],
       [
        13.83413,
        53.87091
       ],
       [
        13.83685,
        53.87192
       ],
       [
        13.83825,
        53.872
       ],
       [
        13.83969,
        53.87174
       ],
       [
        13.85058,
        53.87089
       ],
       [
        13.85325,
        53.87098
       ],
       [
        13.85599,
        53.87122
       ],
       [
        13.89503,
        53.87845
       ],
       [
        13.89649,
        53.87881
       ],
       [
        13.89791,
        53.87935
       ],
       [
        13.92113,
        53.88842
       ],
       [
        13.92231,
        53.8889
       ],
       [
        13.92353,
        53.88987
       ],
       [
        13.92943,
        53.89736
       ],
       [
        13.93024,
        53.89855
       ],
       [
        13.93766,
        53.90958
       ],
       [
        13.93786,
        53.91052
       ],
       [
        13.93781,
        53.91338
       ],
       [
        13.93745,
        53.9146
       ],
       [
        13.9311,
        53.93583
       ],
       [
        13.93034,
        53.93703
       ],
       [
        13.92198,
        53.94884
       ],
       [
        13.92067,
        53.95059
       ],
       [
        13.91742,
        53.95327
       ],
       [
        13.91481,
        53.9546
       ],
       [
        13.8974,
        53.96294
       ],
       [
        13.89617,
        53.96535
       ],
       [
        13.89572,
        53.96673
       ],
       [
        13.89575,
        53.96854
       ],
       [
        13.89898,
        53.97975
       ],
       [
        13.89983,
        53.98185
       ],
       [
        13.90099,
        53.98356
       ],
       [
        13.90355,
        53.98614
       ],
       [
        13.90607,
        53.98788
       ],
       [
        13.90819,
        53.98908
       ],
       [
        13.91013,
        53.98985
       ],
       [
        13.91376,
        53.99042
       ],
       [
        13.93898,
        53.99384
       ],
       [
        13.94125,
        53.99399
       ],
       [
        13.9444,
        53.9939
       ],
       [
        13.94876,
        53.99338
       ],
       [
        13.95864,
        53.99144
       ],
       [
        13.96131,
        53.99064
       ],
       [
        13.96292,
        53.98979
       ],
       [
        13.96385,
        53.98877
       ],
       [
        13.97043,
        53.97097
       ],
       [
        13.96999,
        53.96971
       ],
       [
        13.96092,
        53.96415
       ],
       [
        13.95903,
        53.96308
       ],
       [
        13.95448,
        53.96087
       ],
       [
        13.95291,
        53.95992
       ],
       [
        13.95188,
        53.95835
       ],
       [
        13.95219,
        53.94384
       ],
       [
        13.95328,
        53.93776
       ],
       [
        13.95381,
        53.93607
       ],
       [
        13.95522,
        53.93511
       ],
       [
        13.95701,
        53.93466
       ],
       [
        13.95847,
        53.93483
       ],
       [
        13.95941,
        53.93533
       ],
       [
        13.96652,
        53.94747
       ],
       [
        13.96565,
        53.95376
       ],
       [
        13.96512,
        53.95509
       ],
       [
        13.96567,
        53.95641
       ],
       [
        13.96665,
        53.95744
       ],
       [
        13.96817,
        53.95813
       ],
       [
        13.97846,
        53.96004
       ],
       [
        13.99138,
        53.96144
       ],
       [
        13.99466,
        53.96162
       ],
       [
        14.0,
        53.96185
       ],
       [
        14.02136,
        53.96279
       ],
       [
        14.0236,
        53.96258
       ],
       [
        14.02491,
        53.96196
       ],
       [
        14.02504,
        53.96076
       ],
       [
        14.02323,
        53.95928
       ],
       [
        14.02159,
        53.95859
       ],
       [
        14.01828,
        53.95809
       ],
       [
        14.01417,
        53.95714
       ],
       [
        14.01161,
        53.95615
       ],
       [
        14.01047,
        53.95498
       ],
       [
        14.01026,
        53.95386
       ],
       [
        14.01106,
        53.95004
       ],
       [
        14.0119,
        53.94911
       ],
       [
        14.01838,
        53.94637
       ],
       [
        14.02947,
        53.94232
       ],
       [
        14.0346,
        53.94108
       ],
       [
        14.0362,
        53.94089
       ],
       [
        14.03803,
        53.94086
       ],
       [
        14.03948,
        53.94092
       ],
       [
        14.04038,
        53.94128
       ],
       [
        14.0431,
        53.94472
       ],
       [
        14.04346,
        53.9462
       ],
       [
        14.04699,
        53.9973
       ],
       [
        14.04608,
        54.0
       ],
       [
        14.04309,
        54.00892
       ],
       [
        14.04212,
        54.01058
       ],
       [
        14.03877,
        54.01367
       ],
       [
        14.03513,
        54.01637
       ],
       [
        14.03289,
        54.01749
       ],
       [
        14.01949,
        54.0208
       ],
       [
        14.01838,
        54.02102
       ],
       [
        14.0,
        54.0386
       ],
       [
        13.99349,
        54.04483
       ],
       [
        13.97222,
        54.05872
       ],
       [
        13.962,
        54.06094
       ],
       [
        13.92287,
        54.06333
       ],
       [
        13.91423,
        54.062
       ],
       [
        13.90998,
        54.04411
       ],
       [
        13.91742,
        54.04232
       ],
       [
        13.9267,
        54.03682
       ],
       [
        13.9284,
        54.03536
       ],
       [
        13.9328,
        54.02978
       ],
       [
        13.93334,
        54.02798
       ],
       [
        13.93301,
        54.02673
       ],
       [
        13.92584,
        54.01756
       ],
       [
        13.92525,
        54.01716
       ],
       [
        13.86106,
        54.00003
       ],
       [
        13.85347,
        54.00287
       ],
       [
        13.85087,
        54.00706
       ],
       [
        13.85073,
        54.01038
       ],
       [
        13.85169,
        54.01349
       ],
       [
        13.85331,
        54.01581
       ],
       [
        13.85497,
        54.0175
       ],
       [
        13.865,
        54.02659
       ],
       [
        13.87369,
        54.03309
       ],
       [
        13.8776,
        54.03596
       ],
       [
        13.87862,
        54.03708
       ],
       [
        13.879,
        54.03785
       ],
       [
        13.87924,
        54.03838
       ],
       [
        13.87907,
        54.04032
       ],
       [
        13.87807,
        54.04202
       ],
       [
        13.87671,
        54.043
       ],
       [
        13.87613,
        54.0434
       ],
       [
        13.87457,
        54.04435
       ],
       [
        13.85516,
        54.04873
       ],
       [
        13.85401,
        54.0487
       ],
       [
        13.84609,
        54.04699
       ],
       [
        13.84431,
        54.0465
       ],
       [
        13.81135,
        54.0323
       ],
       [
        13.80778,
        54.0298
       ],
       [
        13.80559,
        54.02763
       ],
       [
        13.80261,
        54.0224
       ],
       [
        13.8013,
        54.02105
       ],
       [
        13.79731,
        54.01927
       ],
       [
        13.78469,
        54.01849
       ],
       [
        13.78091,
        54.01864
       ],
       [
        13.77017,
        54.01932
       ],
       [
        13.76901,
        54.01949
       ],
       [
        13.76804,
        54.02003
       ],
       [
        13.76716,
        54.02091
       ],
       [
        13.76456,
        54.0249
       ],
       [
        13.76382,
        54.0264
       ],
       [
        13.7636,
        54.02755
       ],
       [
        13.76436,
        54.03085
       ],
       [
        13.76485,
        54.03179
       ],
       [
        13.77167,
        54.04091
       ],
       [
        13.77271,
        54.04137
       ],
       [
        13.77403,
        54.04144
       ],
       [
        13.77504,
        54.04122
       ],
       [
        13.77643,
        54.04028
       ],
       [
        13.77832,
        54.03883
       ],
       [
        13.77936,
        54.03848
       ],
       [
        13.78023,
        54.03855
       ],
       [
        13.78103,
        54.03907
       ],
       [
        13.78742,
        54.04894
       ],
       [
        13.78821,
        54.05019
       ],
       [
        13.79643,
        54.06333
       ],
       [
        13.80674,
        54.08091
       ],
       [
        13.80712,
        54.08185
       ],
       [
        13.81151,
        54.09603
       ],
       [
        13.81181,
        54.0978
       ],
       [
        13.8116,
        54.09901
       ],
       [
        13.80774,
        54.10746
       ],
       [
        13.80626,
        54.10913
       ],
       [
        13.80238,
        54.11043
       ],
       [
        13.80076,
        54.11068
       ],
       [
        13.79821,
        54.11068
       ],
       [
        13.79605,
        54.11076
       ],
       [
        13.79421,
        54.111
       ],
       [
        13.79233,
        54.11145
       ],
       [
        13.79027,
        54.11221
       ],
       [
        13.78849,
        54.11312
       ],
       [
        13.77649,
        54.12035
       ],
       [
        13.75527,
        54.13734
       ],
       [
        13.75487,
        54.13782
       ],
       [
        13.75419,
        54.1387
       ],
       [
        13.74952,
        54.1513
       ],
       [
        13.75012,
        54.15678
       ],
       [
        13.75396,
        54.16268
       ],
       [
        13.7552,
        54.16428
       ],
       [
        13.75735,
        54.16632
       ],
       [
        13.75934,
        54.16759
       ],
       [
        13.76284,
        54.16888
       ],
       [
        13.77125,
        54.1715
       ],
       [
        13.77601,
        54.17249
       ],
       [
        13.78508,
        54.17409
       ],
       [
        13.78832,
        54.17431
       ],
       [
        13.79458,
        54.17445
       ],
       [
        13.79758,
        54.17417
       ],
       [
        13.80064,
        54.17337
       ],
       [
        13.80405,
        54.17204
       ],
       [
        13.80986,
        54.16948
       ],
       [
        13.81395,
        54.16529
       ],
       [
        13.81459,
        54.16441
       ],
       [
        13.81477,
        54.15862
       ],
       [
        13.81784,
        54.15291
       ],
       [
        13.82712,
        54.13884
       ],
       [
        13.83319,
        54.13101
       ],
       [
        13.83794,
        54.12628
       ],
       [
        13.84923,
        54.11702
       ]
      ]
     ],
     [
      [
       [
        13.38319,
        54.64499
       ],
       [
        13.37738,
        54.63747
       ],
       [
        13.37653,
        54.63544
       ],
       [
        13.37625,
        54.63275
       ],
       [
        13.37643,
        54.62998
       ],
       [
        13.37729,
        54.62547
       ],
       [
        13.37859,
        54.62161
       ],
       [
        13.38323,
        54.6106
       ],
       [
        13.38756,
        54.60477
       ],
       [
        13.39483,
        54.59591
       ],
       [
        13.40483,
        54.58759
       ],
       [
        13.41706,
        54.57975
       ],
       [
        13.42261,
        54.57704
       ],
       [
        13.42788,
        54.57504
       ],
       [
        13.43398,
        54.57355
       ],
       [
        13.44008,
        54.57258
       ],
       [
        13.44852,
        54.57164
       ],
       [
        13.45693,
        54.57111
       ],
       [
        13.46312,
        54.57119
       ],
       [
        13.5094,
        54.57417
       ],
       [
        13.51277,
        54.57455
       ],
       [
        13.54722,
        54.58032
       ],
       [
        13.60245,
        54.58544
       ],
       [
        13.60735,
        54.58557
       ],
       [
        13.6155,
        54.58537
       ],
       [
        13.63315,
        54.58495
       ],
       [
        13.63622,
        54.58466
       ],
       [
        13.63913,
        54.58383
       ],
       [
        13.65878,
        54.57593
       ],
       [
        13.66076,
        54.57498
       ],
       [
        13.67354,
        54.56728
       ],
       [
        13.67587,
        54.56557
       ],
       [
        13.67717,
        54.56413
       ],
       [
        13.67811,
        54.56268
       ],
       [
        13.67994,
        54.54508
       ],
       [
        13.68017,
        54.5426
       ],
       [
        13.6788,
        54.53498
       ],
       [
        13.67812,
        54.53269
       ],
       [
        13.67682,
        54.53055
       ],
       [
        13.6676,
        54.5212
       ],
       [
        13.66625,
        54.52026
       ],
       [
        13.66259,
        54.51889
       ],
       [
        13.64962,
        54.51406
       ],
       [
        13.63553,
        54.50954
       ],
       [
        13.60969,
        54.49923
       ],
       [
        13.60676,
        54.49788
       ],
       [
        13.57657,
        54.47814
       ],
       [
        13.57415,
        54.47646
       ],
       [
        13.57221,
        54.47464
       ],
       [
        13.5708,
        54.47274
       ],
       [
        13.57011,
        54.47021
       ],
       [
        13.56962,
        54.46726
       ],
       [
        13.56964,
        54.46371
       ],
       [
        13.57039,
        54.457
       ],
       [
        13.57191,
        54.45153
       ],
       [
        13.5739,
        54.44701
       ],
       [
        13.57721,
        54.44132
       ],
       [
        13.58843,
        54.42484
       ],
       [
        13.5905,
        54.42238
       ],
       [
        13.59518,
        54.41753
       ],
       [
        13.60689,
        54.40765
       ],
       [
        13.61179,
        54.40449
       ],
       [
        13.61482,
        54.40283
       ],
       [
        13.61613,
        54.40211
       ],
       [
        13.61948,
        54.40065
       ],
       [
        13.62171,
        54.40001
       ],
       [
        13.62262,
        54.39977
       ],
       [
        13.62504,
        54.39942
       ],
       [
        13.62542,
        54.39937
       ],
       [
        13.6458,
        54.39914
       ],
       [
        13.6484,
        54.39931
       ],
       [
        13.65578,
        54.39986
       ],
       [
        13.6583,
        54.40021
       ],
       [
        13.65995,
        54.40102
       ],
       [
        13.66199,
        54.40275
       ],
       [
        13.66314,
        54.40308
       ],
       [
        13.66461,
        54.40304
       ],
       [
        13.66625,
        54.40264
       ],
       [
        13.67071,
        54.40118
       ],
       [
        13.67237,
        54.40031
       ],
       [
        13.70128,
        54.38288
       ],
       [
        13.73505,
        54.3499
       ],
       [
        13.73462,
        54.33319
       ],
       [
        13.71896,
        54.31223
       ],
       [
        13.71828,
        54.31114
       ],
       [
        13.71731,
        54.30823
       ],
       [
        13.71558,
        54.3012
       ],
       [
        13.71565,
        54.29289
       ],
       [
        13.71615,
        54.28901
       ],
       [
        13.71748,
        54.28572
       ],
       [
        13.72283,
        54.27737
       ],
       [
        13.72313,
        54.27628
       ],
       [
        13.72316,
        54.27504
       ],
       [
        13.72223,
        54.27425
       ],
       [
        13.7206,
        54.27347
       ],
       [
        13.71009,
        54.26918
       ],
       [
        13.70919,
        54.26892
       ],
       [
        13.70777,
        54.26896
       ],
       [
        13.70643,
        54.26934
       ],
       [
        13.68731,
        54.27985
       ],
       [
        13.68528,
        54.28115
       ],
       [
        13.68346,
        54.28305
       ],
       [
        13.68308,
        54.2842
       ],
       [
        13.68331,
        54.28499
       ],
       [
        13.6853,
        54.28641
       ],
       [
        13.68758,
        54.28767
       ],
       [
        13.68853,
        54.28783
       ],
       [
        13.68953,
        54.28769
       ],
       [
        13.69015,
        54.28737
       ],
       [
        13.69321,
        54.28528
       ],
       [
        13.69374,
        54.28472
       ],
       [
        13.69397,
        54.28374
       ],
       [
        13.69477,
        54.28298
       ],
       [
        13.6959,
        54.28226
       ],
       [
        13.70072,
        54.28035
       ],
       [
        13.70259,
        54.2801
       ],
       [
        13.70723,
        54.28027
       ],
       [
        13.70794,
        54.28058
       ],
       [
        13.70812,
        54.28126
       ],
       [
        13.70803,
        54.28256
       ],
       [
        13.70587,
        54.28946
       ],
       [
        13.70479,
        54.29161
       ],
       [
        13.7022,
        54.29503
       ],
       [
        13.70104,
        54.29575
       ],
       [
        13.69947,
        54.29613
       ],
       [
        13.69824,
        54.29607
       ],
       [
        13.68024,
        54.29202
       ],
       [
        13.66236,
        54.288
       ],
       [
        13.66101,
        54.28779
       ],
       [
        13.6589,
        54.28789
       ],
       [
        13.65602,
        54.28824
       ],
       [
        13.65368,
        54.28903
       ],
       [
        13.65117,
        54.29038
       ],
       [
        13.64809,
        54.29295
       ],
       [
        13.64492,
        54.29588
       ],
       [
        13.64454,
        54.29699
       ],
       [
        13.64478,
        54.29818
       ],
       [
        13.64606,
        54.29949
       ],
       [
        13.65136,
        54.30239
       ],
       [
        13.65592,
        54.30421
       ],
       [
        13.65986,
        54.30532
       ],
       [
        13.67427,
        54.30813
       ],
       [
        13.69574,
        54.31599
       ],
       [
        13.7017,
        54.32095
       ],
       [
        13.70303,
        54.32253
       ],
       [
        13.7029,
        54.32605
       ],
       [
        13.68356,
        54.35129
       ],
       [
        13.59556,
        54.34921
       ],
       [
        13.5044,
        54.342
       ],
       [
        13.46518,
        54.32638
       ],
       [
        13.3767,
        54.27774
       ],
       [
        13.35339,
        54.26984
       ],
       [
        13.35257,
        54.26955
       ],
       [
        13.35216,
        54.26887
       ],
       [
        13.3522,
        54.26772
       ],
       [
        13.35765,
        54.24715
       ],
       [
        13.35802,
        54.24686
       ],
       [
        13.35896,
        54.2468
       ],
       [
        13.35976,
        54.247
       ],
       [
        13.36594,
        54.25018
       ],
       [
        13.36693,
        54.25071
       ],
       [
        13.36789,
        54.25161
       ],
       [
        13.36918,
        54.25383
       ],
       [
        13.36907,
        54.25503
       ],
       [
        13.36861,
        54.25591
       ],
       [
        13.36628,
        54.25762
       ],
       [
        13.36544,
        54.25784
       ],
       [
        13.36448,
        54.25772
       ],
       [
        13.3639,
        54.25741
       ],
       [
        13.36363,
        54.25667
       ],
       [
        13.36333,
        54.25567
       ],
       [
        13.36275,
        54.25531
       ],
       [
        13.35981,
        54.25726
       ],
       [
        13.35981,
        54.26188
       ],
       [
        13.36024,
        54.26259
       ],
       [
        13.36219,
        54.2635
       ],
       [
        13.36442,
        54.26406
       ],
       [
        13.3663,
        54.26415
       ],
       [
        13.40261,
        54.26442
       ],
       [
        13.40378,
        54.26424
       ],
       [
        13.4049,
        54.26384
       ],
       [
        13.40637,
        54.2628
       ],
       [
        13.415,
        54.25579
       ],
       [
        13.41685,
        54.25422
       ],
       [
        13.42069,
        54.24945
       ],
       [
        13.42321,
        54.24569
       ],
       [
        13.42377,
        54.24466
       ],
       [
        13.42409,
        54.24349
       ],
       [
        13.42453,
        54.23962
       ],
       [
        13.42423,
        54.23852
       ],
       [
        13.42346,
        54.23762
       ],
       [
        13.42062,
        54.23503
       ],
       [
        13.41686,
        54.23299
       ],
       [
        13.41413,
        54.23214
       ],
       [
        13.40206,
        54.22848
       ],
       [
        13.38802,
        54.22596
       ],
       [
        13.32103,
        54.23811
       ],
       [
        13.31904,
        54.23889
       ],
       [
        13.29848,
        54.25156
       ],
       [
        13.31658,
        54.24601
       ],
       [
        13.31824,
        54.24558
       ],
       [
        13.31974,
        54.24555
       ],
       [
        13.32154,
        54.24582
       ],
       [
        13.32268,
        54.24636
       ],
       [
        13.32343,
        54.24739
       ],
       [
        13.33762,
        54.27542
       ],
       [
        13.33752,
        54.27599
       ],
       [
        13.33622,
        54.2773
       ],
       [
        13.33463,
        54.27805
       ],
       [
        13.33286,
        54.27826
       ],
       [
        13.33132,
        54.27773
       ],
       [
        13.31213,
        54.26772
       ],
       [
        13.31058,
        54.26671
       ],
       [
        13.31008,
        54.26583
       ],
       [
        13.28991,
        54.25884
       ],
       [
        13.27261,
        54.25379
       ],
       [
        13.26985,
        54.25351
       ],
       [
        13.26755,
        54.25382
       ],
       [
        13.26186,
        54.25514
       ],
       [
        13.21171,
        54.27049
       ],
       [
        13.20129,
        54.28782
       ],
       [
        13.15293,
        54.28508
       ],
       [
        13.14266,
        54.29645
       ],
       [
        13.11436,
        54.33321
       ],
       [
        13.11406,
        54.33478
       ],
       [
        13.11443,
        54.34098
       ],
       [
        13.11532,
        54.34518
       ],
       [
        13.12333,
        54.36622
       ],
       [
        13.12436,
        54.3678
       ],
       [
        13.12743,
        54.37111
       ],
       [
        13.12914,
        54.37204
       ],
       [
        13.13116,
        54.37273
       ],
       [
        13.13385,
        54.37318
       ],
       [
        13.14597,
        54.37467
       ],
       [
        13.14885,
        54.37488
       ],
       [
        13.15461,
        54.37518
       ],
       [
        13.19538,
        54.37582
       ],
       [
        13.19729,
        54.37559
       ],
       [
        13.19889,
        54.37507
       ],
       [
        13.19981,
        54.37441
       ],
       [
        13.20008,
        54.37376
       ],
       [
        13.20049,
        54.37274
       ],
       [
        13.20084,
        54.37231
       ],
       [
        13.20147,
        54.37189
       ],
       [
        13.20284,
        54.37141
       ],
       [
        13.21694,
        54.36908
       ],
       [
        13.22102,
        54.36881
       ],
       [
        13.23454,
        54.36992
       ],
       [
        13.23587,
        54.37027
       ],
       [
        13.25796,
        54.38116
       ],
       [
        13.25944,
        54.38218
       ],
       [
        13.25981,
        54.38314
       ],
       [
        13.2599,
        54.38339
       ],
       [
        13.25987,
        54.38464
       ],
       [
        13.25926,
        54.38543
       ],
       [
        13.2294,
        54.41041
       ],
       [
        13.21508,
        54.4191
       ],
       [
        13.20085,
        54.42587
       ],
       [
        13.18597,
        54.42365
       ],
       [
        13.15703,
        54.42086
       ],
       [
        13.15516,
        54.4209
       ],
       [
        13.15252,
        54.42131
       ],
       [
        13.15088,
        54.422
       ],
       [
        13.14972,
        54.42313
       ],
       [
        13.14942,
        54.42462
       ],
       [
        13.15076,
        54.42923
       ],
       [
        13.15796,
        54.43377
       ],
       [
        13.15934,
        54.43495
       ],
       [
        13.16046,
        54.43642
       ],
       [
        13.16742,
        54.44861
       ],
       [
        13.16776,
        54.44959
       ],
       [
        13.16851,
        54.45223
       ],
       [
        13.1691,
        54.45288
       ],
       [
        13.18192,
        54.45443
       ],
       [
        13.18401,
        54.45461
       ],
       [
        13.19076,
        54.45507
       ],
       [
        13.19178,
        54.45477
       ],
       [
        13.2108,
        54.45946
       ],
       [
        13.2545,
        54.47288
       ],
       [
        13.26482,
        54.47625
       ],
       [
        13.26637,
        54.47698
       ],
       [
        13.26892,
        54.47895
       ],
       [
        13.26999,
        54.47979
       ],
       [
        13.27003,
        54.48044
       ],
       [
        13.22782,
        54.50187
       ],
       [
        13.19939,
        54.50338
       ],
       [
        13.19796,
        54.50326
       ],
       [
        13.19608,
        54.50336
       ],
       [
        13.17536,
        54.50573
       ],
       [
        13.1711,
        54.50719
       ],
       [
        13.16673,
        54.51085
       ],
       [
        13.16414,
        54.51316
       ],
       [
        13.1633,
        54.51448
       ],
       [
        13.15028,
        54.54205
       ],
       [
        13.16735,
        54.54532
       ],
       [
        13.23066,
        54.55399
       ],
       [
        13.23292,
        54.55423
       ],
       [
        13.24228,
        54.55483
       ],
       [
        13.24599,
        54.55386
       ],
       [
        13.28478,
        54.54285
       ],
       [
        13.29105,
        54.53328
       ],
       [
        13.29008,
        54.53256
       ],
       [
        13.28922,
        54.53155
       ],
       [
        13.28724,
        54.523
       ],
       [
        13.28743,
        54.52233
       ],
       [
        13.28774,
        54.5219
       ],
       [
        13.30045,
        54.51472
       ],
       [
        13.30127,
        54.51454
       ],
       [
        13.30267,
        54.51433
       ],
       [
        13.30411,
        54.51432
       ],
       [
        13.30613,
        54.51472
       ],
       [
        13.30795,
        54.51523
       ],
       [
        13.3096,
        54.51634
       ],
       [
        13.31017,
        54.51696
       ],
       [
        13.31152,
        54.52138
       ],
       [
        13.31204,
        54.52314
       ],
       [
        13.31188,
        54.52429
       ],
       [
        13.30389,
        54.54528
       ],
       [
        13.30314,
        54.54633
       ],
       [
        13.30131,
        54.54718
       ],
       [
        13.29841,
        54.54802
       ],
       [
        13.29646,
        54.54895
       ],
       [
        13.29572,
        54.5502
       ],
       [
        13.29596,
        54.55184
       ],
       [
        13.29746,
        54.55338
       ],
       [
        13.30114,
        54.55544
       ],
       [
        13.32265,
        54.5664
       ],
       [
        13.32648,
        54.56828
       ],
       [
        13.34746,
        54.57849
       ],
       [
        13.35038,
        54.57967
       ],
       [
        13.3529,
        54.58024
       ],
       [
        13.35539,
        54.58046
       ],
       [
        13.36009,
        54.58028
       ],
       [
        13.36231,
        54.57989
       ],
       [
        13.36485,
        54.57908
       ],
       [
        13.36771,
        54.57784
       ],
       [
        13.36826,
        54.57708
       ],
       [
        13.36821,
        54.57644
       ],
       [
        13.36794,
        54.57585
       ],
       [
        13.36624,
        54.57335
       ],
       [
        13.35331,
        54.55628
       ],
       [
        13.34842,
        54.55214
       ],
       [
        13.34369,
        54.52401
       ],
       [
        13.34365,
        54.52341
       ],
       [
        13.3443,
        54.52153
       ],
       [
        13.34448,
        54.52105
       ],
       [
        13.34811,
        54.51865
       ],
       [
        13.34862,
        54.51844
       ],
       [
        13.34954,
        54.51841
       ],
       [
        13.37097,
        54.52177
       ],
       [
        13.38475,
        54.52936
       ],
       [
        13.38619,
        54.53059
       ],
       [
        13.38746,
        54.5324
       ],
       [
        13.38818,
        54.53394
       ],
       [
        13.38852,
        54.53559
       ],
       [
        13.38844,
        54.53738
       ],
       [
        13.38792,
        54.5386
       ],
       [
        13.38666,
        54.53957
       ],
       [
        13.37774,
        54.54392
       ],
       [
        13.37661,
        54.54437
       ],
       [
        13.37481,
        54.54459
       ],
       [
        13.3613,
        54.54531
       ],
       [
        13.35794,
        54.5458
       ],
       [
        13.35424,
        54.5474
       ],
       [
        13.35397,
        54.54859
       ],
       [
        13.35475,
        54.54994
       ],
       [
        13.35638,
        54.5512
       ],
       [
        13.36289,
        54.55558
       ],
       [
        13.36473,
        54.55672
       ],
       [
        13.37113,
        54.5598
       ],
       [
        13.37328,
        54.56007
       ],
       [
        13.37497,
        54.55971
       ],
       [
        13.40449,
        54.53058
       ],
       [
        13.40894,
        54.52536
       ],
       [
        13.41288,
        54.52053
       ],
       [
        13.41375,
        54.51879
       ],
       [
        13.41405,
        54.5172
       ],
       [
        13.41296,
        54.5157
       ],
       [
        13.4092,
        54.51263
       ],
       [
        13.40769,
        54.51108
       ],
       [
        13.40624,
        54.50878
       ],
       [
        13.40582,
        54.50737
       ],
       [
        13.40567,
        54.50522
       ],
       [
        13.40657,
        54.50293
       ],
       [
        13.41059,
        54.49536
       ],
       [
        13.41127,
        54.49439
       ],
       [
        13.41203,
        54.49384
       ],
       [
        13.41365,
        54.49309
       ],
       [
        13.44269,
        54.48568
       ],
       [
        13.48328,
        54.47251
       ],
       [
        13.47213,
        54.45938
       ],
       [
        13.46979,
        54.45638
       ],
       [
        13.46911,
        54.45451
       ],
       [
        13.46958,
        54.45341
       ],
       [
        13.4702,
        54.45269
       ],
       [
        13.47228,
        54.45186
       ],
       [
        13.47482,
        54.45149
       ],
       [
        13.49504,
        54.45246
       ],
       [
        13.49769,
        54.45248
       ],
       [
        13.50146,
        54.45218
       ],
       [
        13.50369,
        54.45181
       ],
       [
        13.50553,
        54.45119
       ],
       [
        13.50637,
        54.45044
       ],
       [
        13.51231,
        54.44423
       ],
       [
        13.51297,
        54.44321
       ],
       [
        13.51271,
        54.44217
       ],
       [
        13.51182,
        54.44099
       ],
       [
        13.50399,
        54.43564
       ],
       [
        13.50308,
        54.43543
       ],
       [
        13.48566,
        54.43554
       ],
       [
        13.48415,
        54.43579
       ],
       [
        13.48328,
        54.43617
       ],
       [
        13.48304,
        54.43675
       ],
       [
        13.48317,
        54.43732
       ],
       [
        13.48386,
        54.4381
       ],
       [
        13.48798,
        54.44056
       ],
       [
        13.49588,
        54.44425
       ],
       [
        13.49638,
        54.44491
       ],
       [
        13.49633,
        54.44581
       ],
       [
        13.49574,
        54.44635
       ],
       [
        13.49469,
        54.44663
       ],
       [
        13.49326,
        54.44667
       ],
       [
        13.49143,
        54.44633
       ],
       [
        13.48986,
        54.44585
       ],
       [
        13.48338,
        54.44292
       ],
       [
        13.48218,
        54.44237
       ],
       [
        13.47631,
        54.43816
       ],
       [
        13.4761,
        54.43777
       ],
       [
        13.47497,
        54.42637
       ],
       [
        13.47528,
        54.42557
       ],
       [
        13.47592,
        54.42478
       ],
       [
        13.47741,
        54.424
       ],
       [
        13.47987,
        54.42326
       ],
       [
        13.50974,
        54.41894
       ],
       [
        13.53014,
        54.41678
       ],
       [
        13.5314,
        54.4168
       ],
       [
        13.5332,
        54.41702
       ],
       [
        13.53516,
        54.4177
       ],
       [
        13.53674,
        54.41862
       ],
       [
        13.55515,
        54.43744
       ],
       [
        13.55582,
        54.43842
       ],
       [
        13.55593,
        54.43996
       ],
       [
        13.55534,
        54.44251
       ],
       [
        13.54754,
        54.47245
       ],
       [
        13.54714,
        54.47328
       ],
       [
        13.54641,
        54.47411
       ],
       [
        13.54408,
        54.47519
       ],
       [
        13.54311,
        54.47563
       ],
       [
        13.53792,
        54.47703
       ],
       [
        13.53221,
        54.47792
       ],
       [
        13.52234,
        54.47902
       ],
       [
        13.51993,
        54.47925
       ],
       [
        13.51113,
        54.47842
       ],
       [
        13.51244,
        54.50977
       ],
       [
        13.50908,
        54.55792
       ],
       [
        13.48427,
        54.55706
       ],
       [
        13.47957,
        54.55278
       ],
       [
        13.44768,
        54.55115
       ],
       [
        13.44626,
        54.55113
       ],
       [
        13.44462,
        54.5514
       ],
       [
        13.44271,
        54.55216
       ],
       [
        13.40483,
        54.5724
       ],
       [
        13.3836,
        54.58877
       ],
       [
        13.38378,
        54.59347
       ],
       [
        13.38359,
        54.59526
       ],
       [
        13.38322,
        54.59668
       ],
       [
        13.38235,
        54.59797
       ],
       [
        13.37021,
        54.61282
       ],
       [
        13.36954,
        54.61339
       ],
       [
        13.36875,
        54.61369
       ],
       [
        13.36803,
        54.61379
       ],
       [
        13.36726,
        54.61377
       ],
       [
        13.35658,
        54.61238
       ],
       [
        13.35541,
        54.61202
       ],
       [
        13.35367,
        54.61101
       ],
       [
        13.35266,
        54.61002
       ],
       [
        13.33106,
        54.58879
       ],
       [
        13.31671,
        54.57995
       ],
       [
        13.27119,
        54.56329
       ],
       [
        13.24796,
        54.55735
       ],
       [
        13.24712,
        54.55724
       ],
       [
        13.24596,
        54.55726
       ],
       [
        13.24409,
        54.55748
       ],
       [
        13.24283,
        54.55796
       ],
       [
        13.24201,
        54.5589
       ],
       [
        13.2417,
        54.56032
       ],
       [
        13.24221,
        54.56197
       ],
       [
        13.25545,
        54.58891
       ],
       [
        13.25749,
        54.59204
       ],
       [
        13.26026,
        54.59514
       ],
       [
        13.26745,
        54.6001
       ],
       [
        13.27136,
        54.60335
       ],
       [
        13.27644,
        54.60865
       ],
       [
        13.2797,
        54.61266
       ],
       [
        13.28115,
        54.61496
       ],
       [
        13.28731,
        54.62943
       ],
       [
        13.28748,
        54.63017
       ],
       [
        13.28733,
        54.6316
       ],
       [
        13.28629,
        54.6391
       ],
       [
        13.2861,
        54.64
       ],
       [
        13.2853,
        54.64229
       ],
       [
        13.28411,
        54.64398
       ],
       [
        13.28258,
        54.6447
       ],
       [
        13.2806,
        54.64491
       ],
       [
        13.2777,
        54.64472
       ],
       [
        13.27438,
        54.64429
       ],
       [
        13.26347,
        54.64204
       ],
       [
        13.26247,
        54.64179
       ],
       [
        13.245,
        54.63372
       ],
       [
        13.23827,
        54.63049
       ],
       [
        13.22696,
        54.624
       ],
       [
        13.22645,
        54.62284
       ],
       [
        13.22652,
        54.62047
       ],
       [
        13.23091,
        54.60718
       ],
       [
        13.2347,
        54.59392
       ],
       [
        13.17722,
        54.56125
       ],
       [
        13.17275,
        54.55999
       ],
       [
        13.16374,
        54.55794
       ],
       [
        13.16207,
        54.55782
       ],
       [
        13.16084,
        54.55811
       ],
       [
        13.16019,
        54.55857
       ],
       [
        13.16058,
        54.56511
       ],
       [
        13.16118,
        54.56659
       ],
       [
        13.16394,
        54.56932
       ],
       [
        13.16809,
        54.57192
       ],
       [
        13.17125,
        54.57327
       ],
       [
        13.18774,
        54.57914
       ],
       [
        13.19884,
        54.58348
       ],
       [
        13.20326,
        54.58608
       ],
       [
        13.20862,
        54.5894
       ],
       [
        13.21421,
        54.59415
       ],
       [
        13.21864,
        54.59892
       ],
       [
        13.22227,
        54.60318
       ],
       [
        13.22442,
        54.60651
       ],
       [
        13.22538,
        54.60963
       ],
       [
        13.22521,
        54.6119
       ],
       [
        13.22431,
        54.61605
       ],
       [
        13.22419,
        54.61633
       ],
       [
        13.22391,
        54.61698
       ],
       [
        13.22216,
        54.62091
       ],
       [
        13.22026,
        54.62526
       ],
       [
        13.21817,
        54.6349
       ],
       [
        13.21815,
        54.63654
       ],
       [
        13.21892,
        54.63877
       ],
       [
        13.22456,
        54.64483
       ],
       [
        13.23009,
        54.64868
       ],
       [
        13.23596,
        54.65207
       ],
       [
        13.24579,
        54.65731
       ],
       [
        13.2749,
        54.66904
       ],
       [
        13.28803,
        54.67359
       ],
       [
        13.29105,
        54.67404
       ],
       [
        13.36138,
        54.68164
       ],
       [
        13.40338,
        54.68289
       ],
       [
        13.42586,
        54.68499
       ],
       [
        13.43266,
        54.68303
       ],
       [
        13.43451,
        54.6805
       ],
       [
        13.43199,
        54.66543
       ],
       [
        13.43154,
        54.66456
       ],
       [
        13.4285,
        54.6604
       ],
       [
        13.42713,
        54.65918
       ],
       [
        13.42246,
        54.65689
       ],
       [
        13.42064,
        54.65633
       ],
       [
        13.41396,
        54.6552
       ],
       [
        13.39399,
        54.65223
       ],
       [
        13.3911,
        54.65139
       ],
       [
        13.38869,
        54.65002
       ],
       [
        13.38499,
        54.6469
       ],
       [
        13.38319,
        54.64499
       ]
      ]
     ],
     [
      [
       [
        12.66717,
        54.44292
       ],
       [
        12.67209,
        54.44272
       ],
       [
        12.71583,
        54.44315
       ],
       [
        12.77662,
        54.44315
       ],
       [
        12.79586,
        54.4423
       ],
       [
        12.85027,
        54.44195
       ],
       [
        12.85647,
        54.44214
       ],
       [
        12.89132,
        54.44478
       ],
       [
        12.9243,
        54.446
       ],
       [
        12.92678,
        54.44595
       ],
       [
        12.92778,
        54.44577
       ],
       [
        12.92825,
        54.44551
       ],
       [
        12.92836,
        54.44514
       ],
       [
        12.92578,
        54.42693
       ],
       [
        12.925,
        54.42576
       ],
       [
        12.92329,
        54.42473
       ],
       [
        12.91646,
        54.4223
       ],
       [
        12.91192,
        54.42115
       ],
       [
        12.88046,
        54.4167
       ],
       [
        12.76481,
        54.41415
       ],
       [
        12.75703,
        54.41433
       ],
       [
        12.74089,
        54.41541
       ],
       [
        12.73814,
        54.41561
       ],
       [
        12.73643,
        54.41614
       ],
       [
        12.73449,
        54.41719
       ],
       [
        12.72568,
        54.42875
       ],
       [
        12.72455,
        54.43039
       ],
       [
        12.72238,
        54.4315
       ],
       [
        12.72177,
        54.4316
       ],
       [
        12.721,
        54.43172
       ],
       [
        12.7203,
        54.43182
       ],
       [
        12.69495,
        54.43293
       ],
       [
        12.69224,
        54.43265
       ],
       [
        12.62895,
        54.42112
       ],
       [
        12.61801,
        54.41791
       ],
       [
        12.58527,
        54.40802
       ],
       [
        12.58327,
        54.4072
       ],
       [
        12.57765,
        54.40484
       ],
       [
        12.57588,
        54.40395
       ],
       [
        12.57491,
        54.40271
       ],
       [
        12.57485,
        54.40214
       ],
       [
        12.57473,
        54.40092
       ],
       [
        12.57567,
        54.39958
       ],
       [
        12.57716,
        54.39746
       ],
       [
        12.57803,
        54.39664
       ],
       [
        12.56844,
        54.39021
       ],
       [
        12.49748,
        54.38254
       ],
       [
        12.47288,
        54.38228
       ],
       [
        12.46211,
        54.382
       ],
       [
        12.45876,
        54.3818
       ],
       [
        12.43529,
        54.37898
       ],
       [
        12.43415,
        54.37861
       ],
       [
        12.42007,
        54.37188
       ],
       [
        12.41528,
        54.36676
       ],
       [
        12.41458,
        54.36573
       ],
       [
        12.41477,
        54.35768
       ],
       [
        12.41539,
        54.35663
       ],
       [
        12.41446,
        54.33576
       ],
       [
        12.38368,
        54.31108
       ],
       [
        12.38094,
        54.30916
       ],
       [
        12.37964,
        54.30871
       ],
       [
        12.37817,
        54.30847
       ],
       [
        12.37667,
        54.30847
       ],
       [
        12.3675,
        54.31027
       ],
       [
        12.36623,
        54.31035
       ],
       [
        12.36502,
        54.3102
       ],
       [
        12.36412,
        54.3098
       ],
       [
        12.36293,
        54.30891
       ],
       [
        12.36033,
        54.30613
       ],
       [
        12.35694,
        54.30116
       ],
       [
        12.35682,
        54.30054
       ],
       [
        12.36354,
        54.2668
       ],
       [
        12.3637,
        54.26617
       ],
       [
        12.36432,
        54.2657
       ],
       [
        12.37171,
        54.2623
       ],
       [
        12.39894,
        54.25113
       ],
       [
        12.40107,
        54.25047
       ],
       [
        12.41785,
        54.24712
       ],
       [
        12.43836,
        54.24625
       ],
       [
        12.44337,
        54.24618
       ],
       [
        12.45341,
        54.24697
       ],
       [
        12.456,
        54.24756
       ],
       [
        12.45782,
        54.24848
       ],
       [
        12.45865,
        54.24926
       ],
       [
        12.45855,
        54.24982
       ],
       [
        12.45792,
        54.2507
       ],
       [
        12.45528,
        54.2524
       ],
       [
        12.45235,
        54.25347
       ],
       [
        12.44874,
        54.25433
       ],
       [
        12.44082,
        54.25557
       ],
       [
        12.42938,
        54.25701
       ],
       [
        12.42613,
        54.25721
       ],
       [
        12.42061,
        54.25762
       ],
       [
        12.41875,
        54.25804
       ],
       [
        12.41741,
        54.25877
       ],
       [
        12.40956,
        54.26752
       ],
       [
        12.40896,
        54.2692
       ],
       [
        12.40861,
        54.27689
       ],
       [
        12.40895,
        54.27863
       ],
       [
        12.40958,
        54.28036
       ],
       [
        12.41783,
        54.28981
       ],
       [
        12.41894,
        54.29034
       ],
       [
        12.43563,
        54.29676
       ],
       [
        12.46783,
        54.30244
       ],
       [
        12.47154,
        54.32063
       ],
       [
        12.47093,
        54.3222
       ],
       [
        12.47103,
        54.32433
       ],
       [
        12.47218,
        54.32896
       ],
       [
        12.47316,
        54.32988
       ],
       [
        12.47467,
        54.33041
       ],
       [
        12.47724,
        54.33076
       ],
       [
        12.5137,
        54.33511
       ],
       [
        12.5154,
        54.33529
       ],
       [
        12.51682,
        54.33519
       ],
       [
        12.52058,
        54.33397
       ],
       [
        12.5221,
        54.33372
       ],
       [
        12.5236,
        54.3339
       ],
       [
        12.52608,
        54.33439
       ],
       [
        12.52957,
        54.33565
       ],
       [
        12.53273,
        54.33717
       ],
       [
        12.53459,
        54.33842
       ],
       [
        12.53599,
        54.33984
       ],
       [
        12.5489,
        54.35493
       ],
       [
        12.54614,
        54.36174
       ],
       [
        12.54484,
        54.3688
       ],
       [
        12.55379,
        54.37291
       ],
       [
        12.5582,
        54.37429
       ],
       [
        12.57158,
        54.37265
       ],
       [
        12.57634,
        54.36697
       ],
       [
        12.59834,
        54.36817
       ],
       [
        12.6522,
        54.38264
       ],
       [
        12.65484,
        54.38379
       ],
       [
        12.66787,
        54.38966
       ],
       [
        12.67052,
        54.39102
       ],
       [
        12.67074,
        54.3915
       ],
       [
        12.67036,
        54.3942
       ],
       [
        12.67007,
        54.39481
       ],
       [
        12.66707,
        54.39746
       ],
       [
        12.66634,
        54.39791
       ],
       [
        12.66553,
        54.39821
       ],
       [
        12.66457,
        54.39837
       ],
       [
        12.66138,
        54.39861
       ],
       [
        12.66068,
        54.39883
       ],
       [
        12.66037,
        54.39914
       ],
       [
        12.66035,
        54.39973
       ],
       [
        12.66175,
        54.40271
       ],
       [
        12.66222,
        54.40324
       ],
       [
        12.66691,
        54.40734
       ],
       [
        12.66789,
        54.40771
       ],
       [
        12.66996,
        54.40817
       ],
       [
        12.67126,
        54.40836
       ],
       [
        12.70629,
        54.41199
       ],
       [
        12.70935,
        54.41106
       ],
       [
        12.71225,
        54.40901
       ],
       [
        12.71339,
        54.40726
       ],
       [
        12.71375,
        54.40591
       ],
       [
        12.71387,
        54.40545
       ],
       [
        12.71336,
        54.40391
       ],
       [
        12.7127,
        54.40342
       ],
       [
        12.71166,
        54.40268
       ],
       [
        12.69934,
        54.40232
       ],
       [
        12.69626,
        54.40234
       ],
       [
        12.68996,
        54.4015
       ],
       [
        12.68702,
        54.39969
       ],
       [
        12.68388,
        54.39647
       ],
       [
        12.67578,
        54.37178
       ],
       [
        12.6761,
        54.37139
       ],
       [
        12.68761,
        54.36749
       ],
       [
        12.69548,
        54.38585
       ],
       [
        12.69555,
        54.3872
       ],
       [
        12.69501,
        54.39135
       ],
       [
        12.69528,
        54.3928
       ],
       [
        12.69783,
        54.39802
       ],
       [
        12.69879,
        54.3987
       ],
       [
        12.70049,
        54.39912
       ],
       [
        12.70254,
        54.39919
       ],
       [
        12.71277,
        54.39933
       ],
       [
        12.71331,
        54.3991
       ],
       [
        12.71365,
        54.39861
       ],
       [
        12.71771,
        54.38092
       ],
       [
        12.71854,
        54.37338
       ],
       [
        12.71877,
        54.37289
       ],
       [
        12.71932,
        54.37256
       ],
       [
        12.73292,
        54.37125
       ],
       [
        12.7341,
        54.37123
       ],
       [
        12.75631,
        54.37167
       ],
       [
        12.76545,
        54.37198
       ],
       [
        12.76703,
        54.37228
       ],
       [
        12.76827,
        54.3729
       ],
       [
        12.76905,
        54.37396
       ],
       [
        12.77556,
        54.39064
       ],
       [
        12.77654,
        54.3917
       ],
       [
        12.7837,
        54.39588
       ],
       [
        12.78472,
        54.39624
       ],
       [
        12.78584,
        54.39632
       ],
       [
        12.78693,
        54.39603
       ],
       [
        12.78762,
        54.39544
       ],
       [
        12.79963,
        54.37602
       ],
       [
        12.81019,
        54.35696
       ],
       [
        12.81814,
        54.35224
       ],
       [
        12.84113,
        54.35149
       ],
       [
        12.84299,
        54.35146
       ],
       [
        12.84448,
        54.3516
       ],
       [
        12.84631,
        54.35192
       ],
       [
        12.85206,
        54.35382
       ],
       [
        12.87608,
        54.36577
       ],
       [
        12.87818,
        54.36703
       ],
       [
        12.88035,
        54.36855
       ],
       [
        12.88176,
        54.37002
       ],
       [
        12.8826,
        54.37184
       ],
       [
        12.88793,
        54.38916
       ],
       [
        12.89673,
        54.402
       ],
       [
        12.92153,
        54.41288
       ],
       [
        12.92399,
        54.41385
       ],
       [
        12.9262,
        54.41449
       ],
       [
        12.92698,
        54.41471
       ],
       [
        12.95466,
        54.41857
       ],
       [
        12.98661,
        54.42588
       ],
       [
        12.98851,
        54.42665
       ],
       [
        12.99199,
        54.42823
       ],
       [
        12.99481,
        54.43036
       ],
       [
        12.99589,
        54.43174
       ],
       [
        12.99782,
        54.43472
       ],
       [
        12.99886,
        54.43559
       ],
       [
        13.00043,
        54.43615
       ],
       [
        13.00939,
        54.43855
       ],
       [
        13.01177,
        54.43904
       ],
       [
        13.01551,
        54.43922
       ],
       [
        13.01947,
        54.43899
       ],
       [
        13.02307,
        54.43834
       ],
       [
        13.0278,
        54.43697
       ],
       [
        13.03063,
        54.43554
       ],
       [
        13.03316,
        54.43359
       ],
       [
        13.03412,
        54.43161
       ],
       [
        13.035,
        54.42604
       ],
       [
        13.03464,
        54.42487
       ],
       [
        13.03405,
        54.42403
       ],
       [
        13.03275,
        54.42348
       ],
       [
        13.03081,
        54.42304
       ],
       [
        13.02737,
        54.42205
       ],
       [
        13.02607,
        54.42129
       ],
       [
        13.02481,
        54.42019
       ],
       [
        13.024,
        54.41884
       ],
       [
        13.02239,
        54.41289
       ],
       [
        13.02299,
        54.40477
       ],
       [
        13.02572,
        54.39782
       ],
       [
        13.02606,
        54.39733
       ],
       [
        13.0416,
        54.38511
       ],
       [
        13.04402,
        54.38336
       ],
       [
        13.04647,
        54.3821
       ],
       [
        13.04823,
        54.38126
       ],
       [
        13.05022,
        54.38075
       ],
       [
        13.05272,
        54.38054
       ],
       [
        13.0559,
        54.38053
       ],
       [
        13.06019,
        54.38076
       ],
       [
        13.06468,
        54.38136
       ],
       [
        13.0672,
        54.38208
       ],
       [
        13.07022,
        54.38294
       ],
       [
        13.07096,
        54.38305
       ],
       [
        13.07262,
        54.38328
       ],
       [
        13.07462,
        54.38324
       ],
       [
        13.07652,
        54.383
       ],
       [
        13.0782,
        54.38254
       ],
       [
        13.07988,
        54.38165
       ],
       [
        13.08309,
        54.37942
       ],
       [
        13.08666,
        54.37645
       ],
       [
        13.09112,
        54.37094
       ],
       [
        13.09229,
        54.36917
       ],
       [
        13.09283,
        54.36751
       ],
       [
        13.0931,
        54.36613
       ],
       [
        13.09315,
        54.36534
       ],
       [
        13.09281,
        54.36424
       ],
       [
        13.09195,
        54.36248
       ],
       [
        13.07605,
        54.3465
       ],
       [
        13.0776,
        54.34184
       ],
       [
        13.08837,
        54.32127
       ],
       [
        13.10422,
        54.28992
       ],
       [
        13.10382,
        54.28354
       ],
       [
        13.10405,
        54.28285
       ],
       [
        13.10473,
        54.28209
       ],
       [
        13.10586,
        54.28133
       ],
       [
        13.11243,
        54.27769
       ],
       [
        13.12087,
        54.27354
       ],
       [
        13.12881,
        54.27014
       ],
       [
        13.13139,
        54.26933
       ],
       [
        13.13443,
        54.2687
       ],
       [
        13.13695,
        54.26843
       ],
       [
        13.14084,
        54.26824
       ],
       [
        13.1489,
        54.26834
       ],
       [
        13.14657,
        54.25996
       ],
       [
        13.14274,
        54.25467
       ],
       [
        13.16508,
        54.26514
       ],
       [
        13.16666,
        54.26552
       ],
       [
        13.1682,
        54.26565
       ],
       [
        13.18562,
        54.26618
       ],
       [
        13.18724,
        54.26595
       ],
       [
        13.18855,
        54.26543
       ],
       [
        13.2045,
        54.25616
       ],
       [
        13.21469,
        54.24984
       ],
       [
        13.21546,
        54.24903
       ],
       [
        13.28835,
        54.235
       ],
       [
        13.28919,
        54.23462
       ],
       [
        13.29623,
        54.22567
       ],
       [
        13.29679,
        54.2248
       ],
       [
        13.29733,
        54.22343
       ],
       [
        13.29993,
        54.21599
       ],
       [
        13.30403,
        54.20774
       ],
       [
        13.30482,
        54.20642
       ],
       [
        13.30603,
        54.20444
       ],
       [
        13.3074,
        54.20287
       ],
       [
        13.30942,
        54.20103
       ],
       [
        13.31805,
        54.19381
       ],
       [
        13.33213,
        54.18292
       ],
       [
        13.3293,
        54.16721
       ],
       [
        13.34367,
        54.1653
       ],
       [
        13.34499,
        54.16514
       ],
       [
        13.34653,
        54.16529
       ],
       [
        13.35631,
        54.1679
       ],
       [
        13.36651,
        54.17187
       ],
       [
        13.37306,
        54.1757
       ],
       [
        13.37464,
        54.17637
       ],
       [
        13.37637,
        54.1768
       ],
       [
        13.37837,
        54.17693
       ],
       [
        13.3805,
        54.1767
       ],
       [
        13.3836,
        54.17599
       ],
       [
        13.40707,
        54.16863
       ],
       [
        13.43853,
        54.12386
       ],
       [
        13.43907,
        54.12226
       ],
       [
        13.43974,
        54.12032
       ],
       [
        13.43876,
        54.11337
       ],
       [
        13.43896,
        54.1123
       ],
       [
        13.43972,
        54.11107
       ],
       [
        13.45664,
        54.0923
       ],
       [
        13.45772,
        54.09142
       ],
       [
        13.45905,
        54.09071
       ],
       [
        13.46361,
        54.08895
       ],
       [
        13.46559,
        54.08819
       ],
       [
        13.46789,
        54.08766
       ],
       [
        13.48997,
        54.08393
       ],
       [
        13.49228,
        54.08366
       ],
       [
        13.49417,
        54.08362
       ],
       [
        13.49845,
        54.08425
       ],
       [
        13.49991,
        54.08484
       ],
       [
        13.50073,
        54.0854
       ],
       [
        13.50126,
        54.08648
       ],
       [
        13.50101,
        54.08763
       ],
       [
        13.49149,
        54.0961
       ],
       [
        13.4863,
        54.10154
       ],
       [
        13.47614,
        54.11642
       ],
       [
        13.47595,
        54.11744
       ],
       [
        13.47628,
        54.11839
       ],
       [
        13.47744,
        54.11944
       ],
       [
        13.4936,
        54.12573
       ],
       [
        13.51173,
        54.12896
       ],
       [
        13.52996,
        54.1311
       ],
       [
        13.53211,
        54.13125
       ],
       [
        13.53692,
        54.1307
       ],
       [
        13.54737,
        54.13018
       ],
       [
        13.56072,
        54.13045
       ],
       [
        13.56292,
        54.13069
       ],
       [
        13.57773,
        54.13243
       ],
       [
        13.57979,
        54.13277
       ],
       [
        13.60196,
        54.13652
       ],
       [
        13.62455,
        54.14096
       ],
       [
        13.62995,
        54.14257
       ],
       [
        13.63406,
        54.14412
       ],
       [
        13.64656,
        54.15101
       ],
       [
        13.6465,
        54.15208
       ],
       [
        13.67736,
        54.16535
       ],
       [
        13.69446,
        54.17263
       ],
       [
        13.69577,
        54.17284
       ],
       [
        13.70108,
        54.17308
       ],
       [
        13.70293,
        54.17289
       ],
       [
        13.70475,
        54.17246
       ],
       [
        13.71071,
        54.1696
       ],
       [
        13.71357,
        54.16757
       ],
       [
        13.71705,
        54.16423
       ],
       [
        13.71717,
        54.16356
       ],
       [
        13.71679,
        54.16277
       ],
       [
        13.70839,
        54.15993
       ],
       [
        13.70682,
        54.15964
       ],
       [
        13.72892,
        54.13944
       ],
       [
        13.77241,
        54.11108
       ],
       [
        13.77482,
        54.10977
       ],
       [
        13.78369,
        54.10693
       ],
       [
        13.78601,
        54.10664
       ],
       [
        13.78829,
        54.1067
       ],
       [
        13.79083,
        54.10707
       ],
       [
        13.79195,
        54.10705
       ],
       [
        13.79286,
        54.10678
       ],
       [
        13.79514,
        54.10583
       ],
       [
        13.79744,
        54.10412
       ],
       [
        13.79889,
        54.10287
       ],
       [
        13.80118,
        54.1001
       ],
       [
        13.80196,
        54.0987
       ],
       [
        13.80207,
        54.09759
       ],
       [
        13.78416,
        54.05217
       ],
       [
        13.78054,
        54.04792
       ],
       [
        13.77791,
        54.04606
       ],
       [
        13.76193,
        54.03658
       ],
       [
        13.75969,
        54.0356
       ],
       [
        13.75514,
        54.03498
       ],
       [
        13.74805,
        54.03401
       ],
       [
        13.74562,
        54.03351
       ],
       [
        13.74358,
        54.0328
       ],
       [
        13.743,
        54.03195
       ],
       [
        13.74274,
        54.03119
       ],
       [
        13.74285,
        54.03003
       ],
       [
        13.74363,
        54.02853
       ],
       [
        13.7628,
        54.01347
       ],
       [
        13.78694,
        54.0
       ],
       [
        13.79352,
        53.99632
       ],
       [
        13.7951,
        53.99576
       ],
       [
        13.7976,
        53.99542
       ],
       [
        13.8001,
        53.99539
       ],
       [
        13.80317,
        53.99563
       ],
       [
        13.80599,
        53.99599
       ],
       [
        13.8081,
        53.99594
       ],
       [
        13.81004,
        53.99561
       ],
       [
        13.81191,
        53.99494
       ],
       [
        13.81348,
        53.99406
       ],
       [
        13.82477,
        53.98717
       ],
       [
        13.89282,
        53.94321
       ],
       [
        13.89537,
        53.94148
       ],
       [
        13.90678,
        53.93152
       ],
       [
        13.90819,
        53.93011
       ],
       [
        13.91329,
        53.92348
       ],
       [
        13.91393,
        53.92226
       ],
       [
        13.91408,
        53.92107
       ],
       [
        13.91382,
        53.91989
       ],
       [
        13.91282,
        53.91841
       ],
       [
        13.91037,
        53.91596
       ],
       [
        13.90578,
        53.91262
       ],
       [
        13.90225,
        53.91073
       ],
       [
        13.90075,
        53.9102
       ],
       [
        13.89947,
        53.90996
       ],
       [
        13.89727,
        53.90992
       ],
       [
        13.8911,
        53.91005
       ],
       [
        13.88843,
        53.90982
       ],
       [
        13.8859,
        53.90923
       ],
       [
        13.88269,
        53.90808
       ],
       [
        13.86477,
        53.90034
       ],
       [
        13.8216,
        53.87242
       ],
       [
        13.8083,
        53.86085
       ],
       [
        13.8088,
        53.85637
       ],
       [
        13.81605,
        53.84381
       ],
       [
        13.81728,
        53.84297
       ],
       [
        13.81858,
        53.84222
       ],
       [
        13.82065,
        53.84309
       ],
       [
        13.82242,
        53.84342
       ],
       [
        13.83316,
        53.84463
       ],
       [
        13.83538,
        53.84462
       ],
       [
        13.84791,
        53.84339
       ],
       [
        13.84991,
        53.84308
       ],
       [
        13.8519,
        53.84252
       ],
       [
        13.86759,
        53.83457
       ],
       [
        13.86907,
        53.83376
       ],
       [
        13.87212,
        53.83132
       ],
       [
        13.88079,
        53.81823
       ],
       [
        13.89691,
        53.80459
       ],
       [
        13.89847,
        53.8034
       ],
       [
        13.90124,
        53.80249
       ],
       [
        13.90369,
        53.80211
       ],
       [
        13.90592,
        53.80201
       ],
       [
        13.90787,
        53.80213
       ],
       [
        13.90972,
        53.80283
       ],
       [
        13.92083,
        53.8004
       ],
       [
        13.92849,
        53.79752
       ],
       [
        13.94282,
        53.78859
       ],
       [
        13.9579,
        53.77936
       ],
       [
        13.9678,
        53.77426
       ],
       [
        13.96916,
        53.7736
       ],
       [
        13.97105,
        53.77287
       ],
       [
        13.97361,
        53.77206
       ],
       [
        14.0,
        53.7657
       ],
       [
        14.10189,
        53.74105
       ],
       [
        14.10346,
        53.74073
       ],
       [
        14.11877,
        53.73896
       ],
       [
        14.12026,
        53.73881
       ],
       [
        14.12525,
        53.73838
       ],
       [
        14.17981,
        53.73592
       ],
       [
        14.18254,
        53.73628
       ],
       [
        14.18513,
        53.73708
       ],
       [
        14.19053,
        53.73919
       ],
       [
        14.19268,
        53.74023
       ],
       [
        14.20654,
        53.74709
       ],
       [
        14.21857,
        53.75358
       ],
       [
        14.22065,
        53.75506
       ],
       [
        14.22572,
        53.75989
       ],
       [
        14.22788,
        53.76109
       ],
       [
        14.22971,
        53.76181
       ],
       [
        14.23236,
        53.76217
       ],
       [
        14.23506,
        53.76215
       ],
       [
        14.23819,
        53.76172
       ],
       [
        14.25019,
        53.75863
       ],
       [
        14.25316,
        53.75731
       ],
       [
        14.25743,
        53.75486
       ],
       [
        14.26532,
        53.75032
       ],
       [
        14.26646,
        53.7494
       ],
       [
        14.26693,
        53.74839
       ],
       [
        14.26736,
        53.74688
       ],
       [
        14.26842,
        53.74297
       ],
       [
        14.26819,
        53.73744
       ],
       [
        14.26613,
        53.73214
       ],
       [
        14.26561,
        53.73138
       ],
       [
        14.25063,
        53.72031
       ],
       [
        14.24653,
        53.71817
       ],
       [
        14.23526,
        53.71392
       ],
       [
        14.22806,
        53.71143
       ],
       [
        14.22476,
        53.71081
       ],
       [
        14.21972,
        53.70985
       ],
       [
        14.21828,
        53.70928
       ],
       [
        14.2172,
        53.70854
       ],
       [
        14.21604,
        53.70731
       ],
       [
        14.21516,
        53.70551
       ],
       [
        14.21456,
        53.70393
       ],
       [
        14.21467,
        53.7031
       ],
       [
        14.21516,
        53.70225
       ],
       [
        14.21625,
        53.70166
       ],
       [
        14.21908,
        53.70053
       ],
       [
        14.22017,
        53.7001
       ],
       [
        14.22028,
        53.70006
       ],
       [
        14.23876,
        53.69553
       ],
       [
        14.2407,
        53.69527
       ],
       [
        14.24565,
        53.69467
       ],
       [
        14.24837,
        53.69459
       ],
       [
        14.25264,
        53.69457
       ],
       [
        14.25482,
        53.69484
       ],
       [
        14.26637,
        53.6982
       ],
       [
        14.26947,
        53.69667
       ],
       [
        14.27047,
        53.69603
       ],
       [
        14.28254,
        53.68433
       ],
       [
        14.28276,
        53.68411
       ],
       [
        14.28327,
        53.6833
       ],
       [
        14.2835,
        53.68214
       ],
       [
        14.28355,
        53.68006
       ],
       [
        14.28319,
        53.67807
       ],
       [
        14.28256,
        53.67653
       ],
       [
        14.28258,
        53.66037
       ],
       [
        14.28329,
        53.64217
       ],
       [
        14.28359,
        53.63559
       ],
       [
        14.28414,
        53.63466
       ],
       [
        14.28602,
        53.63363
       ],
       [
        14.31655,
        53.61762
       ],
       [
        14.31361,
        53.5658
       ],
       [
        14.31313,
        53.56446
       ],
       [
        14.31214,
        53.56296
       ],
       [
        14.30299,
        53.55372
       ],
       [
        14.30718,
        53.5432
       ],
       [
        14.31643,
        53.52432
       ],
       [
        14.32702,
        53.50332
       ],
       [
        14.35102,
        53.49659
       ],
       [
        14.3539,
        53.49043
       ],
       [
        14.35407,
        53.48978
       ],
       [
        14.35448,
        53.48816
       ],
       [
        14.3542,
        53.48441
       ],
       [
        14.35893,
        53.45724
       ],
       [
        14.37414,
        53.40859
       ],
       [
        14.37492,
        53.40681
       ],
       [
        14.39502,
        53.37196
       ],
       [
        14.40643,
        53.3424
       ],
       [
        14.41228,
        53.32871
       ],
       [
        14.40549,
        53.32975
       ],
       [
        14.40192,
        53.32985
       ],
       [
        14.39852,
        53.32954
       ],
       [
        14.39577,
        53.32901
       ],
       [
        14.38086,
        53.32375
       ],
       [
        14.36639,
        53.31722
       ],
       [
        14.34994,
        53.31018
       ],
       [
        14.31255,
        53.30188
       ],
       [
        14.30108,
        53.28592
       ],
       [
        14.29259,
        53.28413
       ],
       [
        14.28476,
        53.28247
       ],
       [
        14.26274,
        53.27684
       ],
       [
        14.26574,
        53.2663
       ],
       [
        14.26509,
        53.26003
       ],
       [
        14.2472,
        53.25702
       ],
       [
        14.21084,
        53.25481
       ],
       [
        14.18761,
        53.2607
       ],
       [
        14.16204,
        53.26704
       ],
       [
        14.14406,
        53.26554
       ],
       [
        14.12768,
        53.26012
       ],
       [
        14.09826,
        53.26227
       ],
       [
        14.1018,
        53.27341
       ],
       [
        14.10297,
        53.2771
       ],
       [
        14.10426,
        53.27931
       ],
       [
        14.1057,
        53.28074
       ],
       [
        14.10831,
        53.28272
       ],
       [
        14.13265,
        53.29931
       ],
       [
        14.1382,
        53.30249
       ],
       [
        14.14133,
        53.30405
       ],
       [
        14.15053,
        53.3086
       ],
       [
        14.16244,
        53.31506
       ],
       [
        14.17145,
        53.32069
       ],
       [
        14.18551,
        53.32976
       ],
       [
        14.20555,
        53.34396
       ],
       [
        14.22238,
        53.35741
       ],
       [
        14.22565,
        53.36109
       ],
       [
        14.22622,
        53.36189
       ],
       [
        14.22796,
        53.36442
       ],
       [
        14.23339,
        53.37325
       ],
       [
        14.24125,
        53.38718
       ],
       [
        14.24196,
        53.38897
       ],
       [
        14.24243,
        53.39139
       ],
       [
        14.24277,
        53.39425
       ],
       [
        14.24297,
        53.39872
       ],
       [
        14.24292,
        53.39955
       ],
       [
        14.24273,
        53.40253
       ],
       [
        14.24113,
        53.42149
       ],
       [
        14.24095,
        53.42272
       ],
       [
        14.23999,
        53.42434
       ],
       [
        14.23846,
        53.4261
       ],
       [
        14.23573,
        53.42883
       ],
       [
        14.22294,
        53.43407
       ],
       [
        14.21538,
        53.43019
       ],
       [
        14.21363,
        53.42892
       ],
       [
        14.20872,
        53.42515
       ],
       [
        14.20682,
        53.42408
       ],
       [
        14.20483,
        53.42337
       ],
       [
        14.20253,
        53.42273
       ],
       [
        14.19941,
        53.42207
       ],
       [
        14.19171,
        53.42175
       ],
       [
        14.18641,
        53.42208
       ],
       [
        14.18163,
        53.42242
       ],
       [
        14.17748,
        53.42304
       ],
       [
        14.17001,
        53.42504
       ],
       [
        14.1616,
        53.42913
       ],
       [
        14.14705,
        53.43611
       ],
       [
        14.13643,
        53.44105
       ],
       [
        14.12116,
        53.44173
       ],
       [
        14.10805,
        53.42801
       ],
       [
        14.1055,
        53.42331
       ],
       [
        14.0783,
        53.41292
       ],
       [
        14.05674,
        53.41271
       ],
       [
        14.05358,
        53.41276
       ],
       [
        14.05162,
        53.4135
       ],
       [
        14.05098,
        53.41375
       ],
       [
        14.04545,
        53.42973
       ],
       [
        14.00138,
        53.43577
       ],
       [
        13.94582,
        53.43082
       ],
       [
        13.90927,
        53.43688
       ],
       [
        13.91571,
        53.44671
       ],
       [
        13.91635,
        53.44854
       ],
       [
        13.91698,
        53.45174
       ],
       [
        13.91703,
        53.45421
       ],
       [
        13.9161,
        53.45652
       ],
       [
        13.87357,
        53.47515
       ],
       [
        13.87286,
        53.49029
       ],
       [
        13.87272,
        53.49356
       ],
       [
        13.87528,
        53.50061
       ],
       [
        13.87761,
        53.50439
       ],
       [
        13.82349,
        53.51986
       ],
       [
        13.79818,
        53.54584
       ],
       [
        13.79865,
        53.54945
       ],
       [
        13.80127,
        53.55233
       ],
       [
        13.80097,
        53.55734
       ],
       [
        13.79985,
        53.55795
       ],
       [
        13.79093,
        53.55785
       ],
       [
        13.78502,
        53.55295
       ],
       [
        13.78404,
        53.55061
       ],
       [
        13.77576,
        53.53028
       ],
       [
        13.77723,
        53.51393
       ],
       [
        13.79042,
        53.51073
       ],
       [
        13.82641,
        53.49788
       ],
       [
        13.81214,
        53.48436
       ],
       [
        13.80199,
        53.4786
       ],
       [
        13.78563,
        53.4746
       ],
       [
        13.7799,
        53.47433
       ],
       [
        13.75354,
        53.47862
       ],
       [
        13.747,
        53.48124
       ],
       [
        13.71291,
        53.48219
       ],
       [
        13.70799,
        53.47833
       ],
       [
        13.70717,
        53.47768
       ],
       [
        13.70125,
        53.47431
       ],
       [
        13.65492,
        53.44892
       ],
       [
        13.64006,
        53.44757
       ],
       [
        13.61212,
        53.41373
       ],
       [
        13.60988,
        53.41363
       ],
       [
        13.57004,
        53.40821
       ],
       [
        13.55103,
        53.40036
       ],
       [
        13.54844,
        53.39861
       ],
       [
        13.54521,
        53.39538
       ],
       [
        13.54472,
        53.39489
       ],
       [
        13.54467,
        53.39435
       ],
       [
        13.54492,
        53.3938
       ],
       [
        13.54565,
        53.39352
       ],
       [
        13.552,
        53.3931
       ],
       [
        13.5533,
        53.393
       ],
       [
        13.55429,
        53.39273
       ],
       [
        13.55479,
        53.39231
       ],
       [
        13.55498,
        53.39184
       ],
       [
        13.55452,
        53.38043
       ],
       [
        13.54251,
        53.36518
       ],
       [
        13.53354,
        53.36528
       ],
       [
        13.52324,
        53.366
       ],
       [
        13.5167,
        53.35177
       ],
       [
        13.51713,
        53.33871
       ],
       [
        13.52007,
        53.33333
       ],
       [
        13.52274,
        53.31977
       ],
       [
        13.48544,
        53.29181
       ],
       [
        13.48437,
        53.29127
       ],
       [
        13.48314,
        53.29086
       ],
       [
        13.46211,
        53.28823
       ],
       [
        13.46082,
        53.28835
       ],
       [
        13.45956,
        53.28893
       ],
       [
        13.45653,
        53.29302
       ],
       [
        13.43438,
        53.28887
       ],
       [
        13.42088,
        53.26997
       ],
       [
        13.40553,
        53.24702
       ],
       [
        13.37759,
        53.25775
       ],
       [
        13.36751,
        53.27263
       ],
       [
        13.36142,
        53.27785
       ],
       [
        13.30159,
        53.28095
       ],
       [
        13.28753,
        53.27552
       ],
       [
        13.25387,
        53.25999
       ],
       [
        13.24858,
        53.25667
       ],
       [
        13.24789,
        53.25597
       ],
       [
        13.24732,
        53.25518
       ],
       [
        13.23923,
        53.23836
       ],
       [
        13.24049,
        53.23095
       ],
       [
        13.23788,
        53.22496
       ],
       [
        13.2372,
        53.22415
       ],
       [
        13.22944,
        53.21681
       ],
       [
        13.20567,
        53.22007
       ],
       [
        13.19058,
        53.23542
       ],
       [
        13.18904,
        53.24566
       ],
       [
        13.18742,
        53.24764
       ],
       [
        13.18513,
        53.24912
       ],
       [
        13.18076,
        53.25049
       ],
       [
        13.15143,
        53.25048
       ],
       [
        13.14787,
        53.25018
       ],
       [
        13.11098,
        53.23898
       ],
       [
        13.10318,
        53.23512
       ],
       [
        13.10279,
        53.23437
       ],
       [
        13.10295,
        53.2331
       ],
       [
        13.10899,
        53.22626
       ],
       [
        13.10909,
        53.22503
       ],
       [
        13.10638,
        53.21568
       ],
       [
        13.07197,
        53.20044
       ],
       [
        13.06545,
        53.20087
       ],
       [
        13.05465,
        53.19955
       ],
       [
        13.03654,
        53.1943
       ],
       [
        13.03208,
        53.19206
       ],
       [
        13.01979,
        53.18536
       ],
       [
        13.01901,
        53.18423
       ],
       [
        13.01903,
        53.18275
       ],
       [
        12.99073,
        53.16889
       ],
       [
        12.98436,
        53.16584
       ],
       [
        12.98366,
        53.16508
       ],
       [
        12.98282,
        53.16452
       ],
       [
        12.97748,
        53.16295
       ],
       [
        12.97661,
        53.16285
       ],
       [
        12.94346,
        53.17426
       ],
       [
        12.94259,
        53.17501
       ],
       [
        12.94245,
        53.17591
       ],
       [
        12.94316,
        53.17695
       ],
       [
        12.9446,
        53.17796
       ],
       [
        12.96282,
        53.18614
       ],
       [
        12.96455,
        53.18689
       ],
       [
        12.97481,
        53.19088
       ],
       [
        12.97651,
        53.19121
       ],
       [
        12.97801,
        53.1914
       ],
       [
        12.97841,
        53.19145
       ],
       [
        12.97947,
        53.19182
       ],
       [
        12.97973,
        53.19238
       ],
       [
        12.97927,
        53.19295
       ],
       [
        12.9754,
        53.19748
       ],
       [
        12.96519,
        53.20044
       ],
       [
        12.96384,
        53.2007
       ],
       [
        12.96243,
        53.20085
       ],
       [
        12.95977,
        53.20098
       ],
       [
        12.95547,
        53.20091
       ],
       [
        12.91271,
        53.19582
       ],
       [
        12.90429,
        53.1944
       ],
       [
        12.89044,
        53.18879
       ],
       [
        12.89077,
        53.18323
       ],
       [
        12.88946,
        53.18023
       ],
       [
        12.877,
        53.18067
       ],
       [
        12.87579,
        53.18088
       ],
       [
        12.85848,
        53.18901
       ],
       [
        12.85793,
        53.18966
       ],
       [
        12.8532,
        53.19527
       ],
       [
        12.84847,
        53.20089
       ],
       [
        12.84803,
        53.20144
       ],
       [
        12.84738,
        53.20174
       ],
       [
        12.84636,
        53.20176
       ],
       [
        12.84455,
        53.20176
       ],
       [
        12.84299,
        53.20155
       ],
       [
        12.8174,
        53.19686
       ],
       [
        12.81652,
        53.19666
       ],
       [
        12.81596,
        53.19615
       ],
       [
        12.81576,
        53.19573
       ],
       [
        12.81537,
        53.19486
       ],
       [
        12.81118,
        53.19187
       ],
       [
        12.78473,
        53.1891
       ],
       [
        12.77314,
        53.18841
       ],
       [
        12.77192,
        53.18837
       ],
       [
        12.77036,
        53.18853
       ],
       [
        12.76581,
        53.18911
       ],
       [
        12.76416,
        53.18934
       ],
       [
        12.76283,
        53.18976
       ],
       [
        12.73703,
        53.20091
       ],
       [
        12.74346,
        53.20395
       ],
       [
        12.74784,
        53.20623
       ],
       [
        12.75077,
        53.20868
       ],
       [
        12.75267,
        53.21099
       ],
       [
        12.75769,
        53.22445
       ],
       [
        12.74641,
        53.22572
       ],
       [
        12.74141,
        53.22381
       ],
       [
        12.73655,
        53.2231
       ],
       [
        12.71949,
        53.22238
       ],
       [
        12.68859,
        53.22673
       ],
       [
        12.67204,
        53.23034
       ],
       [
        12.66688,
        53.23191
       ],
       [
        12.66521,
        53.23282
       ],
       [
        12.66398,
        53.23422
       ],
       [
        12.66488,
        53.24189
       ],
       [
        12.66522,
        53.24268
       ],
       [
        12.66589,
        53.24324
       ],
       [
        12.67211,
        53.24699
       ],
       [
        12.66878,
        53.25001
       ],
       [
        12.66207,
        53.25499
       ],
       [
        12.62805,
        53.25536
       ],
       [
        12.61199,
        53.24924
       ],
       [
        12.60947,
        53.24796
       ],
       [
        12.59838,
        53.24789
       ],
       [
        12.53121,
        53.26548
       ],
       [
        12.50399,
        53.26251
       ],
       [
        12.50435,
        53.25746
       ],
       [
        12.49805,
        53.25562
       ],
       [
        12.45137,
        53.25121
       ],
       [
        12.44408,
        53.25131
       ],
       [
        12.43397,
        53.25905
       ],
       [
        12.43294,
        53.26033
       ],
       [
        12.43223,
        53.26262
       ],
       [
        12.41034,
        53.27976
       ],
       [
        12.37968,
        53.3037
       ],
       [
        12.35208,
        53.31404
       ],
       [
        12.34877,
        53.315
       ],
       [
        12.34367,
        53.31611
       ],
       [
        12.3337,
        53.31824
       ],
       [
        12.32479,
        53.32248
       ],
       [
        12.3085,
        53.32753
       ],
       [
        12.29813,
        53.32821
       ],
       [
        12.29471,
        53.32826
       ],
       [
        12.28042,
        53.32729
       ],
       [
        12.27657,
        53.32596
       ],
       [
        12.27156,
        53.32429
       ],
       [
        12.26126,
        53.32397
       ],
       [
        12.25855,
        53.32423
       ],
       [
        12.24207,
        53.33533
       ],
       [
        12.23591,
        53.34315
       ],
       [
        12.2296,
        53.3581
       ],
       [
        12.22062,
        53.35747
       ],
       [
        12.133,
        53.34906
       ],
       [
        12.109,
        53.34392
       ],
       [
        12.08163,
        53.34677
       ],
       [
        12.07846,
        53.36845
       ],
       [
        12.06206,
        53.3714
       ],
       [
        12.04822,
        53.37031
       ],
       [
        12.04829,
        53.3615
       ],
       [
        12.05627,
        53.35043
       ],
       [
        12.01356,
        53.33525
       ],
       [
        12.01763,
        53.32833
       ],
       [
        12.0217,
        53.32138
       ],
       [
        12.0233,
        53.30474
       ],
       [
        12.01695,
        53.29941
       ],
       [
        11.95553,
        53.27898
       ],
       [
        11.94388,
        53.27537
       ],
       [
        11.92183,
        53.27389
       ],
       [
        11.91567,
        53.27411
       ],
       [
        11.90856,
        53.27442
       ],
       [
        11.89271,
        53.27272
       ],
       [
        11.87732,
        53.26211
       ],
       [
        11.86036,
        53.24967
       ],
       [
        11.8594,
        53.24921
       ],
       [
        11.85758,
        53.24901
       ],
       [
        11.85472,
        53.24898
       ],
       [
        11.81703,
        53.25322
       ],
       [
        11.80998,
        53.25374
       ],
       [
        11.79417,
        53.25414
       ],
       [
        11.79421,
        53.25156
       ],
       [
        11.80328,
        53.24761
       ],
       [
        11.8172,
        53.24584
       ],
       [
        11.8337,
        53.23209
       ],
       [
        11.82911,
        53.22885
       ],
       [
        11.8191,
        53.22574
       ],
       [
        11.75816,
        53.22583
       ],
       [
        11.7275,
        53.23285
       ],
       [
        11.70603,
        53.23838
       ],
       [
        11.68696,
        53.24195
       ],
       [
        11.66063,
        53.24223
       ],
       [
        11.6264,
        53.24112
       ],
       [
        11.62461,
        53.24075
       ],
       [
        11.62156,
        53.2394
       ],
       [
        11.57314,
        53.21316
       ],
       [
        11.55769,
        53.20335
       ],
       [
        11.55863,
        53.18876
       ],
       [
        11.56307,
        53.1794
       ],
       [
        11.56593,
        53.17435
       ],
       [
        11.56714,
        53.17164
       ],
       [
        11.56772,
        53.16901
       ],
       [
        11.56766,
        53.16689
       ],
       [
        11.56731,
        53.16581
       ],
       [
        11.55642,
        53.13877
       ],
       [
        11.54878,
        53.13073
       ],
       [
        11.53475,
        53.12544
       ],
       [
        11.51071,
        53.12567
       ],
       [
        11.4858,
        53.12883
       ],
       [
        11.47307,
        53.1341
       ],
       [
        11.45989,
        53.14027
       ],
       [
        11.39539,
        53.14025
       ],
       [
        11.39204,
        53.13426
       ],
       [
        11.39182,
        53.12841
       ],
       [
        11.36558,
        53.11586
       ],
       [
        11.31592,
        53.11938
       ],
       [
        11.2867,
        53.12138
       ],
       [
        11.26817,
        53.12105
       ],
       [
        11.26559,
        53.12339
       ],
       [
        11.26128,
        53.12657
       ],
       [
        11.2561,
        53.13021
       ],
       [
        11.24842,
        53.13477
       ],
       [
        11.24766,
        53.13519
       ],
       [
        11.2426,
        53.13796
       ],
       [
        11.23627,
        53.14025
       ],
       [
        11.23576,
        53.1404
       ],
       [
        11.23036,
        53.14194
       ],
       [
        11.22777,
        53.14262
       ],
       [
        11.21863,
        53.14396
       ],
       [
        11.21619,
        53.14404
       ],
       [
        11.21374,
        53.14388
       ],
       [
        11.21168,
        53.14323
       ],
       [
        11.17991,
        53.14877
       ],
       [
        11.17137,
        53.15705
       ],
       [
        11.18295,
        53.16307
       ],
       [
        11.1847,
        53.16472
       ],
       [
        11.19511,
        53.17621
       ],
       [
        11.19297,
        53.18202
       ],
       [
        11.1798,
        53.18679
       ],
       [
        11.17938,
        53.1868
       ],
       [
        11.15944,
        53.18736
       ],
       [
        11.13857,
        53.1927
       ],
       [
        11.09258,
        53.21325
       ],
       [
        11.08276,
        53.21983
       ],
       [
        11.082,
        53.22043
       ],
       [
        11.06548,
        53.23444
       ],
       [
        11.06311,
        53.23684
       ],
       [
        11.02698,
        53.2792
       ],
       [
        10.98683,
        53.33375
       ],
       [
        10.91771,
        53.34809
       ],
       [
        10.88765,
        53.32726
       ],
       [
        10.888,
        53.32603
       ],
       [
        10.88799,
        53.32485
       ],
       [
        10.88036,
        53.32159
       ],
       [
        10.85061,
        53.30986
       ],
       [
        10.83411,
        53.30489
       ],
       [
        10.79071,
        53.31613
       ],
       [
        10.78735,
        53.31739
       ],
       [
        10.7765,
        53.32281
       ],
       [
        10.73842,
        53.3449
       ],
       [
        10.73658,
        53.34927
       ],
       [
        10.73351,
        53.35359
       ],
       [
        10.73026,
        53.35667
       ],
       [
        10.72625,
        53.35942
       ],
       [
        10.71164,
        53.3675
       ],
       [
        10.708,
        53.36903
       ],
       [
        10.7045,
        53.37017
       ],
       [
        10.69959,
        53.37042
       ],
       [
        10.63995,
        53.37044
       ],
       [
        10.62029,
        53.36964
       ],
       [
        10.61655,
        53.36927
       ],
       [
        10.61121,
        53.368
       ],
       [
        10.60381,
        53.3655
       ],
       [
        10.59593,
        53.36223
       ],
       [
        10.59325,
        53.365
       ],
       [
        10.59859,
        53.37839
       ],
       [
        10.59971,
        53.37849
       ],
       [
        10.6008,
        53.37853
       ],
       [
        10.60192,
        53.37835
       ],
       [
        10.60313,
        53.37828
       ],
       [
        10.6044,
        53.37852
       ],
       [
        10.61397,
        53.38217
       ],
       [
        10.61484,
        53.38265
       ],
       [
        10.61553,
        53.3833
       ],
       [
        10.61749,
        53.38678
       ],
       [
        10.62102,
        53.39662
       ],
       [
        10.6211,
        53.39713
       ],
       [
        10.61981,
        53.41352
       ],
       [
        10.61919,
        53.41845
       ],
       [
        10.61822,
        53.42302
       ],
       [
        10.61806,
        53.42419
       ],
       [
        10.61829,
        53.42488
       ],
       [
        10.63154,
        53.45277
       ],
       [
        10.6319,
        53.45335
       ],
       [
        10.63259,
        53.45381
       ],
       [
        10.63532,
        53.45496
       ],
       [
        10.65209,
        53.4607
       ],
       [
        10.6612,
        53.46074
       ],
       [
        10.69291,
        53.45546
       ],
       [
        10.71957,
        53.47562
       ],
       [
        10.75097,
        53.48442
       ],
       [
        10.77721,
        53.49542
       ],
       [
        10.80865,
        53.51505
       ],
       [
        10.83081,
        53.54274
       ],
       [
        10.831,
        53.54358
       ],
       [
        10.831,
        53.54431
       ],
       [
        10.82486,
        53.55447
       ],
       [
        10.8244,
        53.55549
       ],
       [
        10.82229,
        53.57267
       ],
       [
        10.82224,
        53.57319
       ],
       [
        10.82236,
        53.57371
       ],
       [
        10.82256,
        53.57416
       ],
       [
        10.82293,
        53.57453
       ],
       [
        10.8237,
        53.57495
       ],
       [
        10.82464,
        53.57531
       ],
       [
        10.82577,
        53.57565
       ],
       [
        10.82716,
        53.5758
       ],
       [
        10.82842,
        53.5758
       ],
       [
        10.84018,
        53.57546
       ],
       [
        10.84435,
        53.57294
       ],
       [
        10.84521,
        53.57224
       ],
       [
        10.84602,
        53.57126
       ],
       [
        10.84794,
        53.5681
       ],
       [
        10.84889,
        53.56651
       ],
       [
        10.84944,
        53.56581
       ],
       [
        10.85026,
        53.56547
       ],
       [
        10.85143,
        53.56535
       ],
       [
        10.86236,
        53.56486
       ],
       [
        10.86373,
        53.56492
       ],
       [
        10.9099,
        53.5707
       ],
       [
        10.92693,
        53.58364
       ],
       [
        10.92283,
        53.59014
       ],
       [
        10.92501,
        53.61487
       ],
       [
        10.92946,
        53.62875
       ],
       [
        10.93306,
        53.63211
       ],
       [
        10.93326,
        53.63228
       ],
       [
        10.95218,
        53.64805
       ],
       [
        10.93828,
        53.66553
       ],
       [
        10.9381,
        53.66596
       ],
       [
        10.93791,
        53.66667
       ],
       [
        10.93874,
        53.67283
       ],
       [
        10.93884,
        53.67319
       ],
       [
        10.93911,
        53.67334
       ],
       [
        10.93951,
        53.67343
       ],
       [
        10.94453,
        53.67469
       ],
       [
        10.94325,
        53.68413
       ],
       [
        10.92282,
        53.69924
       ],
       [
        10.90585,
        53.7026
       ],
       [
        10.88647,
        53.70582
       ],
       [
        10.88629,
        53.70585
       ],
       [
        10.88072,
        53.70272
       ],
       [
        10.88032,
        53.7025
       ],
       [
        10.87344,
        53.70125
       ],
       [
        10.86206,
        53.70286
       ],
       [
        10.85171,
        53.70484
       ],
       [
        10.82479,
        53.71146
       ],
       [
        10.82384,
        53.71185
       ],
       [
        10.82295,
        53.71233
       ],
       [
        10.8103,
        53.7211
       ],
       [
        10.7711,
        53.74957
       ],
       [
        10.76421,
        53.76925
       ],
       [
        10.76619,
        53.76999
       ],
       [
        10.76709,
        53.77079
       ],
       [
        10.7712,
        53.77605
       ],
       [
        10.7742,
        53.79035
       ],
       [
        10.77433,
        53.79121
       ],
       [
        10.77434,
        53.79228
       ],
       [
        10.77391,
        53.79619
       ],
       [
        10.7734,
        53.79753
       ],
       [
        10.76474,
        53.81101
       ],
       [
        10.76402,
        53.81756
       ],
       [
        10.76341,
        53.82266
       ],
       [
        10.7629,
        53.82378
       ],
       [
        10.762,
        53.82508
       ],
       [
        10.76066,
        53.82653
       ],
       [
        10.7589,
        53.82786
       ],
       [
        10.75683,
        53.82895
       ],
       [
        10.75065,
        53.83227
       ],
       [
        10.74826,
        53.83538
       ],
       [
        10.74797,
        53.8516
       ],
       [
        10.74873,
        53.8525
       ],
       [
        10.77175,
        53.87329
       ],
       [
        10.77606,
        53.87471
       ],
       [
        10.78972,
        53.8758
       ],
       [
        10.80204,
        53.87689
       ],
       [
        10.84765,
        53.89908
       ],
       [
        10.86732,
        53.91374
       ],
       [
        10.90169,
        53.90803
       ],
       [
        10.90131,
        53.90726
       ],
       [
        10.90102,
        53.90522
       ],
       [
        10.90126,
        53.90279
       ],
       [
        10.90175,
        53.90194
       ],
       [
        10.90234,
        53.90131
       ],
       [
        10.90287,
        53.90081
       ],
       [
        10.90343,
        53.90038
       ],
       [
        10.90542,
        53.89938
       ],
       [
        10.9072,
        53.8987
       ],
       [
        10.90902,
        53.89812
       ],
       [
        10.91067,
        53.89784
       ],
       [
        10.91231,
        53.89778
       ],
       [
        10.96499,
        53.90703
       ],
       [
        10.96571,
        53.90728
       ],
       [
        10.96618,
        53.90745
       ],
       [
        10.96717,
        53.90847
       ],
       [
        10.96756,
        53.90913
       ],
       [
        10.96761,
        53.90979
       ],
       [
        10.96752,
        53.91023
       ],
       [
        10.96732,
        53.91077
       ],
       [
        10.96689,
        53.91118
       ],
       [
        10.96634,
        53.91169
       ],
       [
        10.9649,
        53.91258
       ],
       [
        10.96321,
        53.9134
       ],
       [
        10.96122,
        53.91413
       ],
       [
        10.9606,
        53.91428
       ],
       [
        10.91239,
        53.92356
       ],
       [
        10.9086,
        53.94543
       ],
       [
        10.90337,
        53.95705
       ],
       [
        10.90639,
        53.95744
       ],
       [
        10.90798,
        53.9578
       ],
       [
        10.92697,
        53.96362
       ],
       [
        10.93362,
        53.96584
       ],
       [
        10.93706,
        53.96722
       ],
       [
        10.94024,
        53.96864
       ],
       [
        10.95089,
        53.97412
       ],
       [
        10.95383,
        53.97565
       ],
       [
        10.9776,
        53.98654
       ],
       [
        10.98043,
        53.98777
       ],
       [
        10.98288,
        53.98866
       ],
       [
        11.01609,
        54.0
       ],
       [
        11.02261,
        54.00223
       ],
       [
        11.0361,
        54.00574
       ],
       [
        11.05402,
        54.00864
       ],
       [
        11.08897,
        54.01389
       ],
       [
        11.09123,
        54.01411
       ],
       [
        11.10032,
        54.014
       ],
       [
        11.11292,
        54.0121
       ],
       [
        11.11676,
        54.01167
       ],
       [
        11.12097,
        54.0113
       ],
       [
        11.14118,
        54.0102
       ],
       [
        11.14373,
        54.01018
       ],
       [
        11.15185,
        54.01178
       ],
       [
        11.15794,
        54.01302
       ],
       [
        11.1666,
        54.0143
       ],
       [
        11.17184,
        54.01491
       ],
       [
        11.17765,
        54.01547
       ],
       [
        11.18022,
        54.01535
       ],
       [
        11.18246,
        54.01508
       ],
       [
        11.18439,
        54.0145
       ],
       [
        11.18866,
        54.01186
       ],
       [
        11.19164,
        54.00947
       ],
       [
        11.19291,
        54.00774
       ],
       [
        11.19415,
        54.00482
       ],
       [
        11.19437,
        54.00371
       ],
       [
        11.19413,
        54.00109
       ],
       [
        11.1946,
        54.0
       ],
       [
        11.19468,
        53.99982
       ],
       [
        11.20057,
        53.99201
       ],
       [
        11.20105,
        53.99144
       ],
       [
        11.2017,
        53.99104
       ],
       [
        11.21753,
        53.98433
       ],
       [
        11.24563,
        53.97093
       ],
       [
        11.244,
        53.96453
       ],
       [
        11.24269,
        53.95663
       ],
       [
        11.24246,
        53.95267
       ],
       [
        11.24273,
        53.95161
       ],
       [
        11.24343,
        53.94891
       ],
       [
        11.24397,
        53.94754
       ],
       [
        11.24482,
        53.94545
       ],
       [
        11.24689,
        53.94228
       ],
       [
        11.24851,
        53.94045
       ],
       [
        11.24941,
        53.93972
       ],
       [
        11.25312,
        53.93775
       ],
       [
        11.25576,
        53.93651
       ],
       [
        11.25824,
        53.93556
       ],
       [
        11.26195,
        53.93428
       ],
       [
        11.26685,
        53.9327
       ],
       [
        11.26775,
        53.93246
       ],
       [
        11.27025,
        53.93183
       ],
       [
        11.27327,
        53.93133
       ],
       [
        11.27602,
        53.93104
       ],
       [
        11.27907,
        53.93091
       ],
       [
        11.28321,
        53.93081
       ],
       [
        11.28653,
        53.93098
       ],
       [
        11.28768,
        53.93123
       ],
       [
        11.31319,
        53.94194
       ],
       [
        11.31533,
        53.94313
       ],
       [
        11.34996,
        53.94471
       ],
       [
        11.40392,
        53.9309
       ],
       [
        11.40269,
        53.92362
       ],
       [
        11.40368,
        53.92228
       ],
       [
        11.41287,
        53.91766
       ],
       [
        11.41867,
        53.91575
       ],
       [
        11.43228,
        53.91234
       ],
       [
        11.44561,
        53.91187
       ],
       [
        11.47372,
        53.92946
       ],
       [
        11.47779,
        53.93537
       ],
       [
        11.48054,
        53.9397
       ],
       [
        11.48109,
        53.94041
       ],
       [
        11.48226,
        53.94328
       ],
       [
        11.48947,
        53.96818
       ],
       [
        11.49505,
        53.98835
       ],
       [
        11.49433,
        53.98862
       ],
       [
        11.49197,
        53.99167
       ],
       [
        11.49144,
        53.99289
       ],
       [
        11.49145,
        53.9935
       ],
       [
        11.49183,
        53.99398
       ],
       [
        11.49688,
        54.0
       ],
       [
        11.51921,
        54.02657
       ],
       [
        11.5355,
        54.02839
       ],
       [
        11.54472,
        54.02671
       ],
       [
        11.56199,
        54.02899
       ],
       [
        11.56353,
        54.02954
       ],
       [
        11.56998,
        54.03249
       ],
       [
        11.57445,
        54.03505
       ],
       [
        11.5781,
        54.03758
       ],
       [
        11.62314,
        54.07819
       ],
       [
        11.62397,
        54.07962
       ],
       [
        11.62549,
        54.08889
       ],
       [
        11.62529,
        54.09045
       ],
       [
        11.62463,
        54.09156
       ],
       [
        11.62294,
        54.09302
       ],
       [
        11.61497,
        54.09984
       ],
       [
        11.61291,
        54.10122
       ],
       [
        11.61038,
        54.10241
       ],
       [
        11.60727,
        54.10277
       ],
       [
        11.60506,
        54.10266
       ],
       [
        11.60342,
        54.10226
       ],
       [
        11.58539,
        54.09224
       ],
       [
        11.5505,
        54.066
       ],
       [
        11.54287,
        54.05928
       ],
       [
        11.54209,
        54.05595
       ],
       [
        11.53664,
        54.05799
       ],
       [
        11.53171,
        54.07523
       ],
       [
        11.53321,
        54.07811
       ],
       [
        11.55413,
        54.0947
       ],
       [
        11.56172,
        54.09742
       ],
       [
        11.57088,
        54.09925
       ],
       [
        11.58217,
        54.09946
       ],
       [
        11.58888,
        54.1002
       ],
       [
        11.59588,
        54.10258
       ],
       [
        11.59955,
        54.10383
       ],
       [
        11.60685,
        54.10673
       ],
       [
        11.61842,
        54.11251
       ],
       [
        11.62237,
        54.11522
       ],
       [
        11.62632,
        54.11829
       ],
       [
        11.63665,
        54.1255
       ],
       [
        11.66525,
        54.14497
       ],
       [
        11.6695,
        54.14767
       ],
       [
        11.67648,
        54.152
       ],
       [
        11.68305,
        54.15432
       ],
       [
        11.69177,
        54.15492
       ],
       [
        11.70153,
        54.15529
       ],
       [
        11.75478,
        54.15578
       ],
       [
        11.76471,
        54.15516
       ],
       [
        11.77356,
        54.15286
       ],
       [
        11.78204,
        54.15078
       ],
       [
        11.79461,
        54.14864
       ],
       [
        11.81021,
        54.14688
       ],
       [
        11.84051,
        54.14512
       ],
       [
        11.84421,
        54.14495
       ],
       [
        11.85244,
        54.14586
       ],
       [
        11.86872,
        54.1485
       ],
       [
        11.89465,
        54.15381
       ],
       [
        11.90809,
        54.15722
       ],
       [
        11.91389,
        54.15884
       ],
       [
        11.92186,
        54.16082
       ],
       [
        11.93622,
        54.16388
       ],
       [
        11.94143,
        54.16495
       ],
       [
        11.99737,
        54.1758
       ],
       [
        12.02815,
        54.17693
       ],
       [
        12.1068,
        54.17877
       ],
       [
        12.10948,
        54.17913
       ],
       [
        12.11573,
        54.1814
       ],
       [
        12.12671,
        54.18572
       ],
       [
        12.13668,
        54.19062
       ],
       [
        12.15358,
        54.20587
       ],
       [
        12.15912,
        54.2116
       ],
       [
        12.16095,
        54.21358
       ],
       [
        12.16373,
        54.21682
       ],
       [
        12.16894,
        54.22309
       ],
       [
        12.17388,
        54.22954
       ],
       [
        12.17544,
        54.23098
       ],
       [
        12.17758,
        54.23295
       ],
       [
        12.17911,
        54.23403
       ],
       [
        12.18803,
        54.23922
       ],
       [
        12.19641,
        54.24298
       ],
       [
        12.28267,
        54.27444
       ],
       [
        12.28768,
        54.27578
       ],
       [
        12.29971,
        54.27965
       ],
       [
        12.30715,
        54.28262
       ],
       [
        12.31949,
        54.28802
       ],
       [
        12.32341,
        54.28974
       ],
       [
        12.32987,
        54.29331
       ],
       [
        12.33502,
        54.29645
       ],
       [
        12.3432,
        54.30381
       ],
       [
        12.35,
        54.31027
       ],
       [
        12.35835,
        54.31831
       ],
       [
        12.36054,
        54.32046
       ],
       [
        12.36518,
        54.32584
       ],
       [
        12.36952,
        54.33103
       ],
       [
        12.37203,
        54.3353
       ],
       [
        12.38211,
        54.34859
       ],
       [
        12.40063,
        54.37169
       ],
       [
        12.40239,
        54.37383
       ],
       [
        12.40461,
        54.37643
       ],
       [
        12.40943,
        54.38
       ],
       [
        12.41241,
        54.38155
       ],
       [
        12.42104,
        54.38531
       ],
       [
        12.42876,
        54.38865
       ],
       [
        12.42923,
        54.38895
       ],
       [
        12.43419,
        54.39216
       ],
       [
        12.44589,
        54.40101
       ],
       [
        12.45139,
        54.40519
       ],
       [
        12.4641,
        54.4181
       ],
       [
        12.46729,
        54.42245
       ],
       [
        12.47163,
        54.43049
       ],
       [
        12.47829,
        54.44393
       ],
       [
        12.49222,
        54.46693
       ],
       [
        12.49439,
        54.46973
       ],
       [
        12.50024,
        54.47591
       ],
       [
        12.50271,
        54.47777
       ],
       [
        12.51366,
        54.4835
       ],
       [
        12.51654,
        54.48435
       ],
       [
        12.51936,
        54.48465
       ],
       [
        12.52124,
        54.48464
       ],
       [
        12.52254,
        54.48436
       ],
       [
        12.52866,
        54.48274
       ],
       [
        12.52971,
        54.48231
       ],
       [
        12.53039,
        54.4818
       ],
       [
        12.53056,
        54.48112
       ],
       [
        12.53043,
        54.48039
       ],
       [
        12.52861,
        54.47584
       ],
       [
        12.52829,
        54.47519
       ],
       [
        12.52789,
        54.47457
       ],
       [
        12.52721,
        54.47395
       ],
       [
        12.52581,
        54.47102
       ],
       [
        12.53345,
        54.46432
       ],
       [
        12.53701,
        54.46232
       ],
       [
        12.54201,
        54.45997
       ],
       [
        12.54775,
        54.45747
       ],
       [
        12.54909,
        54.45708
       ],
       [
        12.55368,
        54.45574
       ],
       [
        12.56029,
        54.4545
       ],
       [
        12.56801,
        54.45375
       ],
       [
        12.59955,
        54.452
       ],
       [
        12.60627,
        54.45161
       ],
       [
        12.61226,
        54.45113
       ],
       [
        12.62275,
        54.44983
       ],
       [
        12.65606,
        54.44412
       ],
       [
        12.66242,
        54.4434
       ],
       [
        12.66717,
        54.44292
       ]
      ]
     ]
    ]
   }
  },
  {
   "type": "Feature",
   "properties": {
    "key": "sn",
    "name": "Sachsen",
    "bez": "Freistaat",
    "ars": "14",
    "nuts": "DED",
    "status": "lidar+alkis",
    "lidar_dgm1": true,
    "lidar_las": true,
    "lidar_script": "download_sn_lidar.sh",
    "lidar_bbox": true,
    "lidar_note": null,
    "alkis": "full",
    "alkis_engine": "aria2",
    "alkis_spatial": "package",
    "sample_bbox": "439,5639,444,5644",
    "sample_epsg": 25833,
    "sample_place": "Bad Schandau"
   },
   "geometry": {
    "type": "MultiPolygon",
    "coordinates": [
     [
      [
       [
        12.90084,
        51.64699
       ],
       [
        12.91309,
        51.64488
       ],
       [
        12.91395,
        51.64493
       ],
       [
        12.96224,
        51.65136
       ],
       [
        12.96477,
        51.66534
       ],
       [
        12.97672,
        51.66921
       ],
       [
        12.97806,
        51.66941
       ],
       [
        12.9784,
        51.66943
       ],
       [
        12.99473,
        51.66985
       ],
       [
        12.9962,
        51.66971
       ],
       [
        13.01289,
        51.66511
       ],
       [
        13.01802,
        51.65948
       ],
       [
        13.01872,
        51.65775
       ],
       [
        13.01935,
        51.65597
       ],
       [
        13.01887,
        51.6526
       ],
       [
        13.01692,
        51.64811
       ],
       [
        13.01682,
        51.64641
       ],
       [
        13.01767,
        51.64443
       ],
       [
        13.01854,
        51.64263
       ],
       [
        13.02444,
        51.63683
       ],
       [
        13.05073,
        51.64736
       ],
       [
        13.07756,
        51.62016
       ],
       [
        13.08418,
        51.6107
       ],
       [
        13.09714,
        51.60713
       ],
       [
        13.10392,
        51.60915
       ],
       [
        13.11552,
        51.61553
       ],
       [
        13.15525,
        51.60026
       ],
       [
        13.16154,
        51.59263
       ],
       [
        13.15087,
        51.57828
       ],
       [
        13.14303,
        51.5711
       ],
       [
        13.14787,
        51.5644
       ],
       [
        13.16045,
        51.5594
       ],
       [
        13.18936,
        51.53972
       ],
       [
        13.20758,
        51.52389
       ],
       [
        13.20847,
        51.5106
       ],
       [
        13.20782,
        51.50566
       ],
       [
        13.20122,
        51.49166
       ],
       [
        13.19877,
        51.48907
       ],
       [
        13.20256,
        51.46027
       ],
       [
        13.1924,
        51.44135
       ],
       [
        13.18808,
        51.42405
       ],
       [
        13.20152,
        51.41858
       ],
       [
        13.20828,
        51.40674
       ],
       [
        13.21296,
        51.39958
       ],
       [
        13.21442,
        51.39757
       ],
       [
        13.21594,
        51.39647
       ],
       [
        13.21697,
        51.39609
       ],
       [
        13.21826,
        51.39585
       ],
       [
        13.25073,
        51.39387
       ],
       [
        13.28567,
        51.3994
       ],
       [
        13.28532,
        51.4112
       ],
       [
        13.32729,
        51.43229
       ],
       [
        13.33406,
        51.43373
       ],
       [
        13.41042,
        51.44378
       ],
       [
        13.42772,
        51.42937
       ],
       [
        13.4325,
        51.4273
       ],
       [
        13.4639,
        51.41739
       ],
       [
        13.52029,
        51.40214
       ],
       [
        13.52376,
        51.38553
       ],
       [
        13.54198,
        51.36984
       ],
       [
        13.54499,
        51.36989
       ],
       [
        13.55394,
        51.3801
       ],
       [
        13.56859,
        51.38545
       ],
       [
        13.58828,
        51.38417
       ],
       [
        13.59522,
        51.36962
       ],
       [
        13.68264,
        51.36808
       ],
       [
        13.69004,
        51.37424
       ],
       [
        13.69489,
        51.37041
       ],
       [
        13.70363,
        51.36701
       ],
       [
        13.71704,
        51.36509
       ],
       [
        13.73875,
        51.3626
       ],
       [
        13.77639,
        51.36066
       ],
       [
        13.81935,
        51.37019
       ],
       [
        13.83502,
        51.37698
       ],
       [
        13.83388,
        51.38261
       ],
       [
        13.83492,
        51.38543
       ],
       [
        13.85986,
        51.3821
       ],
       [
        13.86438,
        51.38005
       ],
       [
        13.86706,
        51.37819
       ],
       [
        13.86965,
        51.37705
       ],
       [
        13.87131,
        51.37664
       ],
       [
        13.87872,
        51.37562
       ],
       [
        13.88177,
        51.37543
       ],
       [
        13.88438,
        51.37552
       ],
       [
        13.9077,
        51.37872
       ],
       [
        13.90977,
        51.37913
       ],
       [
        13.94366,
        51.39113
       ],
       [
        13.94496,
        51.39181
       ],
       [
        13.97104,
        51.38471
       ],
       [
        13.99976,
        51.3809
       ],
       [
        14.00363,
        51.39275
       ],
       [
        14.00456,
        51.39458
       ],
       [
        14.01594,
        51.40479
       ],
       [
        14.02089,
        51.40895
       ],
       [
        14.03772,
        51.41704
       ],
       [
        14.06347,
        51.44561
       ],
       [
        14.05637,
        51.45977
       ],
       [
        14.08852,
        51.47973
       ],
       [
        14.08946,
        51.49449
       ],
       [
        14.10065,
        51.51424
       ],
       [
        14.10581,
        51.52097
       ],
       [
        14.13705,
        51.5441
       ],
       [
        14.14314,
        51.54353
       ],
       [
        14.16307,
        51.54142
       ],
       [
        14.18998,
        51.54087
       ],
       [
        14.20952,
        51.5401
       ],
       [
        14.27074,
        51.53281
       ],
       [
        14.3021,
        51.52514
       ],
       [
        14.31076,
        51.52245
       ],
       [
        14.31393,
        51.52136
       ],
       [
        14.31662,
        51.52001
       ],
       [
        14.3186,
        51.51846
       ],
       [
        14.32012,
        51.51708
       ],
       [
        14.32242,
        51.51428
       ],
       [
        14.35381,
        51.52096
       ],
       [
        14.37687,
        51.53386
       ],
       [
        14.38659,
        51.54125
       ],
       [
        14.38718,
        51.54205
       ],
       [
        14.38816,
        51.54267
       ],
       [
        14.44114,
        51.54504
       ],
       [
        14.44765,
        51.54247
       ],
       [
        14.44621,
        51.549
       ],
       [
        14.44622,
        51.55132
       ],
       [
        14.44658,
        51.55281
       ],
       [
        14.44876,
        51.55516
       ],
       [
        14.45057,
        51.55614
       ],
       [
        14.45409,
        51.55723
       ],
       [
        14.50103,
        51.55973
       ],
       [
        14.51577,
        51.55488
       ],
       [
        14.54189,
        51.56032
       ],
       [
        14.54729,
        51.56396
       ],
       [
        14.5524,
        51.57239
       ],
       [
        14.56526,
        51.57934
       ],
       [
        14.57146,
        51.58007
       ],
       [
        14.58181,
        51.57974
       ],
       [
        14.59602,
        51.57369
       ],
       [
        14.59843,
        51.57259
       ],
       [
        14.60526,
        51.55477
       ],
       [
        14.60945,
        51.55057
       ],
       [
        14.63065,
        51.55087
       ],
       [
        14.6724,
        51.55164
       ],
       [
        14.67452,
        51.55173
       ],
       [
        14.68183,
        51.55465
       ],
       [
        14.68852,
        51.56033
       ],
       [
        14.70352,
        51.57678
       ],
       [
        14.70388,
        51.57774
       ],
       [
        14.70346,
        51.58074
       ],
       [
        14.72242,
        51.58371
       ],
       [
        14.72862,
        51.58193
       ],
       [
        14.71139,
        51.56348
       ],
       [
        14.71088,
        51.56267
       ],
       [
        14.71071,
        51.56179
       ],
       [
        14.71082,
        51.56086
       ],
       [
        14.71132,
        51.55991
       ],
       [
        14.72864,
        51.53185
       ],
       [
        14.72946,
        51.53105
       ],
       [
        14.7342,
        51.52701
       ],
       [
        14.73537,
        51.52623
       ],
       [
        14.73719,
        51.52558
       ],
       [
        14.7477,
        51.52288
       ],
       [
        14.74977,
        51.52241
       ],
       [
        14.76416,
        51.51924
       ],
       [
        14.76545,
        51.51906
       ],
       [
        14.77114,
        51.51864
       ],
       [
        14.83484,
        51.49966
       ],
       [
        14.84901,
        51.4911
       ],
       [
        14.8503,
        51.49038
       ],
       [
        14.87062,
        51.48544
       ],
       [
        14.87213,
        51.48525
       ],
       [
        14.87377,
        51.48535
       ],
       [
        14.87551,
        51.48559
       ],
       [
        14.88862,
        51.48689
       ],
       [
        14.91707,
        51.48332
       ],
       [
        14.91961,
        51.48297
       ],
       [
        14.92212,
        51.48233
       ],
       [
        14.94743,
        51.47206
       ],
       [
        14.94877,
        51.4711
       ],
       [
        14.95064,
        51.46971
       ],
       [
        14.95316,
        51.46711
       ],
       [
        14.95557,
        51.46416
       ],
       [
        14.96563,
        51.4485
       ],
       [
        14.9692,
        51.43279
       ],
       [
        14.96594,
        51.42542
       ],
       [
        14.96451,
        51.41304
       ],
       [
        14.96381,
        51.39297
       ],
       [
        14.96444,
        51.3867
       ],
       [
        14.97668,
        51.34173
       ],
       [
        14.99189,
        51.32357
       ],
       [
        14.99291,
        51.32262
       ],
       [
        14.99557,
        51.32152
       ],
       [
        14.9976,
        51.32077
       ],
       [
        15.00889,
        51.31366
       ],
       [
        15.03236,
        51.29442
       ],
       [
        15.03307,
        51.29358
       ],
       [
        15.03331,
        51.29275
       ],
       [
        15.03774,
        51.27125
       ],
       [
        15.02907,
        51.24237
       ],
       [
        15.02842,
        51.24214
       ],
       [
        15.02779,
        51.24159
       ],
       [
        15.01678,
        51.22799
       ],
       [
        15.01656,
        51.22722
       ],
       [
        15.01759,
        51.22046
       ],
       [
        15.01297,
        51.20964
       ],
       [
        14.9981,
        51.16505
       ],
       [
        14.99449,
        51.14426
       ],
       [
        14.9957,
        51.12246
       ],
       [
        14.99557,
        51.12183
       ],
       [
        14.97715,
        51.0775
       ],
       [
        14.97648,
        51.07699
       ],
       [
        14.97258,
        51.07518
       ],
       [
        14.97118,
        51.07456
       ],
       [
        14.96967,
        51.07375
       ],
       [
        14.96787,
        51.07234
       ],
       [
        14.96653,
        51.07079
       ],
       [
        14.96199,
        51.05732
       ],
       [
        14.96187,
        51.05655
       ],
       [
        14.96198,
        51.05577
       ],
       [
        14.96236,
        51.05478
       ],
       [
        14.9504,
        51.03764
       ],
       [
        14.93684,
        51.01759
       ],
       [
        14.91752,
        50.98868
       ],
       [
        14.91391,
        50.97385
       ],
       [
        14.88661,
        50.93481
       ],
       [
        14.87226,
        50.92643
       ],
       [
        14.82682,
        50.89227
       ],
       [
        14.82008,
        50.8872
       ],
       [
        14.81879,
        50.8859
       ],
       [
        14.8181,
        50.88497
       ],
       [
        14.81701,
        50.88319
       ],
       [
        14.81666,
        50.88128
       ],
       [
        14.81691,
        50.87947
       ],
       [
        14.81774,
        50.87648
       ],
       [
        14.81872,
        50.87447
       ],
       [
        14.81825,
        50.87314
       ],
       [
        14.81092,
        50.85237
       ],
       [
        14.80143,
        50.82812
       ],
       [
        14.79868,
        50.82237
       ],
       [
        14.79328,
        50.82063
       ],
       [
        14.76521,
        50.82036
       ],
       [
        14.76317,
        50.82042
       ],
       [
        14.75965,
        50.82445
       ],
       [
        14.71758,
        50.83426
       ],
       [
        14.68778,
        50.83909
       ],
       [
        14.64955,
        50.84879
       ],
       [
        14.64013,
        50.85154
       ],
       [
        14.61933,
        50.85814
       ],
       [
        14.61802,
        50.86585
       ],
       [
        14.63742,
        50.89871
       ],
       [
        14.6396,
        50.90091
       ],
       [
        14.64277,
        50.90243
       ],
       [
        14.64927,
        50.90556
       ],
       [
        14.65205,
        50.90691
       ],
       [
        14.65061,
        50.93266
       ],
       [
        14.6461,
        50.93256
       ],
       [
        14.61663,
        50.92538
       ],
       [
        14.60712,
        50.92209
       ],
       [
        14.60187,
        50.92027
       ],
       [
        14.5919,
        50.9168
       ],
       [
        14.5881,
        50.91602
       ],
       [
        14.58244,
        50.91487
       ],
       [
        14.56489,
        50.91946
       ],
       [
        14.56157,
        50.92732
       ],
       [
        14.56889,
        50.93583
       ],
       [
        14.57752,
        50.94097
       ],
       [
        14.57946,
        50.94213
       ],
       [
        14.57955,
        50.94219
       ],
       [
        14.5924,
        50.96161
       ],
       [
        14.59469,
        50.96508
       ],
       [
        14.59748,
        50.98195
       ],
       [
        14.5978,
        50.98633
       ],
       [
        14.56342,
        51.00952
       ],
       [
        14.52767,
        51.0184
       ],
       [
        14.51712,
        51.02013
       ],
       [
        14.4989,
        51.02252
       ],
       [
        14.50086,
        51.03024
       ],
       [
        14.50173,
        51.03359
       ],
       [
        14.50832,
        51.04336
       ],
       [
        14.50138,
        51.04618
       ],
       [
        14.50091,
        51.04627
       ],
       [
        14.50029,
        51.04638
       ],
       [
        14.49903,
        51.04639
       ],
       [
        14.49774,
        51.04606
       ],
       [
        14.49105,
        51.04326
       ],
       [
        14.49364,
        51.03744
       ],
       [
        14.49213,
        51.03059
       ],
       [
        14.4906,
        51.02368
       ],
       [
        14.47339,
        51.02627
       ],
       [
        14.47409,
        51.02945
       ],
       [
        14.46531,
        51.03522
       ],
       [
        14.45258,
        51.03625
       ],
       [
        14.44987,
        51.0348
       ],
       [
        14.42731,
        51.02272
       ],
       [
        14.41811,
        51.01964
       ],
       [
        14.40756,
        51.01958
       ],
       [
        14.33787,
        51.03917
       ],
       [
        14.33507,
        51.04016
       ],
       [
        14.33194,
        51.04213
       ],
       [
        14.31805,
        51.05392
       ],
       [
        14.31405,
        51.05527
       ],
       [
        14.30147,
        51.05532
       ],
       [
        14.291,
        51.0458
       ],
       [
        14.25773,
        50.99001
       ],
       [
        14.25837,
        50.98785
       ],
       [
        14.28598,
        50.9771
       ],
       [
        14.31279,
        50.95463
       ],
       [
        14.31378,
        50.95396
       ],
       [
        14.31533,
        50.95294
       ],
       [
        14.31859,
        50.95164
       ],
       [
        14.32242,
        50.95059
       ],
       [
        14.37385,
        50.94036
       ],
       [
        14.37498,
        50.94015
       ],
       [
        14.37786,
        50.94005
       ],
       [
        14.38781,
        50.94152
       ],
       [
        14.3961,
        50.93581
       ],
       [
        14.39854,
        50.93392
       ],
       [
        14.39951,
        50.93273
       ],
       [
        14.39994,
        50.93149
       ],
       [
        14.4012,
        50.92368
       ],
       [
        14.38638,
        50.90022
       ],
       [
        14.38555,
        50.89967
       ],
       [
        14.3845,
        50.89936
       ],
       [
        14.37133,
        50.89682
       ],
       [
        14.30408,
        50.88456
       ],
       [
        14.30311,
        50.88468
       ],
       [
        14.28901,
        50.88642
       ],
       [
        14.28238,
        50.89249
       ],
       [
        14.26846,
        50.89584
       ],
       [
        14.24385,
        50.88735
       ],
       [
        14.23494,
        50.88067
       ],
       [
        14.23522,
        50.8789
       ],
       [
        14.23514,
        50.87736
       ],
       [
        14.23485,
        50.87606
       ],
       [
        14.23405,
        50.87404
       ],
       [
        14.23401,
        50.87397
       ],
       [
        14.23309,
        50.87244
       ],
       [
        14.22965,
        50.86774
       ],
       [
        14.22326,
        50.85975
       ],
       [
        14.22235,
        50.85862
       ],
       [
        14.20237,
        50.85223
       ],
       [
        14.19964,
        50.85148
       ],
       [
        14.15973,
        50.8468
       ],
       [
        14.10101,
        50.82975
       ],
       [
        14.0878,
        50.82468
       ],
       [
        14.07814,
        50.81851
       ],
       [
        14.07777,
        50.81322
       ],
       [
        14.0649,
        50.81086
       ],
       [
        14.02331,
        50.80855
       ],
       [
        14.00331,
        50.81128
       ],
       [
        14.00063,
        50.81406
       ],
       [
        14.0,
        50.81455
       ],
       [
        13.99657,
        50.81719
       ],
       [
        13.99284,
        50.81917
       ],
       [
        13.95766,
        50.80918
       ],
       [
        13.94761,
        50.79342
       ],
       [
        13.93724,
        50.7899
       ],
       [
        13.92143,
        50.78977
       ],
       [
        13.90265,
        50.79376
       ],
       [
        13.89744,
        50.78889
       ],
       [
        13.89431,
        50.77898
       ],
       [
        13.90114,
        50.75457
       ],
       [
        13.90112,
        50.75201
       ],
       [
        13.89479,
        50.74261
       ],
       [
        13.85423,
        50.72704
       ],
       [
        13.84681,
        50.72544
       ],
       [
        13.84499,
        50.72522
       ],
       [
        13.82784,
        50.72407
       ],
       [
        13.82637,
        50.72407
       ],
       [
        13.82425,
        50.72463
       ],
       [
        13.82124,
        50.72625
       ],
       [
        13.80995,
        50.73242
       ],
       [
        13.80816,
        50.73307
       ],
       [
        13.77637,
        50.73644
       ],
       [
        13.77466,
        50.73655
       ],
       [
        13.75749,
        50.73506
       ],
       [
        13.75401,
        50.73225
       ],
       [
        13.75264,
        50.73144
       ],
       [
        13.75105,
        50.73076
       ],
       [
        13.74523,
        50.72869
       ],
       [
        13.74262,
        50.72835
       ],
       [
        13.68379,
        50.72263
       ],
       [
        13.68167,
        50.72431
       ],
       [
        13.68036,
        50.72525
       ],
       [
        13.66784,
        50.73081
       ],
       [
        13.66774,
        50.73084
       ],
       [
        13.66611,
        50.73123
       ],
       [
        13.6659,
        50.73126
       ],
       [
        13.66392,
        50.73137
       ],
       [
        13.66299,
        50.73132
       ],
       [
        13.66202,
        50.73124
       ],
       [
        13.65283,
        50.73048
       ],
       [
        13.64262,
        50.72942
       ],
       [
        13.64115,
        50.72897
       ],
       [
        13.62884,
        50.72346
       ],
       [
        13.62642,
        50.71596
       ],
       [
        13.59978,
        50.71021
       ],
       [
        13.58556,
        50.7129
       ],
       [
        13.55903,
        50.71442
       ],
       [
        13.55637,
        50.71451
       ],
       [
        13.55411,
        50.71431
       ],
       [
        13.5525,
        50.7139
       ],
       [
        13.52578,
        50.70526
       ],
       [
        13.52559,
        50.7027
       ],
       [
        13.52662,
        50.70055
       ],
       [
        13.52764,
        50.69897
       ],
       [
        13.52856,
        50.69806
       ],
       [
        13.52965,
        50.69729
       ],
       [
        13.53218,
        50.69615
       ],
       [
        13.53316,
        50.69556
       ],
       [
        13.53874,
        50.691
       ],
       [
        13.53932,
        50.6904
       ],
       [
        13.5398,
        50.68967
       ],
       [
        13.54397,
        50.67774
       ],
       [
        13.5439,
        50.67715
       ],
       [
        13.5242,
        50.63969
       ],
       [
        13.52352,
        50.63887
       ],
       [
        13.52209,
        50.63835
       ],
       [
        13.49819,
        50.63113
       ],
       [
        13.4946,
        50.62538
       ],
       [
        13.49352,
        50.62394
       ],
       [
        13.47662,
        50.61142
       ],
       [
        13.47194,
        50.60822
       ],
       [
        13.46617,
        50.60433
       ],
       [
        13.46416,
        50.6031
       ],
       [
        13.46259,
        50.60273
       ],
       [
        13.46097,
        50.60285
       ],
       [
        13.43055,
        50.61007
       ],
       [
        13.42887,
        50.61054
       ],
       [
        13.41482,
        50.616
       ],
       [
        13.41365,
        50.61675
       ],
       [
        13.41356,
        50.61681
       ],
       [
        13.41281,
        50.61761
       ],
       [
        13.41251,
        50.61896
       ],
       [
        13.41234,
        50.62118
       ],
       [
        13.41188,
        50.62222
       ],
       [
        13.40422,
        50.63244
       ],
       [
        13.40334,
        50.63313
       ],
       [
        13.39278,
        50.64096
       ],
       [
        13.38434,
        50.64361
       ],
       [
        13.37184,
        50.64704
       ],
       [
        13.37251,
        50.6459
       ],
       [
        13.37318,
        50.6443
       ],
       [
        13.37518,
        50.63756
       ],
       [
        13.37542,
        50.63676
       ],
       [
        13.3776,
        50.62831
       ],
       [
        13.37759,
        50.62723
       ],
       [
        13.37695,
        50.6264
       ],
       [
        13.36938,
        50.6182
       ],
       [
        13.36854,
        50.61767
       ],
       [
        13.36741,
        50.61733
       ],
       [
        13.35723,
        50.61531
       ],
       [
        13.34039,
        50.61158
       ],
       [
        13.32688,
        50.60732
       ],
       [
        13.32633,
        50.6071
       ],
       [
        13.32127,
        50.60125
       ],
       [
        13.321,
        50.60079
       ],
       [
        13.32233,
        50.58928
       ],
       [
        13.32246,
        50.58862
       ],
       [
        13.32474,
        50.58275
       ],
       [
        13.32476,
        50.58268
       ],
       [
        13.32494,
        50.58191
       ],
       [
        13.32465,
        50.58139
       ],
       [
        13.32361,
        50.58082
       ],
       [
        13.32256,
        50.58047
       ],
       [
        13.29346,
        50.5738
       ],
       [
        13.28518,
        50.5811
       ],
       [
        13.28236,
        50.59047
       ],
       [
        13.28141,
        50.59244
       ],
       [
        13.28022,
        50.59358
       ],
       [
        13.27801,
        50.59423
       ],
       [
        13.25848,
        50.59467
       ],
       [
        13.25541,
        50.59456
       ],
       [
        13.25245,
        50.59389
       ],
       [
        13.25014,
        50.59285
       ],
       [
        13.24943,
        50.59231
       ],
       [
        13.24063,
        50.58443
       ],
       [
        13.23491,
        50.57793
       ],
       [
        13.22538,
        50.56466
       ],
       [
        13.22493,
        50.56324
       ],
       [
        13.22444,
        50.56133
       ],
       [
        13.22367,
        50.55827
       ],
       [
        13.22383,
        50.55771
       ],
       [
        13.22415,
        50.55716
       ],
       [
        13.22492,
        50.55675
       ],
       [
        13.22552,
        50.55654
       ],
       [
        13.22736,
        50.55591
       ],
       [
        13.2282,
        50.55528
       ],
       [
        13.22873,
        50.55427
       ],
       [
        13.22885,
        50.55309
       ],
       [
        13.22853,
        50.55076
       ],
       [
        13.228,
        50.54937
       ],
       [
        13.19607,
        50.50275
       ],
       [
        13.17547,
        50.50357
       ],
       [
        13.13859,
        50.51105
       ],
       [
        13.10425,
        50.50319
       ],
       [
        13.08833,
        50.50055
       ],
       [
        13.08405,
        50.50051
       ],
       [
        13.0582,
        50.50033
       ],
       [
        13.05525,
        50.50136
       ],
       [
        13.04582,
        50.51057
       ],
       [
        13.04264,
        50.51081
       ],
       [
        13.03235,
        50.50791
       ],
       [
        13.03185,
        50.50736
       ],
       [
        13.02409,
        50.48545
       ],
       [
        13.02251,
        50.48044
       ],
       [
        13.02159,
        50.47747
       ],
       [
        13.02124,
        50.47603
       ],
       [
        13.02068,
        50.47143
       ],
       [
        13.02053,
        50.4651
       ],
       [
        13.02062,
        50.46233
       ],
       [
        13.02083,
        50.46068
       ],
       [
        13.01112,
        50.43977
       ],
       [
        12.98528,
        50.41879
       ],
       [
        12.9838,
        50.41791
       ],
       [
        12.98132,
        50.41692
       ],
       [
        12.97931,
        50.41638
       ],
       [
        12.97278,
        50.41469
       ],
       [
        12.94166,
        50.40725
       ],
       [
        12.90295,
        50.42161
       ],
       [
        12.89165,
        50.42873
       ],
       [
        12.85359,
        50.44376
       ],
       [
        12.84151,
        50.45103
       ],
       [
        12.82814,
        50.45576
       ],
       [
        12.81941,
        50.45829
       ],
       [
        12.79454,
        50.44788
       ],
       [
        12.7363,
        50.43062
       ],
       [
        12.73271,
        50.42954
       ],
       [
        12.71421,
        50.41172
       ],
       [
        12.70723,
        50.40402
       ],
       [
        12.69557,
        50.40011
       ],
       [
        12.6603,
        50.41004
       ],
       [
        12.60443,
        50.4066
       ],
       [
        12.58461,
        50.40604
       ],
       [
        12.5749,
        50.40179
       ],
       [
        12.57431,
        50.40154
       ],
       [
        12.57298,
        50.40105
       ],
       [
        12.56866,
        50.4
       ],
       [
        12.56482,
        50.39914
       ],
       [
        12.56111,
        50.39869
       ],
       [
        12.55789,
        50.39838
       ],
       [
        12.54463,
        50.39821
       ],
       [
        12.53539,
        50.39852
       ],
       [
        12.52441,
        50.39662
       ],
       [
        12.51366,
        50.39474
       ],
       [
        12.49299,
        50.3762
       ],
       [
        12.49185,
        50.37487
       ],
       [
        12.49128,
        50.37361
       ],
       [
        12.48936,
        50.36133
       ],
       [
        12.4636,
        50.35118
       ],
       [
        12.40055,
        50.32173
       ],
       [
        12.40008,
        50.32071
       ],
       [
        12.39934,
        50.31318
       ],
       [
        12.39903,
        50.30791
       ],
       [
        12.37123,
        50.28428
       ],
       [
        12.36648,
        50.2803
       ],
       [
        12.36267,
        50.2753
       ],
       [
        12.35288,
        50.26168
       ],
       [
        12.33085,
        50.2265
       ],
       [
        12.32421,
        50.20801
       ],
       [
        12.32562,
        50.20426
       ],
       [
        12.32665,
        50.20292
       ],
       [
        12.32835,
        50.20182
       ],
       [
        12.33156,
        50.2008
       ],
       [
        12.33248,
        50.20052
       ],
       [
        12.33253,
        50.20045
       ],
       [
        12.33754,
        50.19341
       ],
       [
        12.3362,
        50.17255
       ],
       [
        12.3345,
        50.17183
       ],
       [
        12.3327,
        50.17154
       ],
       [
        12.32219,
        50.17166
       ],
       [
        12.32019,
        50.17185
       ],
       [
        12.29496,
        50.17525
       ],
       [
        12.29343,
        50.17555
       ],
       [
        12.29059,
        50.1771
       ],
       [
        12.27752,
        50.19119
       ],
       [
        12.27466,
        50.19642
       ],
       [
        12.27675,
        50.19933
       ],
       [
        12.27982,
        50.1997
       ],
       [
        12.28218,
        50.20006
       ],
       [
        12.28458,
        50.2006
       ],
       [
        12.28643,
        50.2016
       ],
       [
        12.28713,
        50.20235
       ],
       [
        12.28774,
        50.20333
       ],
       [
        12.28898,
        50.21014
       ],
       [
        12.28733,
        50.22255
       ],
       [
        12.28317,
        50.22772
       ],
       [
        12.27417,
        50.23297
       ],
       [
        12.26674,
        50.23239
       ],
       [
        12.26506,
        50.23234
       ],
       [
        12.26285,
        50.23227
       ],
       [
        12.24064,
        50.24523
       ],
       [
        12.23978,
        50.24613
       ],
       [
        12.23952,
        50.24712
       ],
       [
        12.24189,
        50.2509
       ],
       [
        12.25046,
        50.25557
       ],
       [
        12.21242,
        50.26923
       ],
       [
        12.20008,
        50.27237
       ],
       [
        12.2005,
        50.28981
       ],
       [
        12.20186,
        50.30797
       ],
       [
        12.18486,
        50.32163
       ],
       [
        12.17691,
        50.32199
       ],
       [
        12.17679,
        50.32199
       ],
       [
        12.1055,
        50.32202
       ],
       [
        12.10059,
        50.31818
       ],
       [
        12.09742,
        50.32303
       ],
       [
        12.09124,
        50.33216
       ],
       [
        12.08783,
        50.33264
       ],
       [
        12.06431,
        50.33298
       ],
       [
        12.05686,
        50.33127
       ],
       [
        12.03099,
        50.33896
       ],
       [
        12.02745,
        50.34102
       ],
       [
        11.99674,
        50.35414
       ],
       [
        11.97954,
        50.34938
       ],
       [
        11.97594,
        50.3513
       ],
       [
        11.97777,
        50.36236
       ],
       [
        11.97915,
        50.36891
       ],
       [
        11.98445,
        50.37571
       ],
       [
        11.97755,
        50.38552
       ],
       [
        11.96919,
        50.39685
       ],
       [
        11.94538,
        50.41628
       ],
       [
        11.9342,
        50.42304
       ],
       [
        11.92202,
        50.42436
       ],
       [
        11.92681,
        50.42829
       ],
       [
        11.9277,
        50.43261
       ],
       [
        11.91336,
        50.43407
       ],
       [
        11.8992,
        50.43582
       ],
       [
        11.89057,
        50.44328
       ],
       [
        11.89427,
        50.44914
       ],
       [
        11.90501,
        50.45398
       ],
       [
        11.93703,
        50.45922
       ],
       [
        11.94306,
        50.45993
       ],
       [
        11.96562,
        50.48369
       ],
       [
        11.96527,
        50.4854
       ],
       [
        11.96451,
        50.48641
       ],
       [
        11.95774,
        50.49327
       ],
       [
        11.93319,
        50.51722
       ],
       [
        11.91891,
        50.51799
       ],
       [
        11.91092,
        50.51691
       ],
       [
        11.90023,
        50.51635
       ],
       [
        11.88718,
        50.51683
       ],
       [
        11.87231,
        50.53972
       ],
       [
        11.87425,
        50.54389
       ],
       [
        11.88347,
        50.55102
       ],
       [
        11.88532,
        50.55171
       ],
       [
        11.88798,
        50.5521
       ],
       [
        11.90806,
        50.55463
       ],
       [
        11.92487,
        50.56309
       ],
       [
        11.93331,
        50.56906
       ],
       [
        11.92984,
        50.57525
       ],
       [
        11.92423,
        50.58608
       ],
       [
        11.94482,
        50.59236
       ],
       [
        11.96396,
        50.59913
       ],
       [
        11.98018,
        50.60629
       ],
       [
        11.98872,
        50.61109
       ],
       [
        11.98358,
        50.6157
       ],
       [
        11.98007,
        50.62207
       ],
       [
        12.00045,
        50.63364
       ],
       [
        12.00994,
        50.63563
       ],
       [
        12.02158,
        50.62605
       ],
       [
        12.01888,
        50.62358
       ],
       [
        12.0111,
        50.61789
       ],
       [
        12.03124,
        50.59961
       ],
       [
        12.0365,
        50.59353
       ],
       [
        12.02923,
        50.57816
       ],
       [
        12.026,
        50.57342
       ],
       [
        12.01704,
        50.56731
       ],
       [
        12.03438,
        50.55288
       ],
       [
        12.04834,
        50.55316
       ],
       [
        12.07678,
        50.55522
       ],
       [
        12.07873,
        50.56872
       ],
       [
        12.07898,
        50.57669
       ],
       [
        12.0858,
        50.57815
       ],
       [
        12.10308,
        50.57706
       ],
       [
        12.11844,
        50.56722
       ],
       [
        12.13547,
        50.57343
       ],
       [
        12.15424,
        50.57288
       ],
       [
        12.15722,
        50.57374
       ],
       [
        12.15991,
        50.57479
       ],
       [
        12.16085,
        50.57832
       ],
       [
        12.16099,
        50.5792
       ],
       [
        12.1609,
        50.57992
       ],
       [
        12.15931,
        50.58419
       ],
       [
        12.15733,
        50.5851
       ],
       [
        12.14597,
        50.58544
       ],
       [
        12.14162,
        50.5824
       ],
       [
        12.12444,
        50.58531
       ],
       [
        12.11188,
        50.58844
       ],
       [
        12.11162,
        50.58868
       ],
       [
        12.11506,
        50.59505
       ],
       [
        12.11578,
        50.59611
       ],
       [
        12.14849,
        50.62933
       ],
       [
        12.15485,
        50.63115
       ],
       [
        12.16456,
        50.63101
       ],
       [
        12.1734,
        50.62346
       ],
       [
        12.17726,
        50.61287
       ],
       [
        12.1881,
        50.61306
       ],
       [
        12.23432,
        50.62758
       ],
       [
        12.26362,
        50.63024
       ],
       [
        12.29709,
        50.65101
       ],
       [
        12.3165,
        50.66377
       ],
       [
        12.31996,
        50.67794
       ],
       [
        12.32343,
        50.6823
       ],
       [
        12.31544,
        50.68685
       ],
       [
        12.30714,
        50.68376
       ],
       [
        12.28085,
        50.68586
       ],
       [
        12.2795,
        50.68605
       ],
       [
        12.27603,
        50.68656
       ],
       [
        12.26288,
        50.69502
       ],
       [
        12.25352,
        50.71552
       ],
       [
        12.26353,
        50.72012
       ],
       [
        12.27062,
        50.72614
       ],
       [
        12.27374,
        50.73072
       ],
       [
        12.26451,
        50.7384
       ],
       [
        12.24583,
        50.73477
       ],
       [
        12.24114,
        50.73446
       ],
       [
        12.23517,
        50.73482
       ],
       [
        12.22569,
        50.74377
       ],
       [
        12.23212,
        50.75899
       ],
       [
        12.24202,
        50.76815
       ],
       [
        12.24251,
        50.76802
       ],
       [
        12.24465,
        50.76524
       ],
       [
        12.25932,
        50.76121
       ],
       [
        12.26548,
        50.76087
       ],
       [
        12.28483,
        50.7739
       ],
       [
        12.2904,
        50.78306
       ],
       [
        12.28737,
        50.78951
       ],
       [
        12.2719,
        50.78736
       ],
       [
        12.26451,
        50.78725
       ],
       [
        12.26442,
        50.78725
       ],
       [
        12.25591,
        50.7886
       ],
       [
        12.25274,
        50.7891
       ],
       [
        12.25371,
        50.79905
       ],
       [
        12.24352,
        50.80902
       ],
       [
        12.25007,
        50.81435
       ],
       [
        12.25047,
        50.81842
       ],
       [
        12.2586,
        50.81123
       ],
       [
        12.27914,
        50.80934
       ],
       [
        12.34676,
        50.82314
       ],
       [
        12.34687,
        50.83709
       ],
       [
        12.34841,
        50.83881
       ],
       [
        12.37379,
        50.84866
       ],
       [
        12.37784,
        50.84957
       ],
       [
        12.38633,
        50.85068
       ],
       [
        12.40222,
        50.84878
       ],
       [
        12.40983,
        50.84724
       ],
       [
        12.42026,
        50.83923
       ],
       [
        12.44076,
        50.84636
       ],
       [
        12.44845,
        50.8545
       ],
       [
        12.44424,
        50.86231
       ],
       [
        12.4594,
        50.88064
       ],
       [
        12.48354,
        50.89377
       ],
       [
        12.48521,
        50.89413
       ],
       [
        12.52567,
        50.90267
       ],
       [
        12.55534,
        50.90633
       ],
       [
        12.56047,
        50.90583
       ],
       [
        12.56597,
        50.90265
       ],
       [
        12.57454,
        50.90143
       ],
       [
        12.64002,
        50.90367
       ],
       [
        12.6532,
        50.91983
       ],
       [
        12.65268,
        50.92408
       ],
       [
        12.65112,
        50.92416
       ],
       [
        12.64635,
        50.92585
       ],
       [
        12.64116,
        50.92929
       ],
       [
        12.63816,
        50.93226
       ],
       [
        12.63207,
        50.93926
       ],
       [
        12.62656,
        50.95232
       ],
       [
        12.62331,
        50.9626
       ],
       [
        12.61849,
        50.98093
       ],
       [
        12.61793,
        50.98336
       ],
       [
        12.60817,
        50.9955
       ],
       [
        12.60627,
        50.99707
       ],
       [
        12.59337,
        50.99091
       ],
       [
        12.57908,
        50.98824
       ],
       [
        12.57332,
        50.98961
       ],
       [
        12.55,
        50.99771
       ],
       [
        12.5413,
        51.00587
       ],
       [
        12.53889,
        51.0239
       ],
       [
        12.53065,
        51.02523
       ],
       [
        12.51957,
        51.02695
       ],
       [
        12.51499,
        51.0268
       ],
       [
        12.51548,
        51.01732
       ],
       [
        12.51139,
        51.01578
       ],
       [
        12.50659,
        51.01671
       ],
       [
        12.50335,
        51.03315
       ],
       [
        12.50164,
        51.05169
       ],
       [
        12.47063,
        51.06422
       ],
       [
        12.46316,
        51.06742
       ],
       [
        12.45993,
        51.08257
       ],
       [
        12.45745,
        51.08445
       ],
       [
        12.42119,
        51.07859
       ],
       [
        12.41304,
        51.07611
       ],
       [
        12.37534,
        51.07764
       ],
       [
        12.36142,
        51.08008
       ],
       [
        12.35527,
        51.08316
       ],
       [
        12.35513,
        51.08996
       ],
       [
        12.35515,
        51.09545
       ],
       [
        12.341,
        51.1012
       ],
       [
        12.33289,
        51.10394
       ],
       [
        12.33104,
        51.10378
       ],
       [
        12.30743,
        51.09451
       ],
       [
        12.28298,
        51.09272
       ],
       [
        12.28142,
        51.09471
       ],
       [
        12.2779,
        51.09906
       ],
       [
        12.26219,
        51.09982
       ],
       [
        12.25219,
        51.09933
       ],
       [
        12.23113,
        51.1034
       ],
       [
        12.22283,
        51.10994
       ],
       [
        12.22341,
        51.12012
       ],
       [
        12.22993,
        51.12429
       ],
       [
        12.23163,
        51.12397
       ],
       [
        12.23314,
        51.12385
       ],
       [
        12.23437,
        51.12405
       ],
       [
        12.23975,
        51.12663
       ],
       [
        12.24097,
        51.13018
       ],
       [
        12.22745,
        51.13675
       ],
       [
        12.1947,
        51.14174
       ],
       [
        12.19659,
        51.15968
       ],
       [
        12.20301,
        51.16901
       ],
       [
        12.20222,
        51.18405
       ],
       [
        12.19736,
        51.21622
       ],
       [
        12.19327,
        51.24144
       ],
       [
        12.1897,
        51.25739
       ],
       [
        12.17453,
        51.25844
       ],
       [
        12.16923,
        51.27217
       ],
       [
        12.16947,
        51.27683
       ],
       [
        12.16912,
        51.28572
       ],
       [
        12.16822,
        51.29333
       ],
       [
        12.15746,
        51.30373
       ],
       [
        12.14813,
        51.32005
       ],
       [
        12.16931,
        51.3283
       ],
       [
        12.17617,
        51.32598
       ],
       [
        12.1929,
        51.3306
       ],
       [
        12.19298,
        51.33231
       ],
       [
        12.19617,
        51.35515
       ],
       [
        12.19637,
        51.36038
       ],
       [
        12.19397,
        51.36953
       ],
       [
        12.19003,
        51.37892
       ],
       [
        12.18282,
        51.37881
       ],
       [
        12.17746,
        51.38676
       ],
       [
        12.17456,
        51.41013
       ],
       [
        12.18237,
        51.41071
       ],
       [
        12.18555,
        51.41523
       ],
       [
        12.18937,
        51.42157
       ],
       [
        12.18286,
        51.43353
       ],
       [
        12.17197,
        51.43508
       ],
       [
        12.17109,
        51.42982
       ],
       [
        12.17109,
        51.42977
       ],
       [
        12.15865,
        51.43184
       ],
       [
        12.15688,
        51.43213
       ],
       [
        12.1534,
        51.45744
       ],
       [
        12.17365,
        51.4682
       ],
       [
        12.20129,
        51.48508
       ],
       [
        12.20879,
        51.49845
       ],
       [
        12.20899,
        51.50378
       ],
       [
        12.19739,
        51.50393
       ],
       [
        12.19332,
        51.50728
       ],
       [
        12.19153,
        51.52043
       ],
       [
        12.19162,
        51.52452
       ],
       [
        12.19286,
        51.53184
       ],
       [
        12.20192,
        51.53492
       ],
       [
        12.20682,
        51.53527
       ],
       [
        12.22963,
        51.5479
       ],
       [
        12.23654,
        51.55294
       ],
       [
        12.25062,
        51.55935
       ],
       [
        12.29692,
        51.56119
       ],
       [
        12.31324,
        51.56893
       ],
       [
        12.32117,
        51.57877
       ],
       [
        12.33663,
        51.58684
       ],
       [
        12.348,
        51.58712
       ],
       [
        12.36961,
        51.58684
       ],
       [
        12.39053,
        51.58651
       ],
       [
        12.42529,
        51.5947
       ],
       [
        12.42827,
        51.59926
       ],
       [
        12.44164,
        51.60904
       ],
       [
        12.44279,
        51.60972
       ],
       [
        12.44399,
        51.61018
       ],
       [
        12.44576,
        51.61037
       ],
       [
        12.44723,
        51.61024
       ],
       [
        12.4701,
        51.60573
       ],
       [
        12.48613,
        51.601
       ],
       [
        12.49443,
        51.60142
       ],
       [
        12.54238,
        51.60636
       ],
       [
        12.57461,
        51.61644
       ],
       [
        12.57927,
        51.62615
       ],
       [
        12.5996,
        51.62462
       ],
       [
        12.61325,
        51.61515
       ],
       [
        12.61168,
        51.61441
       ],
       [
        12.60895,
        51.61214
       ],
       [
        12.61016,
        51.6106
       ],
       [
        12.63477,
        51.61662
       ],
       [
        12.66276,
        51.63061
       ],
       [
        12.67356,
        51.64792
       ],
       [
        12.6767,
        51.65471
       ],
       [
        12.67695,
        51.65535
       ],
       [
        12.6775,
        51.65625
       ],
       [
        12.67893,
        51.65771
       ],
       [
        12.68149,
        51.65948
       ],
       [
        12.68326,
        51.66054
       ],
       [
        12.68506,
        51.66148
       ],
       [
        12.68753,
        51.66237
       ],
       [
        12.69134,
        51.66341
       ],
       [
        12.71096,
        51.66204
       ],
       [
        12.71527,
        51.6615
       ],
       [
        12.72,
        51.66055
       ],
       [
        12.73673,
        51.65641
       ],
       [
        12.74874,
        51.65078
       ],
       [
        12.75082,
        51.65009
       ],
       [
        12.76398,
        51.64733
       ],
       [
        12.77335,
        51.64834
       ],
       [
        12.83147,
        51.67742
       ],
       [
        12.82974,
        51.68144
       ],
       [
        12.84142,
        51.68314
       ],
       [
        12.846,
        51.68211
       ],
       [
        12.86296,
        51.67458
       ],
       [
        12.86441,
        51.66484
       ],
       [
        12.86399,
        51.661
       ],
       [
        12.86546,
        51.65641
       ],
       [
        12.90084,
        51.64699
       ]
      ]
     ]
    ]
   }
  },
  {
   "type": "Feature",
   "properties": {
    "key": "st",
    "name": "Sachsen-Anhalt",
    "bez": "Land",
    "ars": "15",
    "nuts": "DEE",
    "status": "alkis only",
    "lidar_dgm1": true,
    "lidar_las": true,
    "lidar_script": null,
    "lidar_bbox": null,
    "lidar_note": "Statewide 3D-Messdaten is priced and on request; only two sample areas are open (download_st_lidar.sh). DGM1 UI caps selection at 5 tiles.",
    "alkis": "full",
    "alkis_engine": "wfs2",
    "alkis_spatial": "exact",
    "sample_bbox": "616,5738,621,5743",
    "sample_epsg": 25832,
    "sample_place": "Wernigerode"
   },
   "geometry": {
    "type": "MultiPolygon",
    "coordinates": [
     [
      [
       [
        11.63624,
        53.0068
       ],
       [
        11.64091,
        53.00601
       ],
       [
        11.67255,
        53.00938
       ],
       [
        11.67492,
        53.00926
       ],
       [
        11.67679,
        53.0085
       ],
       [
        11.67811,
        53.00756
       ],
       [
        11.67929,
        53.00639
       ],
       [
        11.68252,
        53.00131
       ],
       [
        11.68314,
        52.99956
       ],
       [
        11.68319,
        52.9972
       ],
       [
        11.68202,
        52.99108
       ],
       [
        11.68209,
        52.9896
       ],
       [
        11.68239,
        52.98792
       ],
       [
        11.68302,
        52.98663
       ],
       [
        11.68664,
        52.98195
       ],
       [
        11.68818,
        52.98008
       ],
       [
        11.68951,
        52.9791
       ],
       [
        11.69118,
        52.97822
       ],
       [
        11.69337,
        52.97765
       ],
       [
        11.69567,
        52.97729
       ],
       [
        11.69813,
        52.97719
       ],
       [
        11.70017,
        52.97734
       ],
       [
        11.70414,
        52.97863
       ],
       [
        11.71575,
        52.98306
       ],
       [
        11.72442,
        52.98639
       ],
       [
        11.72632,
        52.98709
       ],
       [
        11.73174,
        52.98878
       ],
       [
        11.73545,
        52.98923
       ],
       [
        11.7408,
        52.98938
       ],
       [
        11.7456,
        52.98872
       ],
       [
        11.74989,
        52.98774
       ],
       [
        11.75322,
        52.98651
       ],
       [
        11.75748,
        52.98474
       ],
       [
        11.75974,
        52.98348
       ],
       [
        11.76239,
        52.98199
       ],
       [
        11.76603,
        52.97935
       ],
       [
        11.76921,
        52.97609
       ],
       [
        11.77202,
        52.97216
       ],
       [
        11.77552,
        52.96797
       ],
       [
        11.77887,
        52.96455
       ],
       [
        11.78157,
        52.96255
       ],
       [
        11.78325,
        52.96133
       ],
       [
        11.7856,
        52.96039
       ],
       [
        11.78827,
        52.95989
       ],
       [
        11.79196,
        52.9593
       ],
       [
        11.79602,
        52.95871
       ],
       [
        11.80036,
        52.95828
       ],
       [
        11.80719,
        52.95812
       ],
       [
        11.81868,
        52.95844
       ],
       [
        11.82332,
        52.95839
       ],
       [
        11.82882,
        52.95762
       ],
       [
        11.83645,
        52.9553
       ],
       [
        11.84162,
        52.95305
       ],
       [
        11.84417,
        52.95113
       ],
       [
        11.84527,
        52.94902
       ],
       [
        11.84551,
        52.94708
       ],
       [
        11.8451,
        52.94363
       ],
       [
        11.84417,
        52.94126
       ],
       [
        11.84206,
        52.939
       ],
       [
        11.83779,
        52.93694
       ],
       [
        11.82969,
        52.93282
       ],
       [
        11.8245,
        52.92946
       ],
       [
        11.82164,
        52.92589
       ],
       [
        11.82052,
        52.92292
       ],
       [
        11.82072,
        52.91941
       ],
       [
        11.82274,
        52.91555
       ],
       [
        11.82718,
        52.91231
       ],
       [
        11.8322,
        52.91042
       ],
       [
        11.88505,
        52.89798
       ],
       [
        11.93313,
        52.89075
       ],
       [
        11.93784,
        52.88996
       ],
       [
        11.94235,
        52.88899
       ],
       [
        11.94633,
        52.88762
       ],
       [
        11.95017,
        52.88587
       ],
       [
        11.95296,
        52.88404
       ],
       [
        11.95633,
        52.8814
       ],
       [
        11.9751,
        52.87743
       ],
       [
        11.97756,
        52.87727
       ],
       [
        11.9802,
        52.8773
       ],
       [
        11.983,
        52.87759
       ],
       [
        12.00487,
        52.8827
       ],
       [
        12.00757,
        52.88766
       ],
       [
        12.01774,
        52.88994
       ],
       [
        12.02011,
        52.89044
       ],
       [
        12.03391,
        52.88893
       ],
       [
        12.06964,
        52.88426
       ],
       [
        12.08117,
        52.88136
       ],
       [
        12.11048,
        52.87588
       ],
       [
        12.11999,
        52.89358
       ],
       [
        12.12885,
        52.89203
       ],
       [
        12.12752,
        52.88973
       ],
       [
        12.12254,
        52.89052
       ],
       [
        12.12134,
        52.88817
       ],
       [
        12.11848,
        52.87623
       ],
       [
        12.12384,
        52.85546
       ],
       [
        12.12706,
        52.85315
       ],
       [
        12.17457,
        52.86546
       ],
       [
        12.1984,
        52.8734
       ],
       [
        12.23045,
        52.85343
       ],
       [
        12.25784,
        52.80517
       ],
       [
        12.25545,
        52.79876
       ],
       [
        12.24979,
        52.79366
       ],
       [
        12.24954,
        52.7925
       ],
       [
        12.24678,
        52.78974
       ],
       [
        12.24539,
        52.78876
       ],
       [
        12.24405,
        52.78821
       ],
       [
        12.24234,
        52.7881
       ],
       [
        12.22322,
        52.78746
       ],
       [
        12.21251,
        52.77393
       ],
       [
        12.20561,
        52.76307
       ],
       [
        12.20529,
        52.76197
       ],
       [
        12.20218,
        52.72333
       ],
       [
        12.22073,
        52.69176
       ],
       [
        12.22169,
        52.69032
       ],
       [
        12.22425,
        52.68986
       ],
       [
        12.22552,
        52.68984
       ],
       [
        12.22809,
        52.69055
       ],
       [
        12.22936,
        52.69083
       ],
       [
        12.23053,
        52.69085
       ],
       [
        12.23135,
        52.6905
       ],
       [
        12.23183,
        52.68996
       ],
       [
        12.2355,
        52.68044
       ],
       [
        12.2377,
        52.67462
       ],
       [
        12.23796,
        52.67348
       ],
       [
        12.23896,
        52.66659
       ],
       [
        12.23833,
        52.6454
       ],
       [
        12.2375,
        52.64091
       ],
       [
        12.22989,
        52.63058
       ],
       [
        12.2239,
        52.62757
       ],
       [
        12.20224,
        52.6199
       ],
       [
        12.19611,
        52.62015
       ],
       [
        12.18787,
        52.62231
       ],
       [
        12.16993,
        52.6278
       ],
       [
        12.16841,
        52.61725
       ],
       [
        12.17102,
        52.60795
       ],
       [
        12.17345,
        52.59742
       ],
       [
        12.17632,
        52.57738
       ],
       [
        12.16004,
        52.56237
       ],
       [
        12.1588,
        52.56097
       ],
       [
        12.14302,
        52.53735
       ],
       [
        12.14295,
        52.53669
       ],
       [
        12.14241,
        52.53011
       ],
       [
        12.14264,
        52.52976
       ],
       [
        12.14304,
        52.52953
       ],
       [
        12.15166,
        52.52983
       ],
       [
        12.15263,
        52.5299
       ],
       [
        12.15353,
        52.53015
       ],
       [
        12.16779,
        52.51486
       ],
       [
        12.17112,
        52.50624
       ],
       [
        12.18703,
        52.49732
       ],
       [
        12.20086,
        52.49774
       ],
       [
        12.20215,
        52.49786
       ],
       [
        12.22138,
        52.50123
       ],
       [
        12.22199,
        52.50159
       ],
       [
        12.22603,
        52.50484
       ],
       [
        12.22672,
        52.50595
       ],
       [
        12.22686,
        52.50684
       ],
       [
        12.22657,
        52.50774
       ],
       [
        12.22589,
        52.50851
       ],
       [
        12.22406,
        52.51002
       ],
       [
        12.2236,
        52.51082
       ],
       [
        12.22352,
        52.51182
       ],
       [
        12.22394,
        52.51277
       ],
       [
        12.23161,
        52.52315
       ],
       [
        12.23223,
        52.52383
       ],
       [
        12.2335,
        52.52437
       ],
       [
        12.23497,
        52.52458
       ],
       [
        12.23632,
        52.52446
       ],
       [
        12.25583,
        52.51978
       ],
       [
        12.25689,
        52.51932
       ],
       [
        12.25745,
        52.51867
       ],
       [
        12.25796,
        52.51784
       ],
       [
        12.25799,
        52.51694
       ],
       [
        12.25763,
        52.51338
       ],
       [
        12.25769,
        52.51236
       ],
       [
        12.26185,
        52.49598
       ],
       [
        12.27128,
        52.48833
       ],
       [
        12.27854,
        52.48707
       ],
       [
        12.28457,
        52.49285
       ],
       [
        12.29565,
        52.4956
       ],
       [
        12.301,
        52.49535
       ],
       [
        12.31357,
        52.49061
       ],
       [
        12.31526,
        52.47609
       ],
       [
        12.31669,
        52.45397
       ],
       [
        12.30323,
        52.44141
       ],
       [
        12.28932,
        52.42261
       ],
       [
        12.29372,
        52.40717
       ],
       [
        12.30137,
        52.37999
       ],
       [
        12.29855,
        52.37203
       ],
       [
        12.289,
        52.3706
       ],
       [
        12.28342,
        52.36595
       ],
       [
        12.29725,
        52.35163
       ],
       [
        12.30864,
        52.34617
       ],
       [
        12.2902,
        52.32463
       ],
       [
        12.2884,
        52.32326
       ],
       [
        12.2842,
        52.32197
       ],
       [
        12.28262,
        52.32064
       ],
       [
        12.28104,
        52.31917
       ],
       [
        12.26324,
        52.29722
       ],
       [
        12.26293,
        52.29675
       ],
       [
        12.25262,
        52.27619
       ],
       [
        12.25143,
        52.27324
       ],
       [
        12.24397,
        52.24682
       ],
       [
        12.24982,
        52.24563
       ],
       [
        12.25788,
        52.24494
       ],
       [
        12.26909,
        52.24137
       ],
       [
        12.27411,
        52.23907
       ],
       [
        12.2955,
        52.22922
       ],
       [
        12.27527,
        52.21552
       ],
       [
        12.25989,
        52.21661
       ],
       [
        12.25483,
        52.21418
       ],
       [
        12.24697,
        52.21035
       ],
       [
        12.21962,
        52.1762
       ],
       [
        12.21668,
        52.17037
       ],
       [
        12.23743,
        52.14913
       ],
       [
        12.24294,
        52.14037
       ],
       [
        12.27577,
        52.10433
       ],
       [
        12.27673,
        52.10402
       ],
       [
        12.27783,
        52.10367
       ],
       [
        12.28208,
        52.10231
       ],
       [
        12.29746,
        52.0974
       ],
       [
        12.29893,
        52.09707
       ],
       [
        12.30848,
        52.09492
       ],
       [
        12.31198,
        52.09413
       ],
       [
        12.31291,
        52.09361
       ],
       [
        12.31392,
        52.09304
       ],
       [
        12.31659,
        52.08997
       ],
       [
        12.31769,
        52.08871
       ],
       [
        12.31955,
        52.08567
       ],
       [
        12.32069,
        52.08379
       ],
       [
        12.3259,
        52.07523
       ],
       [
        12.32982,
        52.0688
       ],
       [
        12.33039,
        52.06787
       ],
       [
        12.33147,
        52.06707
       ],
       [
        12.33239,
        52.06639
       ],
       [
        12.33329,
        52.06573
       ],
       [
        12.33425,
        52.06502
       ],
       [
        12.33472,
        52.06468
       ],
       [
        12.35838,
        52.04726
       ],
       [
        12.35919,
        52.04693
       ],
       [
        12.36024,
        52.0465
       ],
       [
        12.37422,
        52.04077
       ],
       [
        12.37617,
        52.03997
       ],
       [
        12.42894,
        52.01832
       ],
       [
        12.43058,
        52.01799
       ],
       [
        12.4358,
        52.01698
       ],
       [
        12.44835,
        52.01678
       ],
       [
        12.45081,
        52.01884
       ],
       [
        12.45216,
        52.02443
       ],
       [
        12.46071,
        52.03476
       ],
       [
        12.46662,
        52.03491
       ],
       [
        12.47996,
        52.03344
       ],
       [
        12.48046,
        52.02945
       ],
       [
        12.48467,
        52.01798
       ],
       [
        12.49408,
        52.01131
       ],
       [
        12.50062,
        52.00883
       ],
       [
        12.5055,
        52.00751
       ],
       [
        12.53595,
        52.00299
       ],
       [
        12.53711,
        52.0
       ],
       [
        12.53877,
        51.99226
       ],
       [
        12.54033,
        51.98494
       ],
       [
        12.60291,
        51.98184
       ],
       [
        12.6166,
        51.98223
       ],
       [
        12.64462,
        51.99511
       ],
       [
        12.64602,
        52.00001
       ],
       [
        12.64831,
        52.00772
       ],
       [
        12.6542,
        52.01218
       ],
       [
        12.65623,
        52.01269
       ],
       [
        12.66072,
        52.0127
       ],
       [
        12.66845,
        52.01267
       ],
       [
        12.67136,
        52.01191
       ],
       [
        12.67367,
        52.00972
       ],
       [
        12.67971,
        52.00485
       ],
       [
        12.68387,
        52.00342
       ],
       [
        12.73015,
        51.98887
       ],
       [
        12.76198,
        51.98017
       ],
       [
        12.76938,
        51.97882
       ],
       [
        12.77671,
        51.96543
       ],
       [
        12.78355,
        51.96382
       ],
       [
        12.78987,
        51.96292
       ],
       [
        12.79568,
        51.96212
       ],
       [
        12.80255,
        51.96216
       ],
       [
        12.81161,
        51.96227
       ],
       [
        12.82017,
        51.96289
       ],
       [
        12.82537,
        51.9638
       ],
       [
        12.83385,
        51.96745
       ],
       [
        12.84418,
        51.96808
       ],
       [
        12.84909,
        51.95791
       ],
       [
        12.85167,
        51.94646
       ],
       [
        12.85116,
        51.9354
       ],
       [
        12.88775,
        51.92773
       ],
       [
        12.89242,
        51.92785
       ],
       [
        12.91637,
        51.93288
       ],
       [
        12.91798,
        51.93934
       ],
       [
        12.95813,
        51.93561
       ],
       [
        12.97564,
        51.92054
       ],
       [
        12.98657,
        51.90314
       ],
       [
        13.00362,
        51.90349
       ],
       [
        13.02194,
        51.90364
       ],
       [
        13.04559,
        51.9001
       ],
       [
        13.04789,
        51.89177
       ],
       [
        13.03931,
        51.87973
       ],
       [
        13.03223,
        51.88019
       ],
       [
        13.02788,
        51.88048
       ],
       [
        13.028,
        51.87868
       ],
       [
        13.02803,
        51.87862
       ],
       [
        13.03227,
        51.87539
       ],
       [
        13.03909,
        51.8707
       ],
       [
        13.08148,
        51.86802
       ],
       [
        13.11884,
        51.87677
       ],
       [
        13.11862,
        51.88247
       ],
       [
        13.13153,
        51.88218
       ],
       [
        13.13922,
        51.87953
       ],
       [
        13.15047,
        51.87125
       ],
       [
        13.15323,
        51.86061
       ],
       [
        13.1222,
        51.85776
       ],
       [
        13.12304,
        51.85352
       ],
       [
        13.13695,
        51.83156
       ],
       [
        13.14288,
        51.82612
       ],
       [
        13.14883,
        51.82086
       ],
       [
        13.163,
        51.80527
       ],
       [
        13.17051,
        51.78661
       ],
       [
        13.16925,
        51.78167
       ],
       [
        13.15954,
        51.77645
       ],
       [
        13.14869,
        51.76826
       ],
       [
        13.14869,
        51.76795
       ],
       [
        13.1487,
        51.75995
       ],
       [
        13.15665,
        51.74841
       ],
       [
        13.16692,
        51.73925
       ],
       [
        13.17672,
        51.73316
       ],
       [
        13.18484,
        51.72257
       ],
       [
        13.18656,
        51.71654
       ],
       [
        13.16077,
        51.69244
       ],
       [
        13.15135,
        51.68646
       ],
       [
        13.14292,
        51.68271
       ],
       [
        13.12528,
        51.6749
       ],
       [
        13.05073,
        51.64736
       ],
       [
        13.02444,
        51.63683
       ],
       [
        13.01854,
        51.64263
       ],
       [
        13.01767,
        51.64443
       ],
       [
        13.01682,
        51.64641
       ],
       [
        13.01692,
        51.64811
       ],
       [
        13.01887,
        51.6526
       ],
       [
        13.01935,
        51.65597
       ],
       [
        13.01872,
        51.65775
       ],
       [
        13.01802,
        51.65948
       ],
       [
        13.01289,
        51.66511
       ],
       [
        12.9962,
        51.66971
       ],
       [
        12.99473,
        51.66985
       ],
       [
        12.9784,
        51.66943
       ],
       [
        12.97806,
        51.66941
       ],
       [
        12.97672,
        51.66921
       ],
       [
        12.96477,
        51.66534
       ],
       [
        12.96224,
        51.65136
       ],
       [
        12.91395,
        51.64493
       ],
       [
        12.91309,
        51.64488
       ],
       [
        12.90084,
        51.64699
       ],
       [
        12.86546,
        51.65641
       ],
       [
        12.86399,
        51.661
       ],
       [
        12.86441,
        51.66484
       ],
       [
        12.86296,
        51.67458
       ],
       [
        12.846,
        51.68211
       ],
       [
        12.84142,
        51.68314
       ],
       [
        12.82974,
        51.68144
       ],
       [
        12.83147,
        51.67742
       ],
       [
        12.77335,
        51.64834
       ],
       [
        12.76398,
        51.64733
       ],
       [
        12.75082,
        51.65009
       ],
       [
        12.74874,
        51.65078
       ],
       [
        12.73673,
        51.65641
       ],
       [
        12.72,
        51.66055
       ],
       [
        12.71527,
        51.6615
       ],
       [
        12.71096,
        51.66204
       ],
       [
        12.69134,
        51.66341
       ],
       [
        12.68753,
        51.66237
       ],
       [
        12.68506,
        51.66148
       ],
       [
        12.68326,
        51.66054
       ],
       [
        12.68149,
        51.65948
       ],
       [
        12.67893,
        51.65771
       ],
       [
        12.6775,
        51.65625
       ],
       [
        12.67695,
        51.65535
       ],
       [
        12.6767,
        51.65471
       ],
       [
        12.67356,
        51.64792
       ],
       [
        12.66276,
        51.63061
       ],
       [
        12.63477,
        51.61662
       ],
       [
        12.61016,
        51.6106
       ],
       [
        12.60895,
        51.61214
       ],
       [
        12.61168,
        51.61441
       ],
       [
        12.61325,
        51.61515
       ],
       [
        12.5996,
        51.62462
       ],
       [
        12.57927,
        51.62615
       ],
       [
        12.57461,
        51.61644
       ],
       [
        12.54238,
        51.60636
       ],
       [
        12.49443,
        51.60142
       ],
       [
        12.48613,
        51.601
       ],
       [
        12.4701,
        51.60573
       ],
       [
        12.44723,
        51.61024
       ],
       [
        12.44576,
        51.61037
       ],
       [
        12.44399,
        51.61018
       ],
       [
        12.44279,
        51.60972
       ],
       [
        12.44164,
        51.60904
       ],
       [
        12.42827,
        51.59926
       ],
       [
        12.42529,
        51.5947
       ],
       [
        12.39053,
        51.58651
       ],
       [
        12.36961,
        51.58684
       ],
       [
        12.348,
        51.58712
       ],
       [
        12.33663,
        51.58684
       ],
       [
        12.32117,
        51.57877
       ],
       [
        12.31324,
        51.56893
       ],
       [
        12.29692,
        51.56119
       ],
       [
        12.25062,
        51.55935
       ],
       [
        12.23654,
        51.55294
       ],
       [
        12.22963,
        51.5479
       ],
       [
        12.20682,
        51.53527
       ],
       [
        12.20192,
        51.53492
       ],
       [
        12.19286,
        51.53184
       ],
       [
        12.19162,
        51.52452
       ],
       [
        12.19153,
        51.52043
       ],
       [
        12.19332,
        51.50728
       ],
       [
        12.19739,
        51.50393
       ],
       [
        12.20899,
        51.50378
       ],
       [
        12.20879,
        51.49845
       ],
       [
        12.20129,
        51.48508
       ],
       [
        12.17365,
        51.4682
       ],
       [
        12.1534,
        51.45744
       ],
       [
        12.15688,
        51.43213
       ],
       [
        12.15865,
        51.43184
       ],
       [
        12.17109,
        51.42977
       ],
       [
        12.17109,
        51.42982
       ],
       [
        12.17197,
        51.43508
       ],
       [
        12.18286,
        51.43353
       ],
       [
        12.18937,
        51.42157
       ],
       [
        12.18555,
        51.41523
       ],
       [
        12.18237,
        51.41071
       ],
       [
        12.17456,
        51.41013
       ],
       [
        12.17746,
        51.38676
       ],
       [
        12.18282,
        51.37881
       ],
       [
        12.19003,
        51.37892
       ],
       [
        12.19397,
        51.36953
       ],
       [
        12.19637,
        51.36038
       ],
       [
        12.19617,
        51.35515
       ],
       [
        12.19298,
        51.33231
       ],
       [
        12.1929,
        51.3306
       ],
       [
        12.17617,
        51.32598
       ],
       [
        12.16931,
        51.3283
       ],
       [
        12.14813,
        51.32005
       ],
       [
        12.15746,
        51.30373
       ],
       [
        12.16822,
        51.29333
       ],
       [
        12.16912,
        51.28572
       ],
       [
        12.16947,
        51.27683
       ],
       [
        12.16923,
        51.27217
       ],
       [
        12.17453,
        51.25844
       ],
       [
        12.1897,
        51.25739
       ],
       [
        12.19327,
        51.24144
       ],
       [
        12.19736,
        51.21622
       ],
       [
        12.20222,
        51.18405
       ],
       [
        12.20301,
        51.16901
       ],
       [
        12.19659,
        51.15968
       ],
       [
        12.1947,
        51.14174
       ],
       [
        12.22745,
        51.13675
       ],
       [
        12.24097,
        51.13018
       ],
       [
        12.23975,
        51.12663
       ],
       [
        12.23437,
        51.12405
       ],
       [
        12.23314,
        51.12385
       ],
       [
        12.23163,
        51.12397
       ],
       [
        12.22993,
        51.12429
       ],
       [
        12.22341,
        51.12012
       ],
       [
        12.22283,
        51.10994
       ],
       [
        12.23113,
        51.1034
       ],
       [
        12.25219,
        51.09933
       ],
       [
        12.26219,
        51.09982
       ],
       [
        12.2779,
        51.09906
       ],
       [
        12.28142,
        51.09471
       ],
       [
        12.28298,
        51.09272
       ],
       [
        12.28267,
        51.08448
       ],
       [
        12.25837,
        51.06642
       ],
       [
        12.24939,
        51.04419
       ],
       [
        12.24907,
        51.03752
       ],
       [
        12.26585,
        51.03816
       ],
       [
        12.28099,
        51.04012
       ],
       [
        12.28591,
        51.0394
       ],
       [
        12.29253,
        51.03109
       ],
       [
        12.29097,
        51.01912
       ],
       [
        12.28925,
        51.01645
       ],
       [
        12.26544,
        50.99293
       ],
       [
        12.26071,
        50.98911
       ],
       [
        12.25763,
        50.98663
       ],
       [
        12.2404,
        50.97647
       ],
       [
        12.23869,
        50.97347
       ],
       [
        12.23374,
        50.96162
       ],
       [
        12.24112,
        50.96039
       ],
       [
        12.24168,
        50.95923
       ],
       [
        12.24177,
        50.95788
       ],
       [
        12.24158,
        50.95699
       ],
       [
        12.24135,
        50.95614
       ],
       [
        12.24062,
        50.95476
       ],
       [
        12.2397,
        50.95361
       ],
       [
        12.22578,
        50.94384
       ],
       [
        12.22219,
        50.94284
       ],
       [
        12.21354,
        50.938
       ],
       [
        12.19883,
        50.95616
       ],
       [
        12.1827,
        50.97663
       ],
       [
        12.18142,
        50.97679
       ],
       [
        12.1714,
        50.97241
       ],
       [
        12.16925,
        50.97128
       ],
       [
        12.16255,
        50.96689
       ],
       [
        12.16425,
        50.9588
       ],
       [
        12.14442,
        50.96281
       ],
       [
        12.12609,
        50.96784
       ],
       [
        12.10386,
        50.97456
       ],
       [
        12.09192,
        50.97715
       ],
       [
        12.03719,
        50.97269
       ],
       [
        12.03334,
        50.97224
       ],
       [
        12.01807,
        50.96757
       ],
       [
        12.0175,
        50.97723
       ],
       [
        12.01469,
        50.98409
       ],
       [
        11.9792,
        51.0149
       ],
       [
        11.97266,
        51.01876
       ],
       [
        11.90441,
        51.04812
       ],
       [
        11.88524,
        51.05552
       ],
       [
        11.88309,
        51.05625
       ],
       [
        11.87818,
        51.05768
       ],
       [
        11.83136,
        51.05182
       ],
       [
        11.8056,
        51.04594
       ],
       [
        11.77343,
        51.05199
       ],
       [
        11.75319,
        51.05696
       ],
       [
        11.71375,
        51.07042
       ],
       [
        11.70087,
        51.07832
       ],
       [
        11.69846,
        51.08761
       ],
       [
        11.69725,
        51.09244
       ],
       [
        11.69283,
        51.09952
       ],
       [
        11.66691,
        51.11158
       ],
       [
        11.64438,
        51.10972
       ],
       [
        11.60399,
        51.11311
       ],
       [
        11.57352,
        51.11803
       ],
       [
        11.56762,
        51.1179
       ],
       [
        11.55133,
        51.11228
       ],
       [
        11.54511,
        51.1027
       ],
       [
        11.48576,
        51.1023
       ],
       [
        11.48476,
        51.10494
       ],
       [
        11.47771,
        51.10765
       ],
       [
        11.46421,
        51.11305
       ],
       [
        11.45863,
        51.13766
       ],
       [
        11.47189,
        51.14842
       ],
       [
        11.47539,
        51.15203
       ],
       [
        11.48577,
        51.1662
       ],
       [
        11.48641,
        51.16912
       ],
       [
        11.44555,
        51.20836
       ],
       [
        11.43161,
        51.21198
       ],
       [
        11.43037,
        51.21222
       ],
       [
        11.42817,
        51.21254
       ],
       [
        11.4083,
        51.20804
       ],
       [
        11.38835,
        51.20957
       ],
       [
        11.36539,
        51.2215
       ],
       [
        11.36762,
        51.23041
       ],
       [
        11.37643,
        51.23897
       ],
       [
        11.38294,
        51.24428
       ],
       [
        11.3841,
        51.24503
       ],
       [
        11.3873,
        51.24623
       ],
       [
        11.39602,
        51.23694
       ],
       [
        11.39923,
        51.23687
       ],
       [
        11.40253,
        51.23681
       ],
       [
        11.42012,
        51.2458
       ],
       [
        11.46751,
        51.28922
       ],
       [
        11.47507,
        51.29666
       ],
       [
        11.47494,
        51.29925
       ],
       [
        11.45069,
        51.31363
       ],
       [
        11.43378,
        51.32122
       ],
       [
        11.42455,
        51.3271
       ],
       [
        11.4198,
        51.33306
       ],
       [
        11.41985,
        51.3359
       ],
       [
        11.42905,
        51.34189
       ],
       [
        11.41413,
        51.34211
       ],
       [
        11.40192,
        51.3494
       ],
       [
        11.39654,
        51.3744
       ],
       [
        11.37604,
        51.38551
       ],
       [
        11.36441,
        51.38415
       ],
       [
        11.3611,
        51.38381
       ],
       [
        11.34666,
        51.38555
       ],
       [
        11.33036,
        51.39057
       ],
       [
        11.32931,
        51.40098
       ],
       [
        11.32142,
        51.41086
       ],
       [
        11.3042,
        51.40672
       ],
       [
        11.28467,
        51.40223
       ],
       [
        11.27446,
        51.40056
       ],
       [
        11.25298,
        51.40043
       ],
       [
        11.24644,
        51.40159
       ],
       [
        11.23026,
        51.40527
       ],
       [
        11.20896,
        51.40726
       ],
       [
        11.20171,
        51.40563
       ],
       [
        11.1526,
        51.40168
       ],
       [
        11.12579,
        51.4071
       ],
       [
        11.12723,
        51.41254
       ],
       [
        11.11799,
        51.41619
       ],
       [
        11.07146,
        51.42807
       ],
       [
        11.06185,
        51.42954
       ],
       [
        11.05697,
        51.42944
       ],
       [
        11.05354,
        51.4291
       ],
       [
        11.04845,
        51.42632
       ],
       [
        11.0353,
        51.42186
       ],
       [
        11.02286,
        51.41816
       ],
       [
        11.01936,
        51.41755
       ],
       [
        11.01086,
        51.4169
       ],
       [
        11.00424,
        51.41686
       ],
       [
        10.99774,
        51.41733
       ],
       [
        10.99268,
        51.41772
       ],
       [
        10.99568,
        51.42
       ],
       [
        11.00895,
        51.42901
       ],
       [
        10.97871,
        51.42783
       ],
       [
        10.97941,
        51.43242
       ],
       [
        10.97213,
        51.45392
       ],
       [
        10.97299,
        51.48175
       ],
       [
        10.95853,
        51.49227
       ],
       [
        10.94572,
        51.49861
       ],
       [
        10.93207,
        51.51805
       ],
       [
        10.93492,
        51.53285
       ],
       [
        10.89563,
        51.56005
       ],
       [
        10.88062,
        51.57955
       ],
       [
        10.8881,
        51.59696
       ],
       [
        10.89225,
        51.60163
       ],
       [
        10.89538,
        51.60281
       ],
       [
        10.89576,
        51.59696
       ],
       [
        10.89873,
        51.59481
       ],
       [
        10.90291,
        51.59343
       ],
       [
        10.91302,
        51.59316
       ],
       [
        10.92431,
        51.59306
       ],
       [
        10.93003,
        51.59308
       ],
       [
        10.93418,
        51.59662
       ],
       [
        10.93478,
        51.59719
       ],
       [
        10.9352,
        51.59778
       ],
       [
        10.93665,
        51.60053
       ],
       [
        10.93709,
        51.60156
       ],
       [
        10.9372,
        51.60244
       ],
       [
        10.93676,
        51.60343
       ],
       [
        10.92304,
        51.6163
       ],
       [
        10.91713,
        51.61783
       ],
       [
        10.89515,
        51.61114
       ],
       [
        10.86498,
        51.62927
       ],
       [
        10.86161,
        51.63108
       ],
       [
        10.86061,
        51.6316
       ],
       [
        10.85972,
        51.63189
       ],
       [
        10.81751,
        51.64102
       ],
       [
        10.81662,
        51.64119
       ],
       [
        10.81568,
        51.64127
       ],
       [
        10.81457,
        51.6413
       ],
       [
        10.78877,
        51.64175
       ],
       [
        10.762,
        51.64907
       ],
       [
        10.72113,
        51.64429
       ],
       [
        10.70089,
        51.64161
       ],
       [
        10.699,
        51.64224
       ],
       [
        10.69637,
        51.64311
       ],
       [
        10.69471,
        51.64382
       ],
       [
        10.69378,
        51.64446
       ],
       [
        10.69255,
        51.64536
       ],
       [
        10.69138,
        51.64649
       ],
       [
        10.67119,
        51.66751
       ],
       [
        10.67079,
        51.66826
       ],
       [
        10.66704,
        51.67982
       ],
       [
        10.66359,
        51.69082
       ],
       [
        10.6686,
        51.69614
       ],
       [
        10.63135,
        51.73961
       ],
       [
        10.60628,
        51.762
       ],
       [
        10.59186,
        51.76765
       ],
       [
        10.57974,
        51.78222
       ],
       [
        10.57605,
        51.81398
       ],
       [
        10.57622,
        51.84307
       ],
       [
        10.57642,
        51.84367
       ],
       [
        10.57856,
        51.84818
       ],
       [
        10.5792,
        51.84886
       ],
       [
        10.58093,
        51.8503
       ],
       [
        10.58232,
        51.85144
       ],
       [
        10.58323,
        51.85201
       ],
       [
        10.58426,
        51.85251
       ],
       [
        10.60635,
        51.86125
       ],
       [
        10.62781,
        51.87119
       ],
       [
        10.6356,
        51.87746
       ],
       [
        10.64911,
        51.88852
       ],
       [
        10.65007,
        51.88935
       ],
       [
        10.65064,
        51.89028
       ],
       [
        10.65082,
        51.89111
       ],
       [
        10.65105,
        51.89846
       ],
       [
        10.65096,
        51.89953
       ],
       [
        10.65052,
        51.90152
       ],
       [
        10.64805,
        51.90701
       ],
       [
        10.64741,
        51.908
       ],
       [
        10.64668,
        51.90888
       ],
       [
        10.64035,
        51.91398
       ],
       [
        10.63284,
        51.91711
       ],
       [
        10.61347,
        51.92147
       ],
       [
        10.6129,
        51.93841
       ],
       [
        10.61857,
        51.94398
       ],
       [
        10.62453,
        51.94911
       ],
       [
        10.64267,
        51.95296
       ],
       [
        10.64837,
        51.95448
       ],
       [
        10.65119,
        51.95749
       ],
       [
        10.64183,
        51.9628
       ],
       [
        10.63792,
        51.96074
       ],
       [
        10.63478,
        51.95986
       ],
       [
        10.63143,
        51.95903
       ],
       [
        10.62344,
        51.95785
       ],
       [
        10.58664,
        51.98094
       ],
       [
        10.58541,
        51.98367
       ],
       [
        10.58345,
        51.98628
       ],
       [
        10.58079,
        51.98883
       ],
       [
        10.5729,
        51.99588
       ],
       [
        10.56758,
        52.0
       ],
       [
        10.56148,
        52.00464
       ],
       [
        10.60018,
        52.0073
       ],
       [
        10.63563,
        52.01388
       ],
       [
        10.65529,
        52.0254
       ],
       [
        10.65704,
        52.02927
       ],
       [
        10.65489,
        52.03329
       ],
       [
        10.6519,
        52.033
       ],
       [
        10.64826,
        52.04206
       ],
       [
        10.66151,
        52.04452
       ],
       [
        10.66201,
        52.0446
       ],
       [
        10.69636,
        52.04873
       ],
       [
        10.70128,
        52.04911
       ],
       [
        10.70635,
        52.04947
       ],
       [
        10.71186,
        52.04964
       ],
       [
        10.78613,
        52.05036
       ],
       [
        10.78707,
        52.05023
       ],
       [
        10.80101,
        52.0483
       ],
       [
        10.8036,
        52.04814
       ],
       [
        10.82713,
        52.04796
       ],
       [
        10.82915,
        52.048
       ],
       [
        10.85027,
        52.05013
       ],
       [
        10.85458,
        52.05094
       ],
       [
        10.85929,
        52.05223
       ],
       [
        10.86368,
        52.0541
       ],
       [
        10.86881,
        52.05649
       ],
       [
        10.87265,
        52.05821
       ],
       [
        10.87491,
        52.05889
       ],
       [
        10.87757,
        52.05925
       ],
       [
        10.93472,
        52.05965
       ],
       [
        10.93754,
        52.0596
       ],
       [
        10.95527,
        52.05832
       ],
       [
        10.95972,
        52.05798
       ],
       [
        10.962,
        52.05779
       ],
       [
        10.96407,
        52.05733
       ],
       [
        10.97248,
        52.07272
       ],
       [
        10.97276,
        52.07326
       ],
       [
        10.97286,
        52.07413
       ],
       [
        10.97036,
        52.08569
       ],
       [
        10.97024,
        52.08615
       ],
       [
        10.96975,
        52.08676
       ],
       [
        10.96836,
        52.08781
       ],
       [
        10.96636,
        52.08875
       ],
       [
        10.96389,
        52.08907
       ],
       [
        10.9613,
        52.08896
       ],
       [
        10.95922,
        52.08878
       ],
       [
        10.95842,
        52.08878
       ],
       [
        10.95707,
        52.08897
       ],
       [
        10.94613,
        52.09251
       ],
       [
        10.94337,
        52.09341
       ],
       [
        10.94178,
        52.094
       ],
       [
        10.94045,
        52.09468
       ],
       [
        10.94011,
        52.0951
       ],
       [
        10.93992,
        52.09584
       ],
       [
        10.93993,
        52.09688
       ],
       [
        10.9415,
        52.1038
       ],
       [
        10.9592,
        52.10698
       ],
       [
        10.96235,
        52.10743
       ],
       [
        10.9672,
        52.10774
       ],
       [
        10.98811,
        52.11228
       ],
       [
        11.01096,
        52.1216
       ],
       [
        11.03675,
        52.13447
       ],
       [
        11.05956,
        52.15443
       ],
       [
        11.06107,
        52.16498
       ],
       [
        11.06003,
        52.17182
       ],
       [
        11.05876,
        52.1732
       ],
       [
        11.05659,
        52.17333
       ],
       [
        11.05431,
        52.17343
       ],
       [
        11.05365,
        52.17341
       ],
       [
        11.04612,
        52.17267
       ],
       [
        11.03649,
        52.17173
       ],
       [
        11.03527,
        52.1718
       ],
       [
        11.03436,
        52.17201
       ],
       [
        11.03231,
        52.17253
       ],
       [
        11.02921,
        52.17366
       ],
       [
        11.0243,
        52.17558
       ],
       [
        11.02058,
        52.17719
       ],
       [
        11.02007,
        52.17747
       ],
       [
        11.01874,
        52.17824
       ],
       [
        11.01608,
        52.18023
       ],
       [
        11.0137,
        52.18233
       ],
       [
        11.01301,
        52.18564
       ],
       [
        11.01285,
        52.18871
       ],
       [
        11.01333,
        52.19859
       ],
       [
        11.02258,
        52.2074
       ],
       [
        11.02571,
        52.20986
       ],
       [
        11.02934,
        52.21134
       ],
       [
        11.03146,
        52.21182
       ],
       [
        11.06754,
        52.21803
       ],
       [
        11.06981,
        52.21824
       ],
       [
        11.07553,
        52.21855
       ],
       [
        11.08593,
        52.22895
       ],
       [
        11.08139,
        52.23387
       ],
       [
        11.07339,
        52.24248
       ],
       [
        11.05873,
        52.24203
       ],
       [
        11.05178,
        52.25352
       ],
       [
        11.03566,
        52.27221
       ],
       [
        11.02265,
        52.27834
       ],
       [
        11.0115,
        52.28756
       ],
       [
        11.01162,
        52.29104
       ],
       [
        11.021,
        52.29609
       ],
       [
        11.02376,
        52.29627
       ],
       [
        11.02587,
        52.2964
       ],
       [
        11.02794,
        52.29665
       ],
       [
        11.0297,
        52.2969
       ],
       [
        11.0314,
        52.29729
       ],
       [
        11.03505,
        52.29883
       ],
       [
        11.03708,
        52.29997
       ],
       [
        11.03873,
        52.30129
       ],
       [
        11.03587,
        52.31054
       ],
       [
        11.00152,
        52.33614
       ],
       [
        10.98617,
        52.33576
       ],
       [
        10.98232,
        52.34232
       ],
       [
        10.99015,
        52.34365
       ],
       [
        11.02222,
        52.34772
       ],
       [
        11.02722,
        52.3468
       ],
       [
        11.03772,
        52.3466
       ],
       [
        11.05417,
        52.34932
       ],
       [
        11.06759,
        52.35505
       ],
       [
        11.07403,
        52.37338
       ],
       [
        11.07389,
        52.37414
       ],
       [
        11.04556,
        52.38787
       ],
       [
        11.04263,
        52.38865
       ],
       [
        11.03688,
        52.38953
       ],
       [
        11.00388,
        52.40929
       ],
       [
        10.97254,
        52.43027
       ],
       [
        10.93402,
        52.46176
       ],
       [
        10.93264,
        52.47146
       ],
       [
        10.94643,
        52.48569
       ],
       [
        10.98221,
        52.49646
       ],
       [
        11.00906,
        52.49659
       ],
       [
        10.97413,
        52.52247
       ],
       [
        10.95947,
        52.53514
       ],
       [
        10.95393,
        52.54052
       ],
       [
        10.94882,
        52.54611
       ],
       [
        10.9429,
        52.55497
       ],
       [
        10.93646,
        52.56757
       ],
       [
        10.93974,
        52.58917
       ],
       [
        10.95464,
        52.5946
       ],
       [
        10.97222,
        52.60423
       ],
       [
        10.97325,
        52.60513
       ],
       [
        10.974,
        52.60663
       ],
       [
        10.97472,
        52.60886
       ],
       [
        10.97617,
        52.61347
       ],
       [
        10.97663,
        52.62412
       ],
       [
        10.97464,
        52.62449
       ],
       [
        10.96468,
        52.62624
       ],
       [
        10.94555,
        52.62058
       ],
       [
        10.94546,
        52.62042
       ],
       [
        10.94264,
        52.61518
       ],
       [
        10.92574,
        52.609
       ],
       [
        10.92067,
        52.60989
       ],
       [
        10.91386,
        52.61822
       ],
       [
        10.90903,
        52.62598
       ],
       [
        10.89637,
        52.64226
       ],
       [
        10.87611,
        52.66349
       ],
       [
        10.86015,
        52.6741
       ],
       [
        10.85157,
        52.68063
       ],
       [
        10.8398,
        52.69406
       ],
       [
        10.83448,
        52.70736
       ],
       [
        10.83441,
        52.70764
       ],
       [
        10.82693,
        52.71606
       ],
       [
        10.82277,
        52.71751
       ],
       [
        10.81392,
        52.71559
       ],
       [
        10.80379,
        52.71392
       ],
       [
        10.79675,
        52.71422
       ],
       [
        10.7882,
        52.73265
       ],
       [
        10.77396,
        52.76321
       ],
       [
        10.76102,
        52.77725
       ],
       [
        10.75434,
        52.78449
       ],
       [
        10.755,
        52.78634
       ],
       [
        10.75826,
        52.79495
       ],
       [
        10.76142,
        52.8
       ],
       [
        10.77069,
        52.83489
       ],
       [
        10.76574,
        52.84049
       ],
       [
        10.76518,
        52.84107
       ],
       [
        10.76559,
        52.8431
       ],
       [
        10.7995,
        52.85088
       ],
       [
        10.82232,
        52.8477
       ],
       [
        10.83493,
        52.84781
       ],
       [
        10.84102,
        52.85278
       ],
       [
        10.86016,
        52.85212
       ],
       [
        10.87617,
        52.84815
       ],
       [
        10.88971,
        52.84626
       ],
       [
        10.93902,
        52.85313
       ],
       [
        10.94002,
        52.85338
       ],
       [
        10.94118,
        52.85381
       ],
       [
        10.98186,
        52.8798
       ],
       [
        10.98493,
        52.88283
       ],
       [
        10.98533,
        52.88324
       ],
       [
        10.98912,
        52.88707
       ],
       [
        10.98963,
        52.90111
       ],
       [
        10.99263,
        52.9074
       ],
       [
        10.99832,
        52.91095
       ],
       [
        11.00288,
        52.91175
       ],
       [
        11.02799,
        52.91305
       ],
       [
        11.08966,
        52.91341
       ],
       [
        11.0948,
        52.9133
       ],
       [
        11.09872,
        52.91318
       ],
       [
        11.09773,
        52.91034
       ],
       [
        11.09394,
        52.89942
       ],
       [
        11.09645,
        52.89807
       ],
       [
        11.0995,
        52.8971
       ],
       [
        11.10306,
        52.89651
       ],
       [
        11.10991,
        52.89584
       ],
       [
        11.1137,
        52.89588
       ],
       [
        11.13794,
        52.89811
       ],
       [
        11.15679,
        52.90242
       ],
       [
        11.18393,
        52.9015
       ],
       [
        11.19981,
        52.90055
       ],
       [
        11.20744,
        52.89983
       ],
       [
        11.22086,
        52.89826
       ],
       [
        11.23586,
        52.88932
       ],
       [
        11.23667,
        52.88858
       ],
       [
        11.26891,
        52.88106
       ],
       [
        11.29565,
        52.87504
       ],
       [
        11.29671,
        52.87498
       ],
       [
        11.31069,
        52.87757
       ],
       [
        11.31716,
        52.87899
       ],
       [
        11.39062,
        52.90167
       ],
       [
        11.45164,
        52.93266
       ],
       [
        11.46168,
        52.93605
       ],
       [
        11.46976,
        52.93876
       ],
       [
        11.49016,
        52.94132
       ],
       [
        11.50532,
        52.94154
       ],
       [
        11.50527,
        52.94159
       ],
       [
        11.49161,
        52.95964
       ],
       [
        11.51104,
        53.00725
       ],
       [
        11.52431,
        53.00721
       ],
       [
        11.52595,
        53.00695
       ],
       [
        11.56383,
        53.01323
       ],
       [
        11.5977,
        53.03666
       ],
       [
        11.61354,
        53.04087
       ],
       [
        11.61715,
        53.04158
       ],
       [
        11.62163,
        53.04206
       ],
       [
        11.62522,
        53.04213
       ],
       [
        11.62996,
        53.04175
       ],
       [
        11.63373,
        53.04103
       ],
       [
        11.63711,
        53.03991
       ],
       [
        11.63935,
        53.03866
       ],
       [
        11.64066,
        53.03747
       ],
       [
        11.64107,
        53.03587
       ],
       [
        11.64058,
        53.03433
       ],
       [
        11.63932,
        53.03293
       ],
       [
        11.63668,
        53.03098
       ],
       [
        11.6346,
        53.0295
       ],
       [
        11.62873,
        53.02535
       ],
       [
        11.62582,
        53.02292
       ],
       [
        11.62386,
        53.01978
       ],
       [
        11.62335,
        53.01769
       ],
       [
        11.6233,
        53.01581
       ],
       [
        11.62425,
        53.01364
       ],
       [
        11.62643,
        53.01161
       ],
       [
        11.62894,
        53.00963
       ],
       [
        11.63187,
        53.00804
       ],
       [
        11.63624,
        53.0068
       ]
      ]
     ]
    ]
   }
  },
  {
   "type": "Feature",
   "properties": {
    "key": "th",
    "name": "Thüringen",
    "bez": "Freistaat",
    "ars": "16",
    "nuts": "DEG",
    "status": "lidar+alkis",
    "lidar_dgm1": true,
    "lidar_las": true,
    "lidar_script": "download_th_lidar.sh",
    "lidar_bbox": true,
    "lidar_note": null,
    "alkis": "full",
    "alkis_engine": "aria2",
    "alkis_spatial": "flur",
    "sample_bbox": "591,5646,596,5651",
    "sample_epsg": 25832,
    "sample_place": "Eisenach"
   },
   "geometry": {
    "type": "MultiPolygon",
    "coordinates": [
     [
      [
       [
        10.86498,
        51.62927
       ],
       [
        10.89515,
        51.61114
       ],
       [
        10.91713,
        51.61783
       ],
       [
        10.92304,
        51.6163
       ],
       [
        10.93676,
        51.60343
       ],
       [
        10.9372,
        51.60244
       ],
       [
        10.93709,
        51.60156
       ],
       [
        10.93665,
        51.60053
       ],
       [
        10.9352,
        51.59778
       ],
       [
        10.93478,
        51.59719
       ],
       [
        10.93418,
        51.59662
       ],
       [
        10.93003,
        51.59308
       ],
       [
        10.92431,
        51.59306
       ],
       [
        10.91302,
        51.59316
       ],
       [
        10.90291,
        51.59343
       ],
       [
        10.89873,
        51.59481
       ],
       [
        10.89576,
        51.59696
       ],
       [
        10.89538,
        51.60281
       ],
       [
        10.89225,
        51.60163
       ],
       [
        10.8881,
        51.59696
       ],
       [
        10.88062,
        51.57955
       ],
       [
        10.89563,
        51.56005
       ],
       [
        10.93492,
        51.53285
       ],
       [
        10.93207,
        51.51805
       ],
       [
        10.94572,
        51.49861
       ],
       [
        10.95853,
        51.49227
       ],
       [
        10.97299,
        51.48175
       ],
       [
        10.97213,
        51.45392
       ],
       [
        10.97941,
        51.43242
       ],
       [
        10.97871,
        51.42783
       ],
       [
        11.00895,
        51.42901
       ],
       [
        10.99568,
        51.42
       ],
       [
        10.99268,
        51.41772
       ],
       [
        10.99774,
        51.41733
       ],
       [
        11.00424,
        51.41686
       ],
       [
        11.01086,
        51.4169
       ],
       [
        11.01936,
        51.41755
       ],
       [
        11.02286,
        51.41816
       ],
       [
        11.0353,
        51.42186
       ],
       [
        11.04845,
        51.42632
       ],
       [
        11.05354,
        51.4291
       ],
       [
        11.05697,
        51.42944
       ],
       [
        11.06185,
        51.42954
       ],
       [
        11.07146,
        51.42807
       ],
       [
        11.11799,
        51.41619
       ],
       [
        11.12723,
        51.41254
       ],
       [
        11.12579,
        51.4071
       ],
       [
        11.1526,
        51.40168
       ],
       [
        11.20171,
        51.40563
       ],
       [
        11.20896,
        51.40726
       ],
       [
        11.23026,
        51.40527
       ],
       [
        11.24644,
        51.40159
       ],
       [
        11.25298,
        51.40043
       ],
       [
        11.27446,
        51.40056
       ],
       [
        11.28467,
        51.40223
       ],
       [
        11.3042,
        51.40672
       ],
       [
        11.32142,
        51.41086
       ],
       [
        11.32931,
        51.40098
       ],
       [
        11.33036,
        51.39057
       ],
       [
        11.34666,
        51.38555
       ],
       [
        11.3611,
        51.38381
       ],
       [
        11.36441,
        51.38415
       ],
       [
        11.37604,
        51.38551
       ],
       [
        11.39654,
        51.3744
       ],
       [
        11.40192,
        51.3494
       ],
       [
        11.41413,
        51.34211
       ],
       [
        11.42905,
        51.34189
       ],
       [
        11.41985,
        51.3359
       ],
       [
        11.4198,
        51.33306
       ],
       [
        11.42455,
        51.3271
       ],
       [
        11.43378,
        51.32122
       ],
       [
        11.45069,
        51.31363
       ],
       [
        11.47494,
        51.29925
       ],
       [
        11.47507,
        51.29666
       ],
       [
        11.46751,
        51.28922
       ],
       [
        11.42012,
        51.2458
       ],
       [
        11.40253,
        51.23681
       ],
       [
        11.39923,
        51.23687
       ],
       [
        11.39602,
        51.23694
       ],
       [
        11.3873,
        51.24623
       ],
       [
        11.3841,
        51.24503
       ],
       [
        11.38294,
        51.24428
       ],
       [
        11.37643,
        51.23897
       ],
       [
        11.36762,
        51.23041
       ],
       [
        11.36539,
        51.2215
       ],
       [
        11.38835,
        51.20957
       ],
       [
        11.4083,
        51.20804
       ],
       [
        11.42817,
        51.21254
       ],
       [
        11.43037,
        51.21222
       ],
       [
        11.43161,
        51.21198
       ],
       [
        11.44555,
        51.20836
       ],
       [
        11.48641,
        51.16912
       ],
       [
        11.48577,
        51.1662
       ],
       [
        11.47539,
        51.15203
       ],
       [
        11.47189,
        51.14842
       ],
       [
        11.45863,
        51.13766
       ],
       [
        11.46421,
        51.11305
       ],
       [
        11.47771,
        51.10765
       ],
       [
        11.48476,
        51.10494
       ],
       [
        11.48576,
        51.1023
       ],
       [
        11.54511,
        51.1027
       ],
       [
        11.55133,
        51.11228
       ],
       [
        11.56762,
        51.1179
       ],
       [
        11.57352,
        51.11803
       ],
       [
        11.60399,
        51.11311
       ],
       [
        11.64438,
        51.10972
       ],
       [
        11.66691,
        51.11158
       ],
       [
        11.69283,
        51.09952
       ],
       [
        11.69725,
        51.09244
       ],
       [
        11.69846,
        51.08761
       ],
       [
        11.70087,
        51.07832
       ],
       [
        11.71375,
        51.07042
       ],
       [
        11.75319,
        51.05696
       ],
       [
        11.77343,
        51.05199
       ],
       [
        11.8056,
        51.04594
       ],
       [
        11.83136,
        51.05182
       ],
       [
        11.87818,
        51.05768
       ],
       [
        11.88309,
        51.05625
       ],
       [
        11.88524,
        51.05552
       ],
       [
        11.90441,
        51.04812
       ],
       [
        11.97266,
        51.01876
       ],
       [
        11.9792,
        51.0149
       ],
       [
        12.01469,
        50.98409
       ],
       [
        12.0175,
        50.97723
       ],
       [
        12.01807,
        50.96757
       ],
       [
        12.03334,
        50.97224
       ],
       [
        12.03719,
        50.97269
       ],
       [
        12.09192,
        50.97715
       ],
       [
        12.10386,
        50.97456
       ],
       [
        12.12609,
        50.96784
       ],
       [
        12.14442,
        50.96281
       ],
       [
        12.16425,
        50.9588
       ],
       [
        12.16255,
        50.96689
       ],
       [
        12.16925,
        50.97128
       ],
       [
        12.1714,
        50.97241
       ],
       [
        12.18142,
        50.97679
       ],
       [
        12.1827,
        50.97663
       ],
       [
        12.19883,
        50.95616
       ],
       [
        12.21354,
        50.938
       ],
       [
        12.22219,
        50.94284
       ],
       [
        12.22578,
        50.94384
       ],
       [
        12.2397,
        50.95361
       ],
       [
        12.24062,
        50.95476
       ],
       [
        12.24135,
        50.95614
       ],
       [
        12.24158,
        50.95699
       ],
       [
        12.24177,
        50.95788
       ],
       [
        12.24168,
        50.95923
       ],
       [
        12.24112,
        50.96039
       ],
       [
        12.23374,
        50.96162
       ],
       [
        12.23869,
        50.97347
       ],
       [
        12.2404,
        50.97647
       ],
       [
        12.25763,
        50.98663
       ],
       [
        12.26071,
        50.98911
       ],
       [
        12.26544,
        50.99293
       ],
       [
        12.28925,
        51.01645
       ],
       [
        12.29097,
        51.01912
       ],
       [
        12.29253,
        51.03109
       ],
       [
        12.28591,
        51.0394
       ],
       [
        12.28099,
        51.04012
       ],
       [
        12.26585,
        51.03816
       ],
       [
        12.24907,
        51.03752
       ],
       [
        12.24939,
        51.04419
       ],
       [
        12.25837,
        51.06642
       ],
       [
        12.28267,
        51.08448
       ],
       [
        12.28298,
        51.09272
       ],
       [
        12.30743,
        51.09451
       ],
       [
        12.33104,
        51.10378
       ],
       [
        12.33289,
        51.10394
       ],
       [
        12.341,
        51.1012
       ],
       [
        12.35515,
        51.09545
       ],
       [
        12.35513,
        51.08996
       ],
       [
        12.35527,
        51.08316
       ],
       [
        12.36142,
        51.08008
       ],
       [
        12.37534,
        51.07764
       ],
       [
        12.41304,
        51.07611
       ],
       [
        12.42119,
        51.07859
       ],
       [
        12.45745,
        51.08445
       ],
       [
        12.45993,
        51.08257
       ],
       [
        12.46316,
        51.06742
       ],
       [
        12.47063,
        51.06422
       ],
       [
        12.50164,
        51.05169
       ],
       [
        12.50335,
        51.03315
       ],
       [
        12.50659,
        51.01671
       ],
       [
        12.51139,
        51.01578
       ],
       [
        12.51548,
        51.01732
       ],
       [
        12.51499,
        51.0268
       ],
       [
        12.51957,
        51.02695
       ],
       [
        12.53065,
        51.02523
       ],
       [
        12.53889,
        51.0239
       ],
       [
        12.5413,
        51.00587
       ],
       [
        12.55,
        50.99771
       ],
       [
        12.57332,
        50.98961
       ],
       [
        12.57908,
        50.98824
       ],
       [
        12.59337,
        50.99091
       ],
       [
        12.60627,
        50.99707
       ],
       [
        12.60817,
        50.9955
       ],
       [
        12.61793,
        50.98336
       ],
       [
        12.61849,
        50.98093
       ],
       [
        12.62331,
        50.9626
       ],
       [
        12.62656,
        50.95232
       ],
       [
        12.63207,
        50.93926
       ],
       [
        12.63816,
        50.93226
       ],
       [
        12.64116,
        50.92929
       ],
       [
        12.64635,
        50.92585
       ],
       [
        12.65112,
        50.92416
       ],
       [
        12.65268,
        50.92408
       ],
       [
        12.6532,
        50.91983
       ],
       [
        12.64002,
        50.90367
       ],
       [
        12.57454,
        50.90143
       ],
       [
        12.56597,
        50.90265
       ],
       [
        12.56047,
        50.90583
       ],
       [
        12.55534,
        50.90633
       ],
       [
        12.52567,
        50.90267
       ],
       [
        12.48521,
        50.89413
       ],
       [
        12.48354,
        50.89377
       ],
       [
        12.4594,
        50.88064
       ],
       [
        12.44424,
        50.86231
       ],
       [
        12.44845,
        50.8545
       ],
       [
        12.44076,
        50.84636
       ],
       [
        12.42026,
        50.83923
       ],
       [
        12.40983,
        50.84724
       ],
       [
        12.40222,
        50.84878
       ],
       [
        12.38633,
        50.85068
       ],
       [
        12.37784,
        50.84957
       ],
       [
        12.37379,
        50.84866
       ],
       [
        12.34841,
        50.83881
       ],
       [
        12.34687,
        50.83709
       ],
       [
        12.34676,
        50.82314
       ],
       [
        12.27914,
        50.80934
       ],
       [
        12.2586,
        50.81123
       ],
       [
        12.25047,
        50.81842
       ],
       [
        12.25007,
        50.81435
       ],
       [
        12.24352,
        50.80902
       ],
       [
        12.25371,
        50.79905
       ],
       [
        12.25274,
        50.7891
       ],
       [
        12.25591,
        50.7886
       ],
       [
        12.26442,
        50.78725
       ],
       [
        12.26451,
        50.78725
       ],
       [
        12.2719,
        50.78736
       ],
       [
        12.28737,
        50.78951
       ],
       [
        12.2904,
        50.78306
       ],
       [
        12.28483,
        50.7739
       ],
       [
        12.26548,
        50.76087
       ],
       [
        12.25932,
        50.76121
       ],
       [
        12.24465,
        50.76524
       ],
       [
        12.24251,
        50.76802
       ],
       [
        12.24202,
        50.76815
       ],
       [
        12.23212,
        50.75899
       ],
       [
        12.22569,
        50.74377
       ],
       [
        12.23517,
        50.73482
       ],
       [
        12.24114,
        50.73446
       ],
       [
        12.24583,
        50.73477
       ],
       [
        12.26451,
        50.7384
       ],
       [
        12.27374,
        50.73072
       ],
       [
        12.27062,
        50.72614
       ],
       [
        12.26353,
        50.72012
       ],
       [
        12.25352,
        50.71552
       ],
       [
        12.26288,
        50.69502
       ],
       [
        12.27603,
        50.68656
       ],
       [
        12.2795,
        50.68605
       ],
       [
        12.28085,
        50.68586
       ],
       [
        12.30714,
        50.68376
       ],
       [
        12.31544,
        50.68685
       ],
       [
        12.32343,
        50.6823
       ],
       [
        12.31996,
        50.67794
       ],
       [
        12.3165,
        50.66377
       ],
       [
        12.29709,
        50.65101
       ],
       [
        12.26362,
        50.63024
       ],
       [
        12.23432,
        50.62758
       ],
       [
        12.1881,
        50.61306
       ],
       [
        12.17726,
        50.61287
       ],
       [
        12.1734,
        50.62346
       ],
       [
        12.16456,
        50.63101
       ],
       [
        12.15485,
        50.63115
       ],
       [
        12.14849,
        50.62933
       ],
       [
        12.11578,
        50.59611
       ],
       [
        12.11506,
        50.59505
       ],
       [
        12.11162,
        50.58868
       ],
       [
        12.11188,
        50.58844
       ],
       [
        12.12444,
        50.58531
       ],
       [
        12.14162,
        50.5824
       ],
       [
        12.14597,
        50.58544
       ],
       [
        12.15733,
        50.5851
       ],
       [
        12.15931,
        50.58419
       ],
       [
        12.1609,
        50.57992
       ],
       [
        12.16099,
        50.5792
       ],
       [
        12.16085,
        50.57832
       ],
       [
        12.15991,
        50.57479
       ],
       [
        12.15722,
        50.57374
       ],
       [
        12.15424,
        50.57288
       ],
       [
        12.13547,
        50.57343
       ],
       [
        12.11844,
        50.56722
       ],
       [
        12.10308,
        50.57706
       ],
       [
        12.0858,
        50.57815
       ],
       [
        12.07898,
        50.57669
       ],
       [
        12.07873,
        50.56872
       ],
       [
        12.07678,
        50.55522
       ],
       [
        12.04834,
        50.55316
       ],
       [
        12.03438,
        50.55288
       ],
       [
        12.01704,
        50.56731
       ],
       [
        12.026,
        50.57342
       ],
       [
        12.02923,
        50.57816
       ],
       [
        12.0365,
        50.59353
       ],
       [
        12.03124,
        50.59961
       ],
       [
        12.0111,
        50.61789
       ],
       [
        12.01888,
        50.62358
       ],
       [
        12.02158,
        50.62605
       ],
       [
        12.00994,
        50.63563
       ],
       [
        12.00045,
        50.63364
       ],
       [
        11.98007,
        50.62207
       ],
       [
        11.98358,
        50.6157
       ],
       [
        11.98872,
        50.61109
       ],
       [
        11.98018,
        50.60629
       ],
       [
        11.96396,
        50.59913
       ],
       [
        11.94482,
        50.59236
       ],
       [
        11.92423,
        50.58608
       ],
       [
        11.92984,
        50.57525
       ],
       [
        11.93331,
        50.56906
       ],
       [
        11.92487,
        50.56309
       ],
       [
        11.90806,
        50.55463
       ],
       [
        11.88798,
        50.5521
       ],
       [
        11.88532,
        50.55171
       ],
       [
        11.88347,
        50.55102
       ],
       [
        11.87425,
        50.54389
       ],
       [
        11.87231,
        50.53972
       ],
       [
        11.88718,
        50.51683
       ],
       [
        11.90023,
        50.51635
       ],
       [
        11.91092,
        50.51691
       ],
       [
        11.91891,
        50.51799
       ],
       [
        11.93319,
        50.51722
       ],
       [
        11.95774,
        50.49327
       ],
       [
        11.96451,
        50.48641
       ],
       [
        11.96527,
        50.4854
       ],
       [
        11.96562,
        50.48369
       ],
       [
        11.94306,
        50.45993
       ],
       [
        11.93703,
        50.45922
       ],
       [
        11.90501,
        50.45398
       ],
       [
        11.89427,
        50.44914
       ],
       [
        11.89057,
        50.44328
       ],
       [
        11.8992,
        50.43582
       ],
       [
        11.91336,
        50.43407
       ],
       [
        11.9277,
        50.43261
       ],
       [
        11.92681,
        50.42829
       ],
       [
        11.92202,
        50.42436
       ],
       [
        11.91757,
        50.42455
       ],
       [
        11.91377,
        50.42409
       ],
       [
        11.88343,
        50.41623
       ],
       [
        11.88168,
        50.41548
       ],
       [
        11.88042,
        50.41402
       ],
       [
        11.87757,
        50.4097
       ],
       [
        11.86682,
        50.4008
       ],
       [
        11.82384,
        50.38979
       ],
       [
        11.82224,
        50.38993
       ],
       [
        11.82041,
        50.39064
       ],
       [
        11.81916,
        50.39126
       ],
       [
        11.8187,
        50.39205
       ],
       [
        11.81854,
        50.3929
       ],
       [
        11.814,
        50.40027
       ],
       [
        11.80344,
        50.41252
       ],
       [
        11.80256,
        50.41322
       ],
       [
        11.79621,
        50.41791
       ],
       [
        11.79495,
        50.41819
       ],
       [
        11.79362,
        50.41827
       ],
       [
        11.77889,
        50.41754
       ],
       [
        11.77772,
        50.41742
       ],
       [
        11.7516,
        50.41405
       ],
       [
        11.74085,
        50.40906
       ],
       [
        11.69927,
        50.39863
       ],
       [
        11.62517,
        50.3865
       ],
       [
        11.62334,
        50.38659
       ],
       [
        11.62144,
        50.3869
       ],
       [
        11.61979,
        50.38739
       ],
       [
        11.61839,
        50.38806
       ],
       [
        11.60318,
        50.39816
       ],
       [
        11.59786,
        50.40113
       ],
       [
        11.59682,
        50.40161
       ],
       [
        11.59538,
        50.40199
       ],
       [
        11.59419,
        50.4021
       ],
       [
        11.59312,
        50.40214
       ],
       [
        11.57359,
        50.4
       ],
       [
        11.57095,
        50.39943
       ],
       [
        11.56828,
        50.39712
       ],
       [
        11.56687,
        50.39421
       ],
       [
        11.56684,
        50.39046
       ],
       [
        11.56484,
        50.38694
       ],
       [
        11.55824,
        50.38317
       ],
       [
        11.53026,
        50.37983
       ],
       [
        11.52039,
        50.38028
       ],
       [
        11.49771,
        50.3991
       ],
       [
        11.48377,
        50.43057
       ],
       [
        11.47995,
        50.43185
       ],
       [
        11.45134,
        50.43122
       ],
       [
        11.42471,
        50.44155
       ],
       [
        11.42083,
        50.44342
       ],
       [
        11.41956,
        50.44579
       ],
       [
        11.41883,
        50.44919
       ],
       [
        11.41864,
        50.45014
       ],
       [
        11.41837,
        50.47206
       ],
       [
        11.41907,
        50.49458
       ],
       [
        11.4194,
        50.49502
       ],
       [
        11.43163,
        50.49226
       ],
       [
        11.43413,
        50.49203
       ],
       [
        11.43616,
        50.4927
       ],
       [
        11.4394,
        50.4975
       ],
       [
        11.43965,
        50.49942
       ],
       [
        11.43961,
        50.50031
       ],
       [
        11.43934,
        50.50102
       ],
       [
        11.4319,
        50.5091
       ],
       [
        11.42935,
        50.51173
       ],
       [
        11.4273,
        50.51371
       ],
       [
        11.42608,
        50.51446
       ],
       [
        11.42504,
        50.51489
       ],
       [
        11.42338,
        50.51516
       ],
       [
        11.37532,
        50.52167
       ],
       [
        11.36901,
        50.52222
       ],
       [
        11.34652,
        50.52028
       ],
       [
        11.34451,
        50.51991
       ],
       [
        11.33248,
        50.50927
       ],
       [
        11.32518,
        50.49809
       ],
       [
        11.32262,
        50.49136
       ],
       [
        11.32163,
        50.49041
       ],
       [
        11.30255,
        50.48551
       ],
       [
        11.28864,
        50.48544
       ],
       [
        11.27473,
        50.48247
       ],
       [
        11.26499,
        50.48034
       ],
       [
        11.26046,
        50.48165
       ],
       [
        11.25719,
        50.48178
       ],
       [
        11.25077,
        50.4805
       ],
       [
        11.2475,
        50.47822
       ],
       [
        11.24508,
        50.47195
       ],
       [
        11.24513,
        50.47066
       ],
       [
        11.24601,
        50.46928
       ],
       [
        11.25026,
        50.46577
       ],
       [
        11.2516,
        50.4638
       ],
       [
        11.26375,
        50.44218
       ],
       [
        11.26749,
        50.43486
       ],
       [
        11.26763,
        50.43446
       ],
       [
        11.26773,
        50.43404
       ],
       [
        11.26768,
        50.43086
       ],
       [
        11.26576,
        50.41599
       ],
       [
        11.27055,
        50.39377
       ],
       [
        11.27802,
        50.37892
       ],
       [
        11.28367,
        50.36092
       ],
       [
        11.28303,
        50.35868
       ],
       [
        11.27949,
        50.35639
       ],
       [
        11.26465,
        50.35392
       ],
       [
        11.25695,
        50.32273
       ],
       [
        11.25715,
        50.32179
       ],
       [
        11.26035,
        50.3001
       ],
       [
        11.2615,
        50.27477
       ],
       [
        11.25374,
        50.26896
       ],
       [
        11.24816,
        50.26728
       ],
       [
        11.22608,
        50.27687
       ],
       [
        11.21585,
        50.2836
       ],
       [
        11.19763,
        50.29243
       ],
       [
        11.19691,
        50.29232
       ],
       [
        11.19092,
        50.28026
       ],
       [
        11.18903,
        50.27085
       ],
       [
        11.18747,
        50.26975
       ],
       [
        11.1783,
        50.26908
       ],
       [
        11.14668,
        50.2852
       ],
       [
        11.14188,
        50.28945
       ],
       [
        11.13335,
        50.30022
       ],
       [
        11.13214,
        50.30519
       ],
       [
        11.13309,
        50.31162
       ],
       [
        11.13907,
        50.31677
       ],
       [
        11.15257,
        50.323
       ],
       [
        11.15839,
        50.3236
       ],
       [
        11.15982,
        50.32489
       ],
       [
        11.15888,
        50.33007
       ],
       [
        11.15816,
        50.33179
       ],
       [
        11.13688,
        50.34975
       ],
       [
        11.11575,
        50.36688
       ],
       [
        11.1131,
        50.36755
       ],
       [
        11.10094,
        50.36749
       ],
       [
        11.08853,
        50.36565
       ],
       [
        11.08325,
        50.3563
       ],
       [
        11.04384,
        50.34462
       ],
       [
        11.0374,
        50.34554
       ],
       [
        11.03317,
        50.35139
       ],
       [
        11.04378,
        50.35259
       ],
       [
        11.04382,
        50.35352
       ],
       [
        11.03577,
        50.36112
       ],
       [
        11.00787,
        50.3643
       ],
       [
        10.99311,
        50.36566
       ],
       [
        10.99427,
        50.35398
       ],
       [
        10.98253,
        50.35153
       ],
       [
        10.9581,
        50.36867
       ],
       [
        10.95817,
        50.37558
       ],
       [
        10.94985,
        50.38309
       ],
       [
        10.94569,
        50.38675
       ],
       [
        10.93747,
        50.39239
       ],
       [
        10.93283,
        50.39287
       ],
       [
        10.90832,
        50.38732
       ],
       [
        10.89981,
        50.38482
       ],
       [
        10.86037,
        50.38752
       ],
       [
        10.78614,
        50.38525
       ],
       [
        10.78079,
        50.38035
       ],
       [
        10.774,
        50.37196
       ],
       [
        10.75821,
        50.36036
       ],
       [
        10.75557,
        50.35869
       ],
       [
        10.75274,
        50.35816
       ],
       [
        10.7499,
        50.35831
       ],
       [
        10.74729,
        50.35917
       ],
       [
        10.74006,
        50.36295
       ],
       [
        10.71501,
        50.36365
       ],
       [
        10.71288,
        50.35461
       ],
       [
        10.71586,
        50.32127
       ],
       [
        10.76886,
        50.29449
       ],
       [
        10.80679,
        50.27929
       ],
       [
        10.8357,
        50.27339
       ],
       [
        10.83839,
        50.27344
       ],
       [
        10.84048,
        50.27423
       ],
       [
        10.84613,
        50.27248
       ],
       [
        10.85056,
        50.26581
       ],
       [
        10.85133,
        50.25306
       ],
       [
        10.84829,
        50.24537
       ],
       [
        10.84525,
        50.2431
       ],
       [
        10.83591,
        50.23922
       ],
       [
        10.8279,
        50.23783
       ],
       [
        10.76985,
        50.24159
       ],
       [
        10.74616,
        50.24378
       ],
       [
        10.74818,
        50.24862
       ],
       [
        10.7321,
        50.25134
       ],
       [
        10.7276,
        50.24937
       ],
       [
        10.72677,
        50.24705
       ],
       [
        10.72657,
        50.23071
       ],
       [
        10.72919,
        50.23018
       ],
       [
        10.73131,
        50.21413
       ],
       [
        10.73118,
        50.21301
       ],
       [
        10.73073,
        50.21184
       ],
       [
        10.72426,
        50.20568
       ],
       [
        10.72276,
        50.20501
       ],
       [
        10.71722,
        50.20423
       ],
       [
        10.69593,
        50.21244
       ],
       [
        10.68733,
        50.21898
       ],
       [
        10.6755,
        50.22344
       ],
       [
        10.66257,
        50.22713
       ],
       [
        10.63495,
        50.22327
       ],
       [
        10.61248,
        50.22417
       ],
       [
        10.61016,
        50.22803
       ],
       [
        10.60207,
        50.24307
       ],
       [
        10.591,
        50.2718
       ],
       [
        10.59323,
        50.27785
       ],
       [
        10.59992,
        50.30218
       ],
       [
        10.6013,
        50.33359
       ],
       [
        10.57133,
        50.33763
       ],
       [
        10.56546,
        50.3379
       ],
       [
        10.55479,
        50.35396
       ],
       [
        10.52351,
        50.35471
       ],
       [
        10.51603,
        50.35033
       ],
       [
        10.51301,
        50.35062
       ],
       [
        10.49812,
        50.35758
       ],
       [
        10.47317,
        50.37317
       ],
       [
        10.46005,
        50.38779
       ],
       [
        10.45185,
        50.40218
       ],
       [
        10.44666,
        50.40322
       ],
       [
        10.44411,
        50.4033
       ],
       [
        10.43778,
        50.40158
       ],
       [
        10.43715,
        50.4
       ],
       [
        10.43712,
        50.39984
       ],
       [
        10.43857,
        50.3951
       ],
       [
        10.42379,
        50.39278
       ],
       [
        10.39414,
        50.39474
       ],
       [
        10.38834,
        50.4
       ],
       [
        10.38426,
        50.40371
       ],
       [
        10.3839,
        50.4089
       ],
       [
        10.39317,
        50.42892
       ],
       [
        10.36112,
        50.44824
       ],
       [
        10.34827,
        50.46073
       ],
       [
        10.34145,
        50.48305
       ],
       [
        10.33058,
        50.4942
       ],
       [
        10.32557,
        50.4945
       ],
       [
        10.31023,
        50.4939
       ],
       [
        10.308,
        50.49348
       ],
       [
        10.24314,
        50.51339
       ],
       [
        10.23155,
        50.53068
       ],
       [
        10.20393,
        50.55447
       ],
       [
        10.19724,
        50.5548
       ],
       [
        10.19387,
        50.55484
       ],
       [
        10.15078,
        50.55197
       ],
       [
        10.14764,
        50.54975
       ],
       [
        10.14704,
        50.54339
       ],
       [
        10.14356,
        50.54273
       ],
       [
        10.13023,
        50.54856
       ],
       [
        10.12638,
        50.55289
       ],
       [
        10.1253,
        50.55904
       ],
       [
        10.12469,
        50.56129
       ],
       [
        10.1204,
        50.56445
       ],
       [
        10.10706,
        50.56333
       ],
       [
        10.10014,
        50.55817
       ],
       [
        10.09992,
        50.55389
       ],
       [
        10.09415,
        50.5484
       ],
       [
        10.06857,
        50.5303
       ],
       [
        10.06585,
        50.52841
       ],
       [
        10.051,
        50.51886
       ],
       [
        10.04566,
        50.51732
       ],
       [
        10.0414,
        50.51674
       ],
       [
        10.03905,
        50.52901
       ],
       [
        10.04857,
        50.54558
       ],
       [
        10.05807,
        50.55423
       ],
       [
        10.0495,
        50.59738
       ],
       [
        10.04803,
        50.60089
       ],
       [
        10.04246,
        50.60299
       ],
       [
        10.03776,
        50.61151
       ],
       [
        10.05082,
        50.6233
       ],
       [
        10.05783,
        50.62577
       ],
       [
        10.06752,
        50.62512
       ],
       [
        10.0694,
        50.62061
       ],
       [
        10.07674,
        50.61908
       ],
       [
        10.08296,
        50.61976
       ],
       [
        10.08277,
        50.6317
       ],
       [
        10.07854,
        50.63649
       ],
       [
        10.07737,
        50.63775
       ],
       [
        10.06623,
        50.6576
       ],
       [
        10.05483,
        50.66944
       ],
       [
        10.05151,
        50.67289
       ],
       [
        10.04988,
        50.67385
       ],
       [
        10.03209,
        50.6752
       ],
       [
        10.03016,
        50.67534
       ],
       [
        10.0,
        50.67645
       ],
       [
        9.99976,
        50.67646
       ],
       [
        9.9894,
        50.67497
       ],
       [
        9.96045,
        50.66891
       ],
       [
        9.95377,
        50.66651
       ],
       [
        9.95237,
        50.66598
       ],
       [
        9.95084,
        50.66517
       ],
       [
        9.94904,
        50.66368
       ],
       [
        9.94737,
        50.66185
       ],
       [
        9.95066,
        50.65629
       ],
       [
        9.96893,
        50.64163
       ],
       [
        9.96074,
        50.62958
       ],
       [
        9.94636,
        50.62775
       ],
       [
        9.87912,
        50.63449
       ],
       [
        9.87784,
        50.6439
       ],
       [
        9.8793,
        50.66849
       ],
       [
        9.89486,
        50.68383
       ],
       [
        9.91601,
        50.70052
       ],
       [
        9.934,
        50.72423
       ],
       [
        9.94211,
        50.73858
       ],
       [
        9.93857,
        50.75639
       ],
       [
        9.92581,
        50.76727
       ],
       [
        9.94674,
        50.77141
       ],
       [
        9.94988,
        50.7727
       ],
       [
        9.95246,
        50.7743
       ],
       [
        9.95463,
        50.78578
       ],
       [
        9.94522,
        50.79476
       ],
       [
        9.94507,
        50.8003
       ],
       [
        9.95045,
        50.8178
       ],
       [
        9.95235,
        50.82099
       ],
       [
        9.97179,
        50.83076
       ],
       [
        9.97604,
        50.83265
       ],
       [
        9.98808,
        50.82849
       ],
       [
        9.9969,
        50.82632
       ],
       [
        10.02356,
        50.83196
       ],
       [
        10.03795,
        50.84536
       ],
       [
        10.03881,
        50.85282
       ],
       [
        10.03582,
        50.85383
       ],
       [
        10.02733,
        50.85103
       ],
       [
        10.02377,
        50.84815
       ],
       [
        10.02146,
        50.84878
       ],
       [
        10.0188,
        50.85808
       ],
       [
        10.02418,
        50.86706
       ],
       [
        10.0394,
        50.87428
       ],
       [
        10.05867,
        50.88253
       ],
       [
        10.05834,
        50.89022
       ],
       [
        10.01437,
        50.92047
       ],
       [
        9.98779,
        50.93503
       ],
       [
        9.9666,
        50.93248
       ],
       [
        9.95797,
        50.92321
       ],
       [
        9.94965,
        50.92708
       ],
       [
        9.95452,
        50.93713
       ],
       [
        9.95974,
        50.9409
       ],
       [
        9.97211,
        50.94445
       ],
       [
        9.98474,
        50.94037
       ],
       [
        10.0,
        50.93691
       ],
       [
        10.01256,
        50.93525
       ],
       [
        10.04898,
        50.93936
       ],
       [
        10.05318,
        50.94021
       ],
       [
        10.0625,
        50.94447
       ],
       [
        10.06295,
        50.94522
       ],
       [
        10.06308,
        50.94593
       ],
       [
        10.05988,
        50.94906
       ],
       [
        10.04043,
        50.96829
       ],
       [
        10.02377,
        50.98514
       ],
       [
        10.02084,
        50.9946
       ],
       [
        10.03136,
        51.00916
       ],
       [
        10.03318,
        51.01071
       ],
       [
        10.03585,
        51.01194
       ],
       [
        10.03886,
        51.0127
       ],
       [
        10.05461,
        51.01306
       ],
       [
        10.07469,
        51.01175
       ],
       [
        10.10857,
        51.00694
       ],
       [
        10.12794,
        51.00306
       ],
       [
        10.12719,
        51.00244
       ],
       [
        10.12704,
        51.00154
       ],
       [
        10.12735,
        51.00063
       ],
       [
        10.12821,
        50.99996
       ],
       [
        10.13214,
        50.99722
       ],
       [
        10.1329,
        50.99682
       ],
       [
        10.13364,
        50.99646
       ],
       [
        10.1426,
        50.99416
       ],
       [
        10.14474,
        50.9939
       ],
       [
        10.146,
        50.9939
       ],
       [
        10.14785,
        50.99406
       ],
       [
        10.17972,
        50.99892
       ],
       [
        10.18276,
        50.9995
       ],
       [
        10.20647,
        51.00876
       ],
       [
        10.21548,
        51.02697
       ],
       [
        10.2078,
        51.03531
       ],
       [
        10.19639,
        51.04304
       ],
       [
        10.18596,
        51.04796
       ],
       [
        10.17023,
        51.05089
       ],
       [
        10.14895,
        51.05554
       ],
       [
        10.1422,
        51.05912
       ],
       [
        10.14614,
        51.08544
       ],
       [
        10.14745,
        51.08767
       ],
       [
        10.15766,
        51.0959
       ],
       [
        10.16072,
        51.0981
       ],
       [
        10.17218,
        51.10615
       ],
       [
        10.16024,
        51.11984
       ],
       [
        10.1459,
        51.12548
       ],
       [
        10.12154,
        51.13745
       ],
       [
        10.12031,
        51.13979
       ],
       [
        10.12894,
        51.14572
       ],
       [
        10.16927,
        51.15312
       ],
       [
        10.18274,
        51.1411
       ],
       [
        10.18571,
        51.13324
       ],
       [
        10.17768,
        51.12884
       ],
       [
        10.191,
        51.1171
       ],
       [
        10.19388,
        51.11531
       ],
       [
        10.19993,
        51.11286
       ],
       [
        10.21079,
        51.11889
       ],
       [
        10.21086,
        51.14172
       ],
       [
        10.20883,
        51.14304
       ],
       [
        10.20862,
        51.14319
       ],
       [
        10.20811,
        51.14355
       ],
       [
        10.20387,
        51.14749
       ],
       [
        10.20234,
        51.14908
       ],
       [
        10.20207,
        51.15164
       ],
       [
        10.20867,
        51.1646
       ],
       [
        10.22879,
        51.1735
       ],
       [
        10.23402,
        51.18111
       ],
       [
        10.22993,
        51.18707
       ],
       [
        10.21073,
        51.19024
       ],
       [
        10.18117,
        51.20733
       ],
       [
        10.17398,
        51.20957
       ],
       [
        10.16459,
        51.21197
       ],
       [
        10.11036,
        51.22005
       ],
       [
        10.07645,
        51.22449
       ],
       [
        10.07206,
        51.22518
       ],
       [
        10.06789,
        51.22734
       ],
       [
        10.05898,
        51.26975
       ],
       [
        10.05987,
        51.27625
       ],
       [
        10.0536,
        51.27962
       ],
       [
        10.04154,
        51.28001
       ],
       [
        9.98422,
        51.28384
       ],
       [
        9.97179,
        51.28562
       ],
       [
        9.92993,
        51.3408
       ],
       [
        9.92465,
        51.35359
       ],
       [
        9.92422,
        51.37117
       ],
       [
        9.92842,
        51.37566
       ],
       [
        9.94283,
        51.37845
       ],
       [
        9.98753,
        51.39838
       ],
       [
        10.00125,
        51.40463
       ],
       [
        10.03341,
        51.42117
       ],
       [
        10.04303,
        51.42809
       ],
       [
        10.07933,
        51.43461
       ],
       [
        10.09045,
        51.43604
       ],
       [
        10.10563,
        51.43384
       ],
       [
        10.14447,
        51.42976
       ],
       [
        10.1511,
        51.43034
       ],
       [
        10.1535,
        51.43184
       ],
       [
        10.17843,
        51.47076
       ],
       [
        10.18977,
        51.48088
       ],
       [
        10.20293,
        51.48693
       ],
       [
        10.20613,
        51.48723
       ],
       [
        10.21613,
        51.47872
       ],
       [
        10.21627,
        51.47854
       ],
       [
        10.23786,
        51.47787
       ],
       [
        10.29656,
        51.49373
       ],
       [
        10.30053,
        51.49515
       ],
       [
        10.34407,
        51.52042
       ],
       [
        10.36153,
        51.53632
       ],
       [
        10.36656,
        51.54147
       ],
       [
        10.37189,
        51.55372
       ],
       [
        10.36719,
        51.55515
       ],
       [
        10.37673,
        51.55995
       ],
       [
        10.37799,
        51.56118
       ],
       [
        10.37852,
        51.56263
       ],
       [
        10.37903,
        51.56594
       ],
       [
        10.37937,
        51.57053
       ],
       [
        10.37919,
        51.57727
       ],
       [
        10.37894,
        51.57854
       ],
       [
        10.37832,
        51.57969
       ],
       [
        10.37626,
        51.5819
       ],
       [
        10.38753,
        51.58635
       ],
       [
        10.42773,
        51.59217
       ],
       [
        10.43038,
        51.59217
       ],
       [
        10.44519,
        51.58864
       ],
       [
        10.44635,
        51.58808
       ],
       [
        10.49135,
        51.57428
       ],
       [
        10.50307,
        51.56208
       ],
       [
        10.5099,
        51.55618
       ],
       [
        10.51898,
        51.55365
       ],
       [
        10.56152,
        51.55668
       ],
       [
        10.58693,
        51.56639
       ],
       [
        10.59847,
        51.57529
       ],
       [
        10.62933,
        51.56732
       ],
       [
        10.63323,
        51.56354
       ],
       [
        10.63639,
        51.56214
       ],
       [
        10.6523,
        51.56094
       ],
       [
        10.65789,
        51.56632
       ],
       [
        10.66584,
        51.57571
       ],
       [
        10.66519,
        51.57785
       ],
       [
        10.64751,
        51.58331
       ],
       [
        10.63834,
        51.58457
       ],
       [
        10.63272,
        51.5967
       ],
       [
        10.63302,
        51.6022
       ],
       [
        10.63825,
        51.61899
       ],
       [
        10.64094,
        51.62243
       ],
       [
        10.66057,
        51.62633
       ],
       [
        10.67041,
        51.62898
       ],
       [
        10.67717,
        51.63151
       ],
       [
        10.67558,
        51.63816
       ],
       [
        10.70089,
        51.64161
       ],
       [
        10.72113,
        51.64429
       ],
       [
        10.762,
        51.64907
       ],
       [
        10.78877,
        51.64175
       ],
       [
        10.81457,
        51.6413
       ],
       [
        10.81568,
        51.64127
       ],
       [
        10.81662,
        51.64119
       ],
       [
        10.81751,
        51.64102
       ],
       [
        10.85972,
        51.63189
       ],
       [
        10.86061,
        51.6316
       ],
       [
        10.86161,
        51.63108
       ],
       [
        10.86498,
        51.62927
       ]
      ]
     ]
    ]
   }
  }
 ]
}
